; generated by PrusaSlicer 2.9.5 on 2026-05-21 at 23:55:02 UTC

; 

; external perimeters extrusion width = 0.63mm
; perimeters extrusion width = 0.66mm
; infill extrusion width = 0.66mm
; solid infill extrusion width = 0.66mm
; top infill extrusion width = 0.60mm
; first layer extrusion width = 0.63mm

M201 X2000 Y2000 Z100 E5000 ; sets maximum accelerations, mm/sec^2
M203 X500 Y500 Z10 E60 ; sets maximum feedrates, mm / sec
M204 S1500 T1000 ; sets acceleration (S) and retract acceleration (R), mm/sec^2
M205 X8.00 Y8.00 Z0.40 E5.00 ; sets the jerk limits, mm/sec
M205 S0 T0 ; sets the minimum extruding and travel feed rate, mm/sec

; printing object Nozzle_Deckel.stl id:0 copy 0
; stop printing object Nozzle_Deckel.stl id:0 copy 0

;TYPE:Custom
G90 ; use absolute coordinates
M83 ; extruder relative mode
M104 S150 ; set temporary nozzle temp to prevent oozing during homing
M140 S65 ; set final bed temp
G4 S30 ; allow partial nozzle warmup
G28 ; home all axis
G1 Z50 F240
G1 X2.0 Y10 F3000
M104 S220 ; set final nozzle temp
M190 S65 ; wait for bed temp to stabilize
M109 S220 ; wait for nozzle temp to stabilize
G1 Z0.28 F240
G92 E0
G1 X2.0 Y140 E10 F1500 ; prime the nozzle
G1 X2.3 Y140 F5000
G92 E0
G1 X2.3 Y10 E10 F1200 ; prime the nozzle
G92 E0
G21 ; set units to millimeters
G90 ; use absolute coordinates
M83 ; use relative distances for extrusion
; Filament gcode
M107
;LAYER_CHANGE
;Z:0.3
;HEIGHT:0.3
G1 E-.8 F1800
G1 Z.3 F12000
G1 X57.682 Y48.468
G1 E.8 F1800
M204 S500
;TYPE:Skirt/Brim
;WIDTH:0.63
G1 F1200
G1 X58.189 Y47.879 E.05483
G1 X59.088 Y47.223 E.07851
G1 X59.7 Y46.948 E.04733
G1 X60.328 Y46.79 E.04568
G1 X61.048 Y46.721 E.05103
G1 X162.252 Y46.727 E7.13966
G1 X162.952 Y46.824 E.04985
G1 X163.832 Y47.129 E.0657
G1 X164.524 Y47.543 E.05689
G1 X165.306 Y48.313 E.07742
G1 X165.756 Y49.019 E.05906
G1 X166.09 Y49.99 E.07244
G1 X166.187 Y50.833 E.05986
G1 X166.187 Y156.879 E7.48125
G1 X166.09 Y157.722 E.05986
G1 X165.86 Y158.459 E.05447
G1 X165.422 Y159.244 E.06342
G1 X164.915 Y159.833 E.05483
G1 X164.016 Y160.489 E.07851
G1 X163.38 Y160.772 E.04911
G1 X162.406 Y160.973 E.07016
G1 X161.039 Y160.992 E.09645
G1 X61.048 Y160.991 E7.05408
G1 X60.328 Y160.922 E.05103
G1 X59.7 Y160.764 E.04568
G1 X59.088 Y160.489 E.04733
G1 X58.296 Y159.933 E.06827
G1 X57.682 Y159.244 E.06511
G1 X57.19 Y158.323 E.07366
G1 X56.932 Y157.185 E.08232
G1 X56.916 Y155.866 E.09306
G1 X56.917 Y50.833 E7.40978
G1 X57.014 Y49.99 E.05986
G1 X57.244 Y49.253 E.05447
G1 X57.638 Y48.547 E.05704
;WIPE_START
G1 F9600
G1 X57.682 Y48.468 E-.01611
G1 X58.189 Y47.879 E-.13843
G1 X59.088 Y47.223 E-.19823
G1 X59.7 Y46.948 E-.11951
G1 X60.328 Y46.79 E-.11535
G1 X61.048 Y46.721 E-.12884
G1 X61.517 Y46.721 E-.08353
;WIPE_END
; printing object Nozzle_Deckel.stl id:0 copy 0
G1 X111.552 Y156.398 F12000
G1 E.8 F1800
;TYPE:Perimeter
;WIDTH:0.63
G1 F1200
G1 X61.51 Y156.398 E3.53032
G1 X61.51 Y51.314 E7.41337
G1 X161.594 Y51.314 E7.06064
G1 X161.594 Y156.398 E7.41337
G1 X111.642 Y156.398 E3.52397
G1 X111.552 Y156.963 F12000
;TYPE:External perimeter
G1 F1200
G1 X61.025 Y156.963 E3.56453
G1 X60.944 Y156.828 E.01111
G1 X60.944 Y50.823 E7.47835
G1 X61.068 Y50.748 E.01022
G1 X161.964 Y50.748 E7.11792
G1 X162.106 Y50.777 E.01022
G1 X162.16 Y50.944 E.01238
G1 X162.16 Y156.889 E7.47411
G1 X162.036 Y156.963 E.01019
G1 X111.642 Y156.963 E3.55515
;WIPE_START
G1 F9600
G1 X111.552 Y156.963 E-.01603
G1 X107.151 Y156.963 E-.78397
;WIPE_END
G1 X61.691 Y155.07 F12000
G1 E.8 F1800
;TYPE:Solid infill
;WIDTH:0.631613
G1 F1200
G1 X62.583 Y155.962 E.08925
G1 X63.385 Y155.962 E.05674
G1 X61.945 Y154.522 E.14408
G1 X61.945 Y153.72 E.05674
G1 X64.188 Y155.962 E.22437
G1 X64.99 Y155.962 E.05674
G1 X61.945 Y152.918 E.30461
G1 X61.945 Y152.116 E.05674
G1 X65.792 Y155.962 E.38485
G1 X66.594 Y155.962 E.05674
G1 X61.945 Y151.314 E.4651
G1 X61.945 Y150.511 E.05681
G1 X67.396 Y155.962 E.54539
G1 X68.198 Y155.962 E.05674
G1 X61.945 Y149.709 E.62563
G1 X61.945 Y148.907 E.05674
G1 X69.001 Y155.962 E.70593
G1 X69.803 Y155.962 E.05674
G1 X61.945 Y148.105 E.78617
G1 X61.945 Y147.303 E.05674
G1 X70.605 Y155.962 E.86641
G1 X71.407 Y155.962 E.05674
G1 X61.945 Y146.5 E.9467
G1 X61.945 Y145.698 E.05674
G1 X72.209 Y155.962 E1.02695
G1 X73.012 Y155.962 E.05681
G1 X61.945 Y144.896 E1.10724
G1 X61.945 Y144.094 E.05674
G1 X73.814 Y155.962 E1.18748
G1 X74.616 Y155.962 E.05674
G1 X61.945 Y143.292 E1.26772
G1 X61.945 Y142.49 E.05674
G1 X75.418 Y155.962 E1.34797
G1 X76.22 Y155.962 E.05674
G1 X61.945 Y141.687 E1.42826
G1 X61.945 Y140.885 E.05674
G1 X77.023 Y155.962 E1.50855
G1 X77.825 Y155.962 E.05674
G1 X61.945 Y140.083 E1.58879
G1 X61.945 Y139.281 E.05674
G1 X78.627 Y155.962 E1.66904
G1 X79.429 Y155.962 E.05674
G1 X61.945 Y138.479 E1.74928
G1 X61.945 Y137.676 E.05681
G1 X80.231 Y155.962 E1.82957
G1 X81.033 Y155.962 E.05674
G1 X61.945 Y136.874 E1.90982
G1 X61.945 Y136.072 E.05674
G1 X81.836 Y155.962 E1.99011
G1 X82.638 Y155.962 E.05674
G1 X61.945 Y135.27 E2.07035
G1 X61.945 Y134.468 E.05674
G1 X83.44 Y155.962 E2.15059
G1 X84.242 Y155.962 E.05674
G1 X61.945 Y133.665 E2.23089
G1 X61.945 Y132.863 E.05674
G1 X85.044 Y155.962 E2.31113
G1 X85.847 Y155.962 E.05681
G1 X61.945 Y132.061 E2.39142
G1 X61.945 Y131.259 E.05674
G1 X86.649 Y155.962 E2.47166
G1 X87.451 Y155.962 E.05674
G1 X61.945 Y130.457 E2.55191
G1 X61.945 Y129.655 E.05674
G1 X88.253 Y155.962 E2.63215
G1 X89.055 Y155.962 E.05674
G1 X61.945 Y128.852 E2.71244
G1 X61.945 Y128.05 E.05674
G1 X89.858 Y155.962 E2.79274
G1 X90.66 Y155.962 E.05674
G1 X61.945 Y127.248 E2.87298
G1 X61.945 Y126.446 E.05674
G1 X91.462 Y155.962 E2.95322
G1 X92.264 Y155.962 E.05674
G1 X61.945 Y125.644 E3.03346
G1 X61.945 Y124.841 E.05681
G1 X93.066 Y155.962 E3.11376
G1 X93.868 Y155.962 E.05674
G1 X61.945 Y124.039 E3.194
G1 X61.945 Y123.237 E.05674
G1 X94.671 Y155.962 E3.27429
G1 X95.473 Y155.962 E.05674
G1 X61.945 Y122.435 E3.35453
G1 X61.945 Y121.633 E.05674
G1 X96.275 Y155.962 E3.43478
G1 X97.077 Y155.962 E.05674
G1 X61.945 Y120.83 E3.51507
G1 X61.945 Y120.028 E.05674
G1 X97.879 Y155.962 E3.59531
G1 X98.682 Y155.962 E.05681
G1 X61.945 Y119.226 E3.6756
G1 X61.945 Y118.424 E.05674
G1 X99.484 Y155.962 E3.75585
G1 X100.286 Y155.962 E.05674
G1 X61.945 Y117.622 E3.83609
G1 X61.945 Y116.82 E.05674
G1 X101.088 Y155.962 E3.91633
G1 X101.89 Y155.962 E.05674
G1 X61.945 Y116.017 E3.99663
G1 X61.945 Y115.215 E.05674
G1 X102.693 Y155.962 E4.07692
G1 X103.495 Y155.962 E.05674
G1 X61.945 Y114.413 E4.15716
G1 X61.945 Y113.611 E.05674
G1 X104.297 Y155.962 E4.2374
G1 X105.099 Y155.962 E.05674
G1 X61.945 Y112.809 E4.31765
G1 X61.945 Y112.006 E.05681
G1 X105.901 Y155.962 E4.39794
G1 X106.703 Y155.962 E.05674
G1 X61.945 Y111.204 E4.47818
G1 X61.945 Y110.402 E.05674
G1 X107.506 Y155.962 E4.55847
G1 X108.308 Y155.962 E.05674
G1 X61.945 Y109.6 E4.63872
G1 X61.945 Y108.798 E.05674
G1 X109.11 Y155.962 E4.71896
G1 X109.912 Y155.962 E.05674
G1 X61.945 Y107.995 E4.79925
G1 X61.945 Y107.193 E.05674
G1 X110.714 Y155.962 E4.87949
G1 X111.517 Y155.962 E.05681
G1 X61.945 Y106.391 E4.95979
G1 X61.945 Y105.589 E.05674
G1 X112.319 Y155.962 E5.04003
G1 X113.121 Y155.962 E.05674
G1 X61.945 Y104.787 E5.12027
G1 X61.945 Y103.985 E.05674
G1 X113.923 Y155.962 E5.20052
G1 X114.725 Y155.962 E.05674
G1 X61.945 Y103.182 E5.28081
G1 X61.945 Y102.38 E.05674
G1 X115.527 Y155.962 E5.36105
G1 X116.33 Y155.962 E.05681
G1 X61.945 Y101.578 E5.44134
G1 X61.945 Y100.776 E.05674
G1 X117.132 Y155.962 E5.52159
G1 X117.934 Y155.962 E.05674
G1 X61.945 Y99.974 E5.60183
G1 X61.945 Y99.171 E.05681
G1 X118.736 Y155.962 E5.68212
G1 X119.538 Y155.962 E.05674
G1 X61.945 Y98.369 E5.76236
G1 X61.945 Y97.567 E.05674
G1 X120.341 Y155.962 E5.84266
G1 X121.143 Y155.962 E.05674
G1 X61.945 Y96.765 E5.9229
G1 X61.945 Y95.963 E.05674
G1 X121.945 Y155.962 E6.00314
G1 X122.747 Y155.962 E.05674
G1 X61.945 Y95.16 E6.08344
G1 X61.945 Y94.358 E.05674
G1 X123.549 Y155.962 E6.16368
G1 X124.352 Y155.962 E.05681
G1 X61.945 Y93.556 E6.24397
G1 X61.945 Y92.754 E.05674
G1 X125.154 Y155.962 E6.32421
G1 X125.956 Y155.962 E.05674
G1 X61.945 Y91.952 E6.40446
G1 X61.945 Y91.15 E.05674
G1 X126.758 Y155.962 E6.4847
G1 X127.56 Y155.962 E.05674
G1 X61.945 Y90.347 E6.56499
G1 X61.945 Y89.545 E.05674
G1 X128.362 Y155.962 E6.64523
G1 X129.165 Y155.962 E.05681
G1 X61.945 Y88.743 E6.72553
G1 X61.945 Y87.941 E.05674
G1 X129.967 Y155.962 E6.80577
G1 X130.769 Y155.962 E.05674
G1 X61.945 Y87.139 E6.88601
G1 X61.945 Y86.336 E.05681
G1 X131.571 Y155.962 E6.9663
G1 X132.373 Y155.962 E.05674
G1 X61.945 Y85.534 E7.04655
G1 X61.945 Y84.732 E.05674
G1 X133.176 Y155.962 E7.12684
G1 X133.978 Y155.962 E.05674
G1 X61.945 Y83.93 E7.20708
G1 X61.945 Y83.128 E.05674
G1 X134.78 Y155.962 E7.28733
G1 X135.582 Y155.962 E.05674
G1 X61.945 Y82.325 E7.36762
G1 X61.945 Y81.523 E.05674
G1 X136.384 Y155.962 E7.44786
G1 X137.187 Y155.962 E.05681
G1 X61.945 Y80.721 E7.52815
G1 X61.945 Y79.919 E.05674
G1 X137.989 Y155.962 E7.6084
G1 X138.791 Y155.962 E.05674
G1 X61.945 Y79.117 E7.68864
G1 X61.945 Y78.315 E.05674
G1 X139.593 Y155.962 E7.76888
G1 X140.395 Y155.962 E.05674
G1 X61.945 Y77.512 E7.84917
G1 X61.945 Y76.71 E.05674
G1 X141.197 Y155.962 E7.92942
G1 X142 Y155.962 E.05681
G1 X61.945 Y75.908 E8.00971
G1 X61.945 Y75.106 E.05674
G1 X142.802 Y155.962 E8.08995
G1 X143.604 Y155.962 E.05674
G1 X61.945 Y74.304 E8.17019
G1 X61.945 Y73.501 E.05681
G1 X144.406 Y155.962 E8.25049
G1 X145.208 Y155.962 E.05674
G1 X61.945 Y72.699 E8.33073
G1 X61.945 Y71.897 E.05674
G1 X146.011 Y155.962 E8.41102
G1 X146.813 Y155.962 E.05674
G1 X61.945 Y71.095 E8.49127
G1 X61.945 Y70.293 E.05674
G1 X147.615 Y155.962 E8.57151
G1 X148.417 Y155.962 E.05674
G1 X61.945 Y69.49 E8.6518
G1 X61.945 Y68.688 E.05674
G1 X149.219 Y155.962 E8.73204
G1 X150.022 Y155.962 E.05681
G1 X61.945 Y67.886 E8.81234
G1 X61.945 Y67.084 E.05674
G1 X150.824 Y155.962 E8.89258
G1 X151.626 Y155.962 E.05674
G1 X61.945 Y66.282 E8.97282
G1 X61.945 Y65.48 E.05674
G1 X152.428 Y155.962 E9.05306
G1 X153.23 Y155.962 E.05674
G1 X61.945 Y64.677 E9.13336
G1 X61.945 Y63.875 E.05674
G1 X154.032 Y155.962 E9.2136
G1 X154.835 Y155.962 E.05681
G1 X61.945 Y63.073 E9.29389
G1 X61.945 Y62.271 E.05674
G1 X155.637 Y155.962 E9.37414
G1 X156.439 Y155.962 E.05674
G1 X61.945 Y61.469 E9.45438
G1 X61.945 Y60.666 E.05681
G1 X157.241 Y155.962 E9.53467
G1 X158.043 Y155.962 E.05674
G1 X61.945 Y59.864 E9.61491
G1 X61.945 Y59.062 E.05674
G1 X158.846 Y155.962 E9.69521
G1 X159.648 Y155.962 E.05674
G1 X61.945 Y58.26 E9.77545
G1 X61.945 Y57.458 E.05674
G1 X160.45 Y155.962 E9.85569
G1 X161.159 Y155.962 E.05016
G1 X161.159 Y155.869 E.00658
G1 X61.945 Y56.655 E9.92668
G1 X61.945 Y55.853 E.05674
G1 X161.159 Y155.067 E9.92668
G1 X161.159 Y154.265 E.05674
G1 X61.945 Y55.051 E9.92668
G1 X61.945 Y54.249 E.05674
G1 X161.159 Y153.462 E9.92663
G1 X161.159 Y152.66 E.05674
G1 X61.945 Y53.447 E9.92663
G1 X61.945 Y52.645 E.05674
G1 X161.159 Y151.858 E9.92663
G1 X161.159 Y151.056 E.05674
G1 X61.945 Y51.842 E9.92668
G1 X61.945 Y51.749 E.00658
G1 X62.655 Y51.749 E.05023
G1 X161.159 Y150.254 E9.85569
G1 X161.159 Y149.452 E.05674
G1 X63.457 Y51.749 E9.77545
G1 X64.259 Y51.749 E.05674
G1 X161.159 Y148.649 E9.69516
G1 X161.159 Y147.847 E.05674
G1 X65.061 Y51.749 E9.61491
G1 X65.863 Y51.749 E.05674
G1 X161.159 Y147.045 E9.53467
G1 X161.159 Y146.243 E.05674
G1 X66.665 Y51.749 E9.45443
G1 X67.468 Y51.749 E.05681
G1 X161.159 Y145.441 E9.37414
G1 X161.159 Y144.638 E.05681
G1 X68.27 Y51.749 E9.29384
G1 X69.072 Y51.749 E.05674
G1 X161.159 Y143.836 E9.2136
G1 X161.159 Y143.034 E.05674
G1 X69.874 Y51.749 E9.13336
G1 X70.676 Y51.749 E.05674
G1 X161.159 Y142.232 E9.05311
G1 X161.159 Y141.43 E.05674
G1 X71.479 Y51.749 E8.97282
G1 X72.281 Y51.749 E.05674
G1 X161.159 Y140.627 E8.89253
G1 X161.159 Y139.825 E.05674
G1 X73.083 Y51.749 E8.81229
G1 X73.885 Y51.749 E.05674
G1 X161.159 Y139.023 E8.73204
G1 X161.159 Y138.221 E.05674
G1 X74.687 Y51.749 E8.6518
G1 X75.489 Y51.749 E.05674
G1 X161.159 Y137.419 E8.57156
G1 X161.159 Y136.617 E.05674
G1 X76.292 Y51.749 E8.49127
G1 X77.094 Y51.749 E.05674
G1 X161.159 Y135.814 E8.41097
G1 X161.159 Y135.012 E.05674
G1 X77.896 Y51.749 E8.33073
G1 X78.698 Y51.749 E.05674
G1 X161.159 Y134.21 E8.25049
G1 X161.159 Y133.408 E.05674
G1 X79.5 Y51.749 E8.17024
G1 X80.303 Y51.749 E.05681
G1 X161.159 Y132.606 E8.08995
G1 X161.159 Y131.803 E.05681
G1 X81.105 Y51.749 E8.00966
G1 X81.907 Y51.749 E.05674
G1 X161.159 Y131.001 E7.92942
G1 X161.159 Y130.199 E.05674
G1 X82.709 Y51.749 E7.84917
G1 X83.511 Y51.749 E.05674
G1 X161.159 Y129.397 E7.76893
G1 X161.159 Y128.595 E.05674
G1 X84.314 Y51.749 E7.68864
G1 X85.116 Y51.749 E.05674
G1 X161.159 Y127.792 E7.60835
G1 X161.159 Y126.99 E.05674
G1 X85.918 Y51.749 E7.5281
G1 X86.72 Y51.749 E.05674
G1 X161.159 Y126.188 E7.44786
G1 X161.159 Y125.386 E.05674
G1 X87.522 Y51.749 E7.36762
G1 X88.324 Y51.749 E.05674
G1 X161.159 Y124.584 E7.28738
G1 X161.159 Y123.782 E.05674
G1 X89.127 Y51.749 E7.20708
G1 X89.929 Y51.749 E.05674
G1 X161.159 Y122.979 E7.12679
G1 X161.159 Y122.177 E.05674
G1 X90.731 Y51.749 E7.04655
G1 X91.533 Y51.749 E.05674
G1 X161.159 Y121.375 E6.9663
G1 X161.159 Y120.573 E.05674
G1 X92.335 Y51.749 E6.88606
G1 X93.138 Y51.749 E.05681
G1 X161.159 Y119.771 E6.80577
G1 X161.159 Y118.968 E.05681
G1 X93.94 Y51.749 E6.72548
G1 X94.742 Y51.749 E.05674
G1 X161.159 Y118.166 E6.64523
G1 X161.159 Y117.364 E.05674
G1 X95.544 Y51.749 E6.56499
G1 X96.346 Y51.749 E.05674
G1 X161.159 Y116.562 E6.48475
G1 X161.159 Y115.76 E.05674
G1 X97.148 Y51.749 E6.40451
G1 X97.951 Y51.749 E.05681
G1 X161.159 Y114.957 E6.32416
G1 X161.159 Y114.155 E.05674
G1 X98.753 Y51.749 E6.24392
G1 X99.555 Y51.749 E.05674
G1 X161.159 Y113.353 E6.16368
G1 X161.159 Y112.551 E.05674
G1 X100.357 Y51.749 E6.08344
G1 X101.159 Y51.749 E.05674
G1 X161.159 Y111.749 E6.00319
G1 X161.159 Y110.947 E.05674
G1 X101.962 Y51.749 E5.9229
G1 X102.764 Y51.749 E.05674
G1 X161.159 Y110.144 E5.84261
G1 X161.159 Y109.342 E.05674
G1 X103.566 Y51.749 E5.76236
G1 X104.368 Y51.749 E.05674
G1 X161.159 Y108.54 E5.68212
G1 X161.159 Y107.738 E.05674
G1 X105.17 Y51.749 E5.60188
G1 X105.973 Y51.749 E.05681
G1 X161.159 Y106.936 E5.52159
G1 X161.159 Y106.133 E.05681
G1 X106.775 Y51.749 E5.44129
G1 X107.577 Y51.749 E.05674
G1 X161.159 Y105.331 E5.36105
G1 X161.159 Y104.529 E.05674
G1 X108.379 Y51.749 E5.28081
G1 X109.181 Y51.749 E.05674
G1 X161.159 Y103.727 E5.20057
G1 X161.159 Y102.925 E.05674
G1 X109.983 Y51.749 E5.12032
G1 X110.786 Y51.749 E.05681
G1 X161.159 Y102.122 E5.03998
G1 X161.159 Y101.32 E.05674
G1 X111.588 Y51.749 E4.95974
G1 X112.39 Y51.749 E.05674
G1 X161.159 Y100.518 E4.87949
G1 X161.159 Y99.716 E.05674
G1 X113.192 Y51.749 E4.79925
G1 X113.994 Y51.749 E.05674
G1 X161.159 Y98.914 E4.71901
G1 X161.159 Y98.112 E.05674
G1 X114.797 Y51.749 E4.63872
G1 X115.599 Y51.749 E.05674
G1 X161.159 Y97.309 E4.55842
G1 X161.159 Y96.507 E.05674
G1 X116.401 Y51.749 E4.47818
G1 X117.203 Y51.749 E.05674
G1 X161.159 Y95.705 E4.39794
G1 X161.159 Y94.903 E.05674
G1 X118.005 Y51.749 E4.3177
G1 X118.807 Y51.749 E.05674
G1 X161.159 Y94.101 E4.23745
G1 X161.159 Y93.298 E.05681
G1 X119.61 Y51.749 E4.15711
G1 X120.412 Y51.749 E.05674
G1 X161.159 Y92.496 E4.07687
G1 X161.159 Y91.694 E.05674
G1 X121.214 Y51.749 E3.99663
G1 X122.016 Y51.749 E.05674
G1 X161.159 Y90.892 E3.91638
G1 X161.159 Y90.09 E.05674
G1 X122.818 Y51.749 E3.83614
G1 X123.621 Y51.749 E.05681
G1 X161.159 Y89.287 E3.7558
G1 X161.159 Y88.485 E.05674
G1 X124.423 Y51.749 E3.67555
G1 X125.225 Y51.749 E.05674
G1 X161.159 Y87.683 E3.59531
G1 X161.159 Y86.881 E.05674
G1 X126.027 Y51.749 E3.51507
G1 X126.829 Y51.749 E.05674
G1 X161.159 Y86.079 E3.43483
G1 X161.159 Y85.277 E.05674
G1 X127.632 Y51.749 E3.35453
G1 X128.434 Y51.749 E.05674
G1 X161.159 Y84.474 E3.27424
G1 X161.159 Y83.672 E.05674
G1 X129.236 Y51.749 E3.194
G1 X130.038 Y51.749 E.05674
G1 X161.159 Y82.87 E3.11376
G1 X161.159 Y82.068 E.05674
G1 X130.84 Y51.749 E3.03351
G1 X131.642 Y51.749 E.05674
G1 X161.159 Y81.266 E2.95327
G1 X161.159 Y80.463 E.05681
G1 X132.445 Y51.749 E2.87293
G1 X133.247 Y51.749 E.05674
G1 X161.159 Y79.661 E2.79269
G1 X161.159 Y78.859 E.05674
G1 X134.049 Y51.749 E2.71244
G1 X134.851 Y51.749 E.05674
G1 X161.159 Y78.057 E2.6322
G1 X161.159 Y77.255 E.05674
G1 X135.653 Y51.749 E2.55196
G1 X136.456 Y51.749 E.05681
G1 X161.159 Y76.452 E2.47161
G1 X161.159 Y75.65 E.05674
G1 X137.258 Y51.749 E2.39137
G1 X138.06 Y51.749 E.05674
G1 X161.159 Y74.848 E2.31113
G1 X161.159 Y74.046 E.05674
G1 X138.862 Y51.749 E2.23089
G1 X139.664 Y51.749 E.05674
G1 X161.159 Y73.244 E2.15064
G1 X161.159 Y72.442 E.05674
G1 X140.466 Y51.749 E2.0704
G1 X141.269 Y51.749 E.05681
G1 X161.159 Y71.639 E1.99006
G1 X161.159 Y70.837 E.05674
G1 X142.071 Y51.749 E1.90982
G1 X142.873 Y51.749 E.05674
G1 X161.159 Y70.035 E1.82957
G1 X161.159 Y69.233 E.05674
G1 X143.675 Y51.749 E1.74933
G1 X144.477 Y51.749 E.05674
G1 X161.159 Y68.431 E1.66909
G1 X161.159 Y67.628 E.05681
G1 X145.28 Y51.749 E1.58874
G1 X146.082 Y51.749 E.05674
G1 X161.159 Y66.826 E1.5085
G1 X161.159 Y66.024 E.05674
G1 X146.884 Y51.749 E1.42826
G1 X147.686 Y51.749 E.05674
G1 X161.159 Y65.222 E1.34802
G1 X161.159 Y64.42 E.05674
G1 X148.488 Y51.749 E1.26777
G1 X149.291 Y51.749 E.05681
G1 X161.159 Y63.617 E1.18743
G1 X161.159 Y62.815 E.05674
G1 X150.093 Y51.749 E1.10719
G1 X150.895 Y51.749 E.05674
G1 X161.159 Y62.013 E1.02695
G1 X161.159 Y61.211 E.05674
G1 X151.697 Y51.749 E.9467
G1 X152.499 Y51.749 E.05674
G1 X161.159 Y60.409 E.86646
G1 X161.159 Y59.607 E.05674
G1 X153.301 Y51.749 E.78622
G1 X154.104 Y51.749 E.05681
G1 X161.159 Y58.804 E.70588
G1 X161.159 Y58.002 E.05674
G1 X154.906 Y51.749 E.62563
G1 X155.708 Y51.749 E.05674
G1 X161.159 Y57.2 E.54539
G1 X161.159 Y56.398 E.05674
G1 X156.51 Y51.749 E.46515
G1 X157.312 Y51.749 E.05674
G1 X161.159 Y55.596 E.3849
G1 X161.159 Y54.793 E.05681
G1 X158.115 Y51.749 E.30456
G1 X158.917 Y51.749 E.05674
G1 X161.159 Y53.991 E.22432
G1 X161.159 Y53.189 E.05674
G1 X159.719 Y51.749 E.14408
G1 X160.521 Y51.749 E.05674
G1 X161.413 Y52.641 E.08925
M106 S255
;LAYER_CHANGE
;Z:0.66
;HEIGHT:0.36
;BEFORE_LAYER_CHANGE
G92 E0
;0.66


;WIPE_START
G1 F9600
G1 X160.521 Y51.749 E-.2247
G1 X159.719 Y51.749 E-.14286
G1 X161.159 Y53.189 E-.36275
G1 X161.159 Y53.58 E-.06969
;WIPE_END
G1 Z.66 F12000
;AFTER_LAYER_CHANGE
;0.66
M140 S60 ; set bed temperature
; stop printing object Nozzle_Deckel.stl id:0 copy 0
G1 X166.187 Y52.641
G1 E.8 F1800
;TYPE:Skirt/Brim
;WIDTH:0.63
G1 F4522.895
G1 X166.187 Y156.879 E8.62355
G1 X166.09 Y157.722 E.0702
G1 X165.86 Y158.459 E.06387
G1 X165.422 Y159.244 E.07437
G1 X164.915 Y159.833 E.06429
G1 X164.016 Y160.489 E.09207
G1 X163.38 Y160.772 E.05759
G1 X162.406 Y160.973 E.08228
G1 X161.039 Y160.992 E.1131
G1 X61.048 Y160.991 E8.2722
G1 X60.328 Y160.922 E.05984
G1 X59.7 Y160.764 E.05357
G1 X59.088 Y160.489 E.05551
G1 X58.296 Y159.933 E.08006
G1 X57.682 Y159.244 E.07635
G1 X57.19 Y158.323 E.08638
G1 X56.932 Y157.185 E.09654
G1 X56.916 Y155.866 E.10913
G1 X56.917 Y50.833 E8.68932
G1 X57.014 Y49.99 E.0702
G1 X57.244 Y49.253 E.06387
G1 X57.682 Y48.468 E.07437
G1 X58.189 Y47.879 E.06429
G1 X59.088 Y47.223 E.09207
G1 X59.7 Y46.948 E.05551
G1 X60.328 Y46.79 E.05357
G1 X61.048 Y46.721 E.05984
G1 X162.252 Y46.727 E8.37255
G1 X162.952 Y46.824 E.05846
G1 X163.832 Y47.129 E.07705
G1 X164.524 Y47.543 E.06671
G1 X165.306 Y48.313 E.09079
G1 X165.756 Y49.019 E.06926
G1 X166.09 Y49.99 E.08495
G1 X166.187 Y50.833 E.0702
G1 X166.187 Y52.551 E.14213
;WIPE_START
G1 F9600
G1 X166.187 Y52.641 E-.01603
G1 X166.187 Y57.042 E-.78397
;WIPE_END
; printing object Nozzle_Deckel.stl id:0 copy 0
G1 X131.552 Y156.826 F12000
G1 E.8 F1800
;TYPE:Perimeter
;WIDTH:0.66
G1 F4290.056
G1 X62.069 Y156.826 E6.06027
G1 X61.083 Y156.802 E.08602
G1 X61.082 Y51.854 E9.15351
G1 X61.086 Y50.932 E.08042
G1 X61.128 Y50.887 E.00537
G1 X162.021 Y50.887 E8.79984
G1 X162.021 Y156.759 E9.2341
G1 X161.977 Y156.825 E.00692
G1 X131.642 Y156.826 E2.6458
G1 X131.552 Y157.393 Z.3 F12000
;TYPE:External perimeter
;WIDTH:0.63
G1 F3600
G1 X130.552 Y157.393 Z.318 E.00414
G1 X129.552 Y157.393 Z.336 E.00827
G1 X128.552 Y157.393 Z.354 E.01241
G1 X127.552 Y157.393 Z.372 E.01655
G1 X126.552 Y157.393 Z.39 E.02068
G1 X125.552 Y157.393 Z.408 E.02482
G1 X124.552 Y157.393 Z.426 E.02895
G1 X123.552 Y157.393 Z.444 E.03309
G1 X122.552 Y157.393 Z.462 E.03723
G1 X121.552 Y157.393 Z.48 E.04136
G1 X120.552 Y157.393 Z.498 E.0455
G1 X119.552 Y157.393 Z.516 E.04964
G1 X118.552 Y157.393 Z.534 E.05377
G1 X117.552 Y157.393 Z.552 E.05791
G1 X116.552 Y157.393 Z.57 E.06205
G1 X115.552 Y157.393 Z.588 E.06618
G1 X114.552 Y157.393 Z.606 E.07032
G1 X113.552 Y157.393 Z.624 E.07446
G1 X112.552 Y157.394 Z.642 E.07859
G1 X111.552 Y157.394 Z.66 E.08273
G1 X62.067 Y157.394 E4.09386
G1 X60.96 Y157.378 E.09159
G1 X60.662 Y157.21 E.0283
G1 X60.594 Y157.092 E.01127
G1 X60.515 Y156.849 E.02114
G1 X60.514 Y51.854 E8.68617
G1 X60.519 Y50.827 E.08496
G1 X60.614 Y50.562 E.02329
G1 X60.882 Y50.353 E.02812
G1 X61.079 Y50.319 E.01654
G1 X161.972 Y50.319 E8.34682
G1 X162.222 Y50.353 E.02087
G1 X162.443 Y50.502 E.02205
G1 X162.564 Y50.713 E.02012
G1 X162.589 Y50.911 E.01651
G1 X162.589 Y156.837 E8.76319
G1 X162.488 Y157.154 E.02752
G1 X162.222 Y157.359 E.02778
G1 X162.025 Y157.393 E.01654
G1 X131.552 Y157.393 E2.52101
G1 X130.552 Y157.393 E.07859
G1 X129.552 Y157.393 E.07446
G1 X128.552 Y157.393 E.07032
G1 X127.552 Y157.393 E.06618
G1 X126.552 Y157.393 E.06205
G1 X125.552 Y157.393 E.05791
G1 X124.552 Y157.393 E.05377
G1 X123.552 Y157.393 E.04964
G1 X122.552 Y157.393 E.0455
G1 X121.552 Y157.393 E.04137
G1 X120.552 Y157.393 E.03723
G1 X119.552 Y157.393 E.03309
G1 X118.552 Y157.393 E.02896
G1 X117.552 Y157.393 E.02482
G1 X116.552 Y157.393 E.02068
G1 X115.552 Y157.393 E.01655
G1 X114.552 Y157.393 E.01241
G1 X113.552 Y157.393 E.00827
G1 X112.552 Y157.394 E.00414
G1 X111.642 Y157.394 E.07528
;WIPE_START
G1 F9600
G1 X111.552 Y157.394 E-.01603
G1 X107.151 Y157.394 E-.78397
;WIPE_END
G1 X109.641 Y121.025 F12000
G1 E.8 F1800
;TYPE:Top solid infill
;WIDTH:0.603349
G1 X104.448 Y115.833 E.57822
G1 X104.821 Y115.846 E.02939
G1 X105.194 Y115.834 E.02939
G1 X109.49 Y120.13 E.47838
G1 X109.449 Y119.815 E.02501
G1 X109.341 Y119.496 E.02652
G1 X109.252 Y119.326 E.01511
G1 X108.887 Y118.783 E.05152
G1 X105.874 Y115.77 E.33552
G1 X106.062 Y115.781 E.01483
G1 X106.405 Y115.842 E.02743
G1 X106.654 Y115.928 E.02074
G1 X106.888 Y116.067 E.02143
G1 X107.013 Y116.165 E.01251
G1 X108.226 Y117.378 E.13507
;WIPE_START
G1 F9600
G1 X107.013 Y116.165 E-.30556
G1 X106.888 Y116.067 E-.02829
G1 X106.654 Y115.928 E-.04848
G1 X106.405 Y115.842 E-.04692
G1 X106.062 Y115.781 E-.06206
G1 X105.874 Y115.77 E-.03354
G1 X106.966 Y116.862 E-.27515
;WIPE_END
G1 X107.481 Y109.193 F12000
G1 E.8 F1800
G1 X104.027 Y105.739 E.38462
G1 X103.419 Y104.795 E.08841
G1 X102.878 Y103.846 E.08601
G1 X108.737 Y109.705 E.65243
G1 X109.603 Y110.243 E.08028
G1 X109.929 Y110.426 E.02944
G1 X110.46 Y110.684 E.04649
G1 X102.149 Y102.373 E.92548
G1 X101.613 Y101.093 E.10927
G1 X111.569 Y111.049 E1.10866
G1 X112.04 Y111.14 E.03777
G1 X112.459 Y111.195 E.03328
G1 X101.194 Y99.93 E1.25442
G1 X100.859 Y98.851 E.08896
G1 X113.259 Y111.251 E1.38081
G1 X114.021 Y111.269 E.06002
G1 X100.598 Y97.846 E1.49473
G1 X100.392 Y96.896 E.07654
G1 X114.759 Y111.263 E1.59985
G1 X115.474 Y111.234 E.05635
G1 X100.246 Y96.006 E1.69573
G1 X100.158 Y95.174 E.06588
G1 X116.384 Y111.4 E1.80686
;WIPE_START
G1 F9600
G1 X113.208 Y108.224 E-.8
;WIPE_END
G1 X120.473 Y110.281 F12000
G1 E.8 F1800
G1 X110.521 Y100.329 E1.10821
G1 X110.943 Y101.495 E.09764
G1 X119.891 Y110.443 E.99641
G1 X119.628 Y110.57 E.023
G1 X119.35 Y110.646 E.02269
G1 X111.365 Y102.661 E.88918
G1 X111.787 Y103.827 E.09764
G1 X118.749 Y110.789 E.77526
G1 X118.13 Y110.914 E.04972
G1 X112.209 Y104.993 E.65934
G1 X112.461 Y105.69 E.05836
G1 X112.171 Y105.699 E.02285
G1 X117.493 Y111.021 E.59264
G1 X116.839 Y111.111 E.05198
G1 X111.44 Y105.712 E.60121
G1 X111.128 Y105.663 E.02487
G1 X110.93 Y105.587 E.0167
G1 X110.747 Y105.472 E.01702
G1 X110.543 Y105.292 E.02142
G1 X110.309 Y105.022 E.02813
G1 X110.047 Y104.659 E.03525
G1 X109.478 Y103.75 E.08444
G1 X100.14 Y94.412 E1.03984
G1 X100.184 Y93.712 E.05523
G1 X108.622 Y102.15 E.93962
G1 X108.335 Y101.515 E.05487
G1 X108.064 Y100.848 E.05669
G1 X100.287 Y93.07 E.86607
G1 X100.444 Y92.484 E.04777
G1 X107.656 Y99.696 E.8031
G1 X107.362 Y98.658 E.08495
G1 X100.664 Y91.96 E.74586
G1 X100.945 Y91.496 E.04271
G1 X107.125 Y97.677 E.68824
G1 X107.019 Y97.237 E.03564
G1 X108.215 Y98.023 E.11269
G1 X94.731 Y84.539 E1.50152
G1 X95.34 Y84.404 E.04912
G1 X120.645 Y109.709 E2.81786
G1 X120.79 Y109.423 E.02525
G1 X120.849 Y109.169 E.02053
G1 X95.974 Y84.294 E2.76998
G1 X96.641 Y84.217 E.05287
G1 X120.752 Y108.328 E2.6849
G1 X120.636 Y108.007 E.02688
G1 X120.425 Y107.675 E.03097
G1 X119.295 Y106.472 E.12996
G1 X119.098 Y105.93 E.04541
G1 X97.337 Y84.169 E2.42322
G1 X98.066 Y84.154 E.05741
G1 X118.674 Y104.762 E2.29482
G1 X118.258 Y103.601 E.09711
G1 X98.828 Y84.172 E2.16359
G1 X99.633 Y84.233 E.06357
G1 X105.064 Y89.664 E.60477
G1 X105.161 Y89.017 E.05151
G1 X100.5 Y84.356 E.51903
G1 X101.462 Y84.573 E.07765
G1 X105.258 Y88.37 E.42276
G1 X105.355 Y87.722 E.05159
G1 X102.564 Y84.931 E.31079
G1 X103.244 Y85.21 E.05788
G1 X103.895 Y85.518 E.05671
G1 X105.605 Y87.229 E.19047
;WIPE_START
G1 F9600
G1 X103.895 Y85.518 E-.43089
G1 X103.244 Y85.21 E-.12828
G1 X102.564 Y84.931 E-.13092
G1 X103 Y85.367 E-.10991
;WIPE_END
G1 X106.552 Y91.151 F12000
G1 E.8 F1800
G1 X117.848 Y102.448 E1.25793
G1 X117.447 Y101.303 E.09553
G1 X108.486 Y92.342 E.99786
G1 X108.659 Y91.771 E.04698
G1 X117.061 Y100.173 E.93561
G1 X116.679 Y99.046 E.0937
G1 X108.918 Y91.285 E.86423
G1 X109.081 Y91.077 E.02081
G1 X109.267 Y90.891 E.02071
G1 X117.527 Y99.151 E.9198
G1 X117.964 Y99.419 E.04037
G1 X118.133 Y99.499 E.01472
G1 X118.417 Y99.584 E.02334
G1 X118.602 Y99.614 E.01476
G1 X118.739 Y99.619 E.01079
G1 X109.706 Y90.586 E1.00588
G1 X109.94 Y90.477 E.02033
G1 X110.244 Y90.38 E.02513
G1 X119.423 Y99.559 E1.02214
G1 X119.747 Y99.442 E.02712
G1 X119.932 Y99.324 E.01728
G1 X110.912 Y90.303 E1.00449
G1 X111.326 Y90.345 E.03277
G1 X111.835 Y90.483 E.04153
G1 X120.286 Y98.934 E.94107
G1 X120.535 Y98.439 E.04363
G1 X113.21 Y91.114 E.81568
G1 X113.792 Y91.434 E.0523
G1 X114.962 Y92.121 E.10683
G1 X120.661 Y97.821 E.63467
G1 X120.64 Y97.304 E.04074
G1 X120.844 Y97.259 E.01645
G1 X116.955 Y93.371 E.43301
G1 X119.125 Y94.796 E.20442
G1 X134.146 Y109.818 E1.67273
G1 X135.103 Y110.35 E.08622
G1 X135.73 Y110.658 E.05501
G1 X120.255 Y95.183 E1.72323
G1 X120.553 Y94.945 E.03003
G1 X120.426 Y94.61 E.02821
G1 X136.923 Y111.107 E1.83704
G1 X137.336 Y111.205 E.03342
G1 X137.825 Y111.265 E.03879
G1 X119.972 Y93.411 E1.98809
G1 X119.729 Y92.76 E.05471
G1 X119.674 Y92.37 E.03101
G1 X138.534 Y111.229 E2.10012
G1 X138.862 Y111.156 E.02646
G1 X139.113 Y111.064 E.02105
G1 X119.764 Y91.715 E2.15463
G1 X119.783 Y91.628 E.00701
G1 X119.865 Y91.404 E.01878
G1 X119.981 Y91.189 E.01924
G1 X129.14 Y100.347 E1.01985
G1 X128.701 Y99.164 E.09936
G1 X120.342 Y90.806 E.93077
G1 X120.608 Y90.655 E.02408
G1 X120.847 Y90.567 E.02005
G1 X128.262 Y97.981 E.82565
G1 X127.823 Y96.798 E.09936
G1 X121.477 Y90.453 E.70661
G1 X121.775 Y90.47 E.0235
G1 X121.944 Y90.502 E.01354
G1 X122.451 Y90.683 E.04239
G1 X127.384 Y95.615 E.54926
G1 X126.945 Y94.433 E.09928
G1 X123.632 Y91.119 E.36898
G1 X124.812 Y91.555 E.09905
G1 X126.905 Y93.649 E.23312
;WIPE_START
G1 F9600
G1 X124.812 Y91.555 E-.52737
G1 X123.632 Y91.119 E-.22408
G1 X123.825 Y91.312 E-.04855
;WIPE_END
G1 X131.263 Y102.47 F12000
G1 E.8 F1800
G1 X139.595 Y110.803 E.92787
G1 X139.817 Y110.623 E.0225
G1 X139.986 Y110.45 E.01904
G1 X131.818 Y102.282 E.90956
G1 X131.386 Y101.106 E.09865
G1 X140.288 Y110.008 E.99129
G1 X140.401 Y109.758 E.0216
G1 X140.49 Y109.466 E.02404
G1 X130.944 Y99.92 E1.063
G1 X130.512 Y98.744 E.09865
G1 X140.55 Y108.782 E1.11779
G1 X140.495 Y108.31 E.03742
G1 X140.362 Y107.849 E.03778
G1 X130.084 Y97.572 E1.14446
G1 X129.671 Y96.414 E.09681
G1 X139.906 Y106.65 E1.13978
G1 X139.419 Y105.419 E.10424
G1 X129.307 Y95.306 E1.12609
G1 X129.18 Y94.84 E.03803
G1 X129.077 Y94.332 E.04081
G1 X138.928 Y104.183 E1.09697
G1 X138.433 Y102.945 E.10498
G1 X129.001 Y93.513 E1.05031
G1 X129.006 Y93.255 E.02032
G1 X129.052 Y92.82 E.03444
G1 X137.938 Y101.706 E.98951
G1 X137.45 Y100.473 E.10441
G1 X129.188 Y92.211 E.92002
G1 X129.29 Y91.897 E.026
G1 X129.382 Y91.662 E.01987
G1 X136.984 Y99.264 E.84653
G1 X136.58 Y98.201 E.08954
G1 X136.763 Y98.299 E.01635
G1 X129.614 Y91.15 E.79608
G1 X129.777 Y90.909 E.02291
G1 X129.942 Y90.734 E.01894
G1 X138.351 Y99.143 E.93639
G1 X139.058 Y99.511 E.06276
G1 X139.25 Y99.571 E.01584
G1 X139.576 Y99.624 E.02601
G1 X130.356 Y90.403 E1.02676
G1 X130.604 Y90.283 E.02169
G1 X130.912 Y90.216 E.02482
G1 X140.26 Y99.564 E1.04095
G1 X140.471 Y99.504 E.01727
G1 X140.793 Y99.352 E.02804
G1 X131.699 Y90.259 E1.01261
G1 X131.917 Y90.328 E.018
G1 X133.032 Y90.848 E.09687
G1 X141.174 Y98.99 E.90666
G1 X141.33 Y98.728 E.02401
G1 X141.419 Y98.49 E.02001
G1 X134.596 Y91.668 E.75973
G1 X136.349 Y92.677 E.15926
G1 X141.548 Y97.875 E.57888
G1 X141.537 Y97.573 E.0238
G1 X141.503 Y97.374 E.0159
G1 X141.346 Y96.929 E.03716
G1 X138.297 Y93.88 E.33952
G1 X140.411 Y95.277 E.19952
G1 X140.596 Y95.435 E.01916
G1 X141.307 Y96.146 E.07917
;WIPE_START
G1 F9600
G1 X140.596 Y95.435 E-.17911
G1 X140.411 Y95.277 E-.04334
G1 X138.297 Y93.88 E-.45135
G1 X138.798 Y94.381 E-.1262
;WIPE_END
G1 X142.146 Y106.18 F12000
G1 E.8 F1800
;WIDTH:0.60772
G1 X143.51 Y107.544 E.15315
G1 X145.379 Y108.663 E.17295
G1 X142.29 Y105.573 E.34689
G1 X142.184 Y104.884 E.05535
G1 X142.175 Y104.708 E.01399
G1 X147.125 Y109.658 E.55579
G1 X148.699 Y110.481 E.14102
G1 X142.302 Y104.085 E.71821
G1 X142.447 Y103.748 E.02913
G1 X142.546 Y103.579 E.01555
G1 X150.354 Y111.387 E.87669
;WIPE_START
G1 F9600
G1 X147.178 Y108.211 E-.8
;WIPE_END
G1 X154.738 Y112.769 F12000
G1 E.8 F1800
G1 X156.8 Y114.832 E.23158
;WIPE_START
G1 F9600
G1 X154.738 Y112.769 E-.51956
;WIPE_END
G1 E-.28044 F1800
G1 X150.393 Y118.177 F12000
G1 E.8 F1800
G1 X149.395 Y117.179 E.11206
G1 X149.18 Y116.91 E.02734
G1 X149.053 Y116.688 E.02031
G1 X148.987 Y116.514 E.01478
G1 X148.933 Y116.264 E.02031
G1 X148.907 Y115.941 E.02573
G1 X152.088 Y119.122 E.35717
G1 X152.886 Y119.677 E.07717
G1 X153.252 Y119.818 E.03114
G1 X153.594 Y119.878 E.02757
G1 X149.004 Y115.287 E.51543
G1 X149.165 Y114.699 E.0484
G1 X154.309 Y119.843 E.57757
G1 X154.544 Y119.742 E.02031
G1 X154.796 Y119.579 E.02383
G1 X149.364 Y114.148 E.60985
G1 X149.592 Y113.625 E.0453
G1 X155.177 Y119.21 E.62709
G1 X155.38 Y118.912 E.02863
G1 X155.461 Y118.744 E.01481
G1 X149.842 Y113.125 E.63091
G1 X150.106 Y112.639 E.04391
G1 X155.634 Y118.167 E.62069
G1 X155.803 Y117.585 E.04812
G1 X150.373 Y112.155 E.60969
G1 X150.713 Y111.746 E.04223
G1 X156.008 Y117.041 E.59453
G1 X156.25 Y116.532 E.04475
G1 X142.906 Y103.188 E1.49828
G1 X143.115 Y103.066 E.01921
G1 X143.423 Y102.955 E.02599
G1 X156.492 Y116.024 E1.4674
G1 X156.577 Y115.713 E.0256
G1 X156.613 Y115.395 E.02541
G1 X144.108 Y102.89 E1.40408
G1 X144.838 Y102.902 E.05797
G1 X144.819 Y102.85 E.0044
G1 X152.589 Y110.621 E.87248
G1 X152.719 Y110.485 E.01494
G1 X152.923 Y110.205 E.0275
G1 X144.357 Y101.639 E.9618
G1 X143.906 Y100.438 E.10185
G1 X153.151 Y109.682 E1.03798
G1 X153.217 Y109.379 E.02462
G1 X153.241 Y109.022 E.02841
G1 X143.453 Y99.234 E1.09901
G1 X142.96 Y97.991 E.10617
G1 X153.11 Y108.141 E1.13965
G1 X152.778 Y107.059 E.08986
G1 X142.512 Y96.793 E1.15268
G1 X142.16 Y95.69 E.09192
G1 X152.37 Y105.901 E1.14645
G1 X151.943 Y104.723 E.09948
G1 X141.93 Y94.711 E1.12421
G1 X141.806 Y93.836 E.07016
G1 X151.513 Y103.544 E1.08997
G1 X151.084 Y102.364 E.09969
G1 X141.803 Y93.083 E1.04208
G1 X141.848 Y92.711 E.02975
G1 X141.906 Y92.436 E.02231
G1 X150.654 Y101.184 E.98223
G1 X150.222 Y100.001 E.09999
G1 X142.101 Y91.881 E.91178
G1 X142.305 Y91.511 E.03355
G1 X142.378 Y91.407 E.01009
G1 X149.784 Y98.813 E.83155
G1 X149.438 Y97.874 E.07945
G1 X149.778 Y98.057 E.03066
G1 X142.73 Y91.01 E.7913
G1 X142.76 Y90.982 E.00326
G1 X143.163 Y90.692 E.03942
G1 X151.428 Y98.957 E.928
G1 X151.812 Y99.165 E.03467
G1 X152.211 Y99.276 E.03288
G1 X152.516 Y99.295 E.02426
G1 X143.683 Y90.462 E.99178
G1 X144.033 Y90.38 E.02854
G1 X144.321 Y90.35 E.02299
G1 X153.181 Y99.21 E.99481
G1 X153.465 Y99.098 E.02424
G1 X153.684 Y98.962 E.02047
G1 X145.125 Y90.404 E.96096
G1 X145.728 Y90.558 E.04941
G1 X146.214 Y90.742 E.04126
G1 X154.03 Y98.558 E.87759
G1 X154.142 Y98.342 E.01932
G1 X154.251 Y98.03 E.02624
G1 X147.753 Y91.531 E.72966
G1 X149.61 Y92.638 E.17165
G1 X154.352 Y97.38 E.53244
G1 X154.324 Y97.139 E.01926
G1 X154.142 Y96.419 E.05896
G1 X151.541 Y93.819 E.29199
G1 X153.26 Y94.828 E.15825
G1 X153.479 Y95.007 E.02246
G1 X154.208 Y95.736 E.08185
;WIPE_START
G1 F9600
G1 X153.479 Y95.007 E-.18364
G1 X153.26 Y94.828 E-.05038
G1 X151.541 Y93.819 E-.35505
G1 X152.378 Y94.656 E-.21093
;WIPE_END
G1 X133.028 Y109.444 F12000
G1 E.8 F1800
;WIDTH:0.603349
G1 X121.919 Y98.335 E1.23705
G1 X122.396 Y99.556 E.10322
G1 X132.113 Y109.273 E1.08205
G1 X132.023 Y109.683 E.03305
G1 X131.957 Y109.861 E.01495
G1 X122.853 Y100.757 E1.01378
G1 X123.292 Y101.939 E.09928
G1 X131.691 Y110.339 E.93533
G1 X131.545 Y110.523 E.0185
G1 X131.335 Y110.726 E.023
G1 X123.707 Y103.099 E.84937
G1 X123.841 Y103.478 E.03165
G1 X123.254 Y103.389 E.04675
G1 X130.889 Y111.025 E.85026
G1 X130.654 Y111.127 E.02017
G1 X130.34 Y111.22 E.02579
G1 X122.477 Y103.357 E.87559
G1 X122.117 Y103.422 E.0288
G1 X121.878 Y103.502 E.01985
G1 X129.632 Y111.256 E.86345
G1 X129.247 Y111.182 E.03087
G1 X128.587 Y110.955 E.05496
G1 X121.42 Y103.788 E.79809
G1 X121.268 Y103.964 E.01831
G1 X121.112 Y104.224 E.02387
G1 X127.25 Y110.362 E.6835
G1 X125.799 Y109.655 E.12709
G1 X120.936 Y104.792 E.54152
G1 X120.887 Y105.094 E.02409
G1 X120.917 Y105.517 E.03339
G1 X124.261 Y108.861 E.37237
G1 X122.651 Y107.995 E.14395
G1 X120.913 Y106.256 E.19359
;WIPE_START
G1 F9600
G1 X122.651 Y107.995 E-.43794
G1 X124.261 Y108.861 E-.32564
G1 X124.116 Y108.716 E-.03642
;WIPE_END
G1 X107.892 Y98.475 F12000
G1 E.8 F1800
;TYPE:Solid infill
;WIDTH:0.66
G1 F4290.056
G1 X109.709 Y99.71 E.19162
G1 X111.681 Y105.16 E.50551
G1 X111.225 Y105.106 E.04005
G1 X110.975 Y104.93 E.02667
G1 X110.612 Y104.502 E.04895
G1 X109.842 Y103.283 E.12576
G1 X109.223 Y102.128 E.11429
G1 X108.655 Y100.843 E.12254
G1 X108.431 Y100.254 E.05496
G1 X108.112 Y99.289 E.08865
G1 X107.968 Y98.757 E.04807
;WIPE_START
G1 F9600
G1 X108.112 Y99.289 E-.09817
G1 X108.431 Y100.254 E-.18104
G1 X108.655 Y100.843 E-.11225
G1 X109.223 Y102.128 E-.25025
G1 X109.642 Y102.912 E-.15829
;WIPE_END
G1 X109.133 Y100.154 F12000
G1 E.8 F1800
;WIDTH:0.879333
G1 F3116.912
G1 X109.356 Y100.732 E.07437
;WIDTH:0.854274
G1 F3217.433
G1 X109.579 Y101.31 E.07205
;WIDTH:0.829215
G1 F3324.654
G1 X109.692 Y101.584 E.03336
;WIDTH:0.803006
G1 F3444.717
G1 X109.805 Y101.857 E.03209
;WIDTH:0.776797
G1 F3573.777
G1 X109.949 Y102.188 E.03779
;WIDTH:0.730074
G1 F3829.557
G1 X110.093 Y102.519 E.03527
;WIDTH:0.683351
G1 F4124.772
G1 X110.207 Y102.766 E.02468
;WIDTH:0.638434
G1 F4454.922
G1 X110.321 Y103.014 E.02293
;WIPE_START
G1 F9600
G1 X110.207 Y102.766 E-.04862
G1 X110.093 Y102.519 E-.04846
G1 X109.949 Y102.188 E-.0643
G1 X109.805 Y101.857 E-.0643
G1 X109.692 Y101.584 E-.05263
G1 X109.579 Y101.31 E-.05279
G1 X109.356 Y100.732 E-.11035
G1 X109.133 Y100.154 E-.11035
;WIPE_END
G1 E-.2482 F1800
G1 X98.54 Y89.092 F12000
G1 E.8 F1800
;TYPE:Top solid infill
;WIDTH:0.603349
G1 X94.148 Y84.7 E.48908
G1 X93.592 Y84.888 E.04621
G1 X97.643 Y88.939 E.4511
G1 X97.378 Y89.022 E.02187
G1 X97.1 Y89.14 E.02378
G1 X93.059 Y85.099 E.44999
G1 X92.548 Y85.332 E.04422
G1 X96.631 Y89.415 E.45467
G1 X96.215 Y89.743 E.04171
G1 X92.059 Y85.587 E.4628
G1 X91.59 Y85.862 E.04281
G1 X95.838 Y90.11 E.47304
G1 X95.493 Y90.508 E.04147
G1 X91.142 Y86.158 E.48445
G1 X90.791 Y86.412 E.03412
G1 X90.714 Y86.474 E.00778
G1 X95.174 Y90.934 E.49665
G1 X94.878 Y91.382 E.04228
G1 X90.303 Y86.807 E.50945
G1 X89.911 Y87.159 E.04148
G1 X94.601 Y91.849 E.52226
G1 X94.343 Y92.335 E.04333
G1 X89.536 Y87.528 E.53529
G1 X89.417 Y87.649 E.01336
G1 X89.177 Y87.913 E.02809
G1 X94.1 Y92.836 E.54821
G1 X93.972 Y93.106 E.02353
G1 X94.151 Y93.631 E.04368
G1 X88.834 Y88.314 E.59208
G1 X88.508 Y88.732 E.04174
G1 X94.537 Y94.761 E.67136
G1 X94.924 Y95.892 E.09412
G1 X88.196 Y89.164 E.7492
G1 X87.9 Y89.612 E.04228
G1 X95.31 Y97.022 E.82515
G1 X95.696 Y98.152 E.09402
G1 X87.619 Y90.075 E.89942
G1 X87.351 Y90.551 E.04301
G1 X96.082 Y99.282 E.97225
G1 X96.469 Y100.413 E.09412
G1 X87.098 Y91.042 E1.04352
G1 X86.857 Y91.545 E.04392
G1 X96.855 Y101.543 E1.11334
G1 X97.278 Y102.71 E.09774
G1 X86.63 Y92.062 E1.18572
G1 X86.415 Y92.591 E.04496
G1 X97.716 Y103.892 E1.25843
G1 X98.166 Y105.086 E.10047
G1 X86.21 Y93.13 E1.33137
G1 X86.014 Y93.678 E.04583
G1 X98.623 Y106.287 E1.40409
G1 X99.099 Y107.507 E.10312
G1 X85.827 Y94.235 E1.47792
G1 X85.649 Y94.801 E.04672
G1 X99.603 Y108.755 E1.55386
G1 X100.147 Y110.043 E.11009
G1 X85.481 Y95.377 E1.63315
G1 X85.322 Y95.962 E.04773
G1 X100.761 Y111.401 E1.71922
G1 X101.502 Y112.886 E.13068
G1 X92.188 Y103.572 E1.03717
G1 X92.585 Y104.713 E.09513
G1 X109.203 Y121.331 E1.85051
G1 X109.034 Y121.52 E.01996
G1 X108.818 Y121.69 E.02164
G1 X92.985 Y105.857 E1.7631
G1 X93.394 Y107.01 E.09633
G1 X108.353 Y121.969 E1.66577
G1 X108.094 Y122.055 E.02149
G1 X107.741 Y122.102 E.02804
G1 X93.815 Y108.175 E1.5508
G1 X94.253 Y109.357 E.09926
G1 X107.051 Y122.155 E1.42513
G1 X106.323 Y122.171 E.05734
G1 X94.717 Y110.565 E1.2924
G1 X95.228 Y111.82 E.1067
G1 X105.497 Y122.09 E1.14357
G1 X105.035 Y121.992 E.03719
G1 X104.494 Y121.831 E.04444
G1 X95.819 Y113.155 E.96607
G1 X96.246 Y114.028 E.07652
G1 X96.596 Y114.676 E.05799
G1 X103.162 Y121.242 E.73116
G1 X102.34 Y120.748 E.07551
G1 X101.85 Y120.41 E.04687
G1 X101.378 Y120.055 E.0465
G1 X100.49 Y119.313 E.09112
G1 X97.078 Y115.903 E.37984
;WIPE_START
G1 F9600
G1 X100.254 Y119.078 E-.8
;WIPE_END
G1 X89.673 Y112.217 F12000
G1 E.8 F1800
G1 X76.639 Y99.184 E1.45136
G1 X76.958 Y99.76 E.05185
G1 X77.463 Y100.751 E.08758
G1 X89.369 Y112.658 E1.32586
G1 X89.273 Y113.305 E.0515
G1 X78.124 Y102.157 E1.24145
G1 X78.708 Y103.484 E.11416
G1 X89.177 Y113.953 E1.16578
G1 X89.08 Y114.6 E.05151
G1 X79.246 Y104.766 E1.09507
G1 X79.748 Y106.012 E.10577
G1 X88.984 Y115.248 E1.02848
G1 X88.887 Y115.896 E.05159
G1 X80.228 Y107.236 E.96429
G1 X80.689 Y108.441 E.10159
G1 X88.791 Y116.543 E.90221
G1 X88.695 Y117.191 E.05158
G1 X81.136 Y109.632 E.84174
G1 X81.571 Y110.811 E.09895
G1 X88.527 Y117.767 E.77459
G1 X88.423 Y117.953 E.01678
G1 X88.224 Y118.208 E.02547
G1 X81.396 Y111.38 E.76034
G1 X80.642 Y111.371 E.05937
G1 X87.843 Y118.571 E.80182
G1 X87.586 Y118.722 E.02347
G1 X87.326 Y118.798 E.02133
G1 X79.86 Y111.332 E.83138
G1 X79.581 Y111.308 E.02205
G1 X78.996 Y111.212 E.04668
G1 X86.562 Y118.778 E.84252
G1 X86.244 Y118.706 E.02567
G1 X85.933 Y118.564 E.02692
G1 X85.786 Y118.466 E.01391
G1 X84.778 Y117.638 E.10271
G1 X84.684 Y117.644 E.00742
G1 X70.812 Y103.772 E1.54473
G1 X70.992 Y103.208 E.04662
G1 X76.808 Y109.024 E.64765
G1 X76.816 Y108.691 E.02623
G1 X76.863 Y108.336 E.0282
G1 X71.199 Y102.671 E.63078
G1 X71.343 Y102.446 E.02103
G1 X71.521 Y102.249 E.02091
G1 X77 Y107.728 E.61012
G1 X77.166 Y107.15 E.04735
G1 X71.923 Y101.907 E.58384
G1 X72.191 Y101.767 E.02381
G1 X72.462 Y101.702 E.02194
G1 X77.346 Y106.586 E.54386
G1 X77.535 Y106.032 E.04609
G1 X73.239 Y101.736 E.47838
G1 X73.543 Y101.829 E.02503
G1 X73.694 Y101.897 E.01304
G1 X74.905 Y102.657 E.11258
G1 X77.638 Y105.39 E.30434
G1 X77.628 Y105.117 E.02151
G1 X77.574 Y104.844 E.02191
G1 X77.506 Y104.665 E.01508
G1 X77.395 Y104.465 E.01801
G1 X77.194 Y104.202 E.02606
G1 X76.163 Y103.172 E.11475
;WIPE_START
G1 F9600
G1 X77.194 Y104.202 E-.25959
G1 X77.395 Y104.465 E-.05896
G1 X77.506 Y104.665 E-.04074
G1 X77.574 Y104.844 E-.03411
G1 X77.628 Y105.117 E-.04957
G1 X77.638 Y105.39 E-.04866
G1 X76.414 Y104.166 E-.30837
;WIPE_END
G1 X81.105 Y96.953 F12000
G1 E.8 F1800
G1 X76.458 Y92.306 E.51747
G1 X75.702 Y91.837 E.07005
G1 X75.199 Y91.572 E.04477
G1 X74.802 Y91.394 E.03426
G1 X81.647 Y98.239 E.76223
G1 X82.009 Y98.857 E.0564
G1 X82.58 Y99.916 E.09474
G1 X73.684 Y91.02 E.99062
G1 X72.758 Y90.838 E.07431
G1 X90.059 Y108.139 E1.92657
G1 X89.96 Y108.784 E.05138
G1 X71.929 Y90.753 E2.00786
G1 X71.151 Y90.719 E.06132
G1 X89.861 Y109.429 E2.08347
G1 X89.762 Y110.074 E.05138
G1 X70.407 Y90.72 E2.15524
G1 X69.695 Y90.752 E.05612
G1 X89.663 Y110.719 E2.2235
G1 X89.564 Y111.365 E.05146
G1 X69 Y90.8 E2.28998
G1 X68.311 Y90.855 E.05442
G1 X74.634 Y97.179 E.70416
G1 X74.292 Y97.126 E.02725
G1 X73.805 Y97.094 E.03843
G1 X67.766 Y91.054 E.67253
G1 X67.33 Y91.362 E.04203
G1 X73.058 Y97.09 E.63785
G1 X72.343 Y97.119 E.05635
G1 X66.988 Y91.764 E.59631
G1 X66.875 Y91.999 E.02053
G1 X66.807 Y92.328 E.02645
G1 X71.657 Y97.177 E.54002
G1 X70.98 Y97.244 E.05357
G1 X66.867 Y93.131 E.45801
G1 X67.009 Y93.512 E.03202
G1 X67.135 Y93.723 E.01935
G1 X68.992 Y96 E.23136
G1 X70.421 Y97.429 E.15913
;WIPE_START
G1 F9600
G1 X68.992 Y96 E-.35997
G1 X67.431 Y94.085 E-.44003
;WIPE_END
G1 X84.047 Y101.383 F12000
G1 E.8 F1800
G1 X90.159 Y107.495 E.68061
G1 X90.261 Y106.854 E.05111
G1 X84.348 Y100.941 E.65845
G1 X84.447 Y100.295 E.05146
G1 X90.364 Y106.212 E.65889
G1 X90.469 Y105.573 E.05099
G1 X84.55 Y99.654 E.65912
G1 X84.659 Y99.02 E.05065
G1 X90.575 Y104.935 E.65873
G1 X90.682 Y104.298 E.05086
G1 X84.776 Y98.392 E.65767
G1 X84.9 Y97.772 E.04979
G1 X90.793 Y103.665 E.65622
G1 X90.905 Y103.033 E.05054
G1 X85.032 Y97.16 E.65399
G1 X85.172 Y96.557 E.04874
G1 X91.229 Y102.613 E.67443
;WIPE_START
G1 F9600
G1 X88.053 Y99.437 E-.8
;WIPE_END
G1 X84.207 Y117.912 F12000
G1 E.8 F1800
G1 X70.652 Y104.356 E1.50948
G1 X70.52 Y104.968 E.0493
G1 X83.258 Y117.706 E1.41845
G1 X82.506 Y117.698 E.05922
G1 X70.425 Y105.617 E1.34529
G1 X70.383 Y106.32 E.05545
G1 X81.719 Y117.656 E1.26233
G1 X80.881 Y117.562 E.0664
G1 X70.417 Y107.098 E1.16523
G1 X70.474 Y107.555 E.03626
G1 X70.561 Y107.985 E.03454
G1 X79.965 Y117.39 E1.04725
G1 X79.485 Y117.264 E.03908
G1 X78.906 Y117.074 E.04798
G1 X70.895 Y109.063 E.89207
G1 X71.246 Y109.866 E.06901
G1 X71.583 Y110.495 E.05619
G1 X77.542 Y116.455 E.66363
G1 X77.157 Y116.23 E.03511
G1 X76.478 Y115.781 E.0641
G1 X75.877 Y115.333 E.05902
G1 X75.297 Y114.863 E.05878
G1 X74.781 Y114.411 E.05401
G1 X74.306 Y113.962 E.05147
G1 X72.123 Y111.779 E.24309
;WIPE_START
G1 F9600
G1 X74.306 Y113.962 E-.54991
G1 X74.781 Y114.411 E-.11643
G1 X75.297 Y114.863 E-.12219
G1 X75.347 Y114.904 E-.01147
;WIPE_END
G1 X61.692 Y51.383 F12000
G1 E.8 F1800
;TYPE:Solid infill
;WIDTH:0.801393
G1 F3452.39
G1 X61.628 Y51.319 E.00981
G1 X61.54 Y51.342 E.00986
G1 X61.517 Y51.429 E.00975
G1 X61.581 Y51.493 E.00981
G1 X61.668 Y51.47 E.00975
;WIDTH:0.66
G1 F4290.056
G1 X62.599 Y51.335 E.08205
G1 X61.534 Y52.401 E.13143
G1 X61.534 Y53.225 E.07187
G1 X63.423 Y51.335 E.23306
G1 X64.247 Y51.335 E.07187
G1 X61.534 Y54.049 E.3347
G1 X61.534 Y54.873 E.07187
G1 X65.072 Y51.335 E.4364
G1 X65.896 Y51.335 E.07187
G1 X61.534 Y55.697 E.53804
G1 X61.534 Y56.522 E.07196
G1 X66.72 Y51.335 E.63974
G1 X67.544 Y51.335 E.07187
G1 X61.534 Y57.346 E.74138
G1 X61.534 Y58.17 E.07187
G1 X68.368 Y51.335 E.84302
G1 X69.192 Y51.335 E.07187
G1 X61.534 Y58.994 E.94465
G1 X61.533 Y59.818 E.07187
G1 X70.016 Y51.335 E1.04635
G1 X70.84 Y51.335 E.07187
G1 X61.533 Y60.642 E1.14799
G1 X61.533 Y61.466 E.07187
G1 X71.665 Y51.335 E1.24969
G1 X72.489 Y51.335 E.07187
G1 X61.533 Y62.291 E1.35139
G1 X61.533 Y63.115 E.07187
G1 X73.313 Y51.335 E1.45303
G1 X74.137 Y51.335 E.07187
G1 X61.533 Y63.939 E1.55467
G1 X61.533 Y64.763 E.07187
G1 X74.961 Y51.335 E1.6563
G1 X75.785 Y51.335 E.07187
G1 X61.533 Y65.587 E1.75794
G1 X61.533 Y66.411 E.07187
G1 X76.609 Y51.335 E1.85958
G1 X77.433 Y51.335 E.07187
G1 X61.533 Y67.235 E1.96122
G1 X61.533 Y68.059 E.07187
G1 X78.258 Y51.335 E2.06292
G1 X79.082 Y51.335 E.07187
G1 X61.533 Y68.884 E2.16462
G1 X61.533 Y69.708 E.07187
G1 X79.906 Y51.335 E2.26625
G1 X80.73 Y51.335 E.07187
G1 X61.533 Y70.532 E2.36789
G1 X61.533 Y71.356 E.07187
G1 X81.554 Y51.335 E2.46953
G1 X82.378 Y51.335 E.07187
G1 X61.533 Y72.18 E2.57117
G1 X61.533 Y73.004 E.07187
G1 X83.202 Y51.335 E2.67281
G1 X84.026 Y51.335 E.07187
G1 X61.533 Y73.828 E2.77444
G1 X61.533 Y74.653 E.07196
G1 X84.851 Y51.335 E2.87621
G1 X85.675 Y51.335 E.07187
G1 X61.533 Y75.477 E2.97784
G1 X61.533 Y76.301 E.07187
G1 X86.499 Y51.335 E3.07948
G1 X87.323 Y51.335 E.07187
G1 X61.533 Y77.125 E3.18112
G1 X61.533 Y77.949 E.07187
G1 X88.147 Y51.335 E3.28276
G1 X88.971 Y51.335 E.07187
G1 X61.533 Y78.773 E3.3844
G1 X61.533 Y79.597 E.07187
G1 X89.795 Y51.335 E3.48603
G1 X90.619 Y51.335 E.07187
G1 X61.533 Y80.422 E3.58773
G1 X61.533 Y81.246 E.07187
G1 X91.443 Y51.335 E3.68937
G1 X92.268 Y51.335 E.07196
G1 X61.533 Y82.07 E3.79107
G1 X61.533 Y82.894 E.07187
G1 X93.092 Y51.335 E3.89271
G1 X93.916 Y51.335 E.07187
G1 X61.533 Y83.718 E3.99435
G1 X61.533 Y84.542 E.07187
G1 X94.74 Y51.335 E4.09598
G1 X95.564 Y51.335 E.07187
G1 X61.533 Y85.366 E4.19762
G1 X61.533 Y86.191 E.07196
G1 X96.388 Y51.335 E4.29932
G1 X97.212 Y51.335 E.07187
G1 X61.533 Y87.015 E4.40096
G1 X61.533 Y87.839 E.07187
G1 X98.036 Y51.335 E4.5026
G1 X98.861 Y51.335 E.07196
G1 X61.533 Y88.663 E4.6043
G1 X61.533 Y89.487 E.07187
G1 X99.685 Y51.335 E4.70593
G1 X100.509 Y51.335 E.07187
G1 X61.533 Y90.311 E4.80757
G1 X61.533 Y91.135 E.07187
G1 X101.333 Y51.335 E4.90921
G1 X102.157 Y51.335 E.07187
G1 X61.533 Y91.96 E5.01091
G1 X61.533 Y92.784 E.07187
G1 X102.981 Y51.335 E5.11255
G1 X103.805 Y51.335 E.07187
G1 X61.533 Y93.608 E5.21419
G1 X61.533 Y94.432 E.07187
G1 X104.629 Y51.335 E5.31582
G1 X105.454 Y51.335 E.07196
G1 X61.533 Y95.256 E5.41752
;WIPE_START
G1 F9600
G1 X64.709 Y92.08 E-.8
;WIPE_END
G1 X61.424 Y96.476 F12000
G1 E.8 F1800
;WIDTH:0.587257
G1 F4901.961
G1 X61.379 Y96.431 E.00486
G1 X61.317 Y96.447 E.00489
G1 X61.3 Y96.509 E.00491
G1 X61.346 Y96.554 E.00491
G1 X61.407 Y96.537 E.00483
;WIDTH:0.623628
G1 F4575.641
G1 X61.47 Y96.309 E.01934
;WIDTH:0.66
G1 F4290.056
G1 X61.533 Y96.08 E.02072
G1 X106.278 Y51.335 E5.51916
G1 X107.102 Y51.335 E.07187
G1 X68.103 Y90.334 E4.81041
G1 X67.691 Y90.592 E.0424
;WIDTH:0.587257
G1 F4901.961
G1 X67.145 Y91.035 E.05367
G1 X66.765 Y91.424 E.04151
G1 X66.513 Y91.753 E.03163
;WIDTH:0.623628
G1 F4575.641
G1 X66.392 Y91.959 E.01954
;WIDTH:0.66
G1 F4290.056
G1 X66.272 Y92.165 E.02079
G1 X61.533 Y96.904 E.58454
G1 X61.431 Y97.039 E.01476
;WIDTH:0.623628
G1 F4575.641
G1 X61.329 Y97.173 E.01377
;WIDTH:0.587257
G1 F4901.961
G1 X61.268 Y97.19 E.00483
G1 X61.222 Y97.145 E.00491
G1 X61.239 Y97.083 E.00491
G1 X61.301 Y97.067 E.00489
G1 X61.346 Y97.112 E.00486
;WIDTH:0.66
G1 F4290.056
G1 X61.533 Y97.729 E.05623
G1 X66.284 Y92.978 E.58602
G1 X66.457 Y93.629 E.05875
G1 X61.533 Y98.553 E.60736
G1 X61.533 Y99.377 E.07187
G1 X66.765 Y94.144 E.64541
G1 X67.135 Y94.598 E.05108
G1 X61.533 Y100.201 E.69105
G1 X61.533 Y101.025 E.07187
G1 X67.505 Y95.052 E.73669
G1 X67.876 Y95.506 E.05114
G1 X61.533 Y101.849 E.78239
G1 X61.533 Y102.673 E.07187
G1 X68.246 Y95.96 E.82803
G1 X68.616 Y96.414 E.05108
G1 X61.533 Y103.498 E.87373
G1 X61.533 Y104.322 E.07187
G1 X68.986 Y96.868 E.91937
G1 X69.399 Y97.279 E.05082
G1 X61.533 Y105.146 E.97031
G1 X61.533 Y105.97 E.07187
G1 X69.905 Y97.598 E1.03266
G1 X70.555 Y97.771 E.05867
G1 X61.533 Y106.794 E1.1129
G1 X61.533 Y107.618 E.07187
G1 X71.391 Y97.76 E1.21595
G1 X72.297 Y97.678 E.07934
G1 X61.532 Y108.442 E1.32777
G1 X61.532 Y109.266 E.07187
G1 X73.158 Y97.641 E1.43397
G1 X73.969 Y97.654 E.07074
G1 X61.532 Y110.091 E1.53407
;WIPE_START
G1 F9600
G1 X64.708 Y106.915 E-.8
;WIPE_END
G1 X61.423 Y111.31 F12000
G1 E.8 F1800
;WIDTH:0.587257
G1 F4901.961
G1 X61.378 Y111.265 E.00486
G1 X61.317 Y111.282 E.00483
G1 X61.3 Y111.343 E.00483
G1 X61.345 Y111.388 E.00486
G1 X61.407 Y111.372 E.00489
;WIDTH:0.623628
G1 F4575.641
G1 X61.47 Y111.143 E.01942
;WIDTH:0.66
G1 F4290.056
G1 X61.532 Y110.915 E.02061
G1 X74.689 Y97.758 E1.62288
G1 X75.205 Y98.066 E.05241
G1 X72.036 Y101.236 E.39095
G1 X71.624 Y101.537 E.0445
;WIDTH:0.587257
G1 F4901.961
G1 X70.9 Y102.269 E.07859
;WIDTH:0.623628
G1 F4575.641
G1 X70.745 Y102.475 E.02108
;WIDTH:0.66
G1 F4290.056
G1 X70.59 Y102.681 E.02249
G1 X61.532 Y111.739 E1.11728
G1 X61.532 Y112.563 E.07187
G1 X70.197 Y103.898 E1.0688
G1 X70.331 Y103.829 E.01315
;WIDTH:0.623628
G1 F4575.641
G1 X70.465 Y103.759 E.01236
;WIDTH:0.587257
G1 F4901.961
G1 X70.478 Y103.709 E.00394
G1 X70.443 Y103.486 E.01723
;WIPE_START
G1 F9600
G1 X70.478 Y103.709 E-.04021
G1 X70.465 Y103.759 E-.0092
G1 X70.331 Y103.829 E-.02693
G1 X70.197 Y103.898 E-.02685
G1 X67.431 Y106.664 E-.69681
;WIPE_END
G1 X69.958 Y104.961 F12000
G1 E.8 F1800
;WIDTH:0.66
G1 F4290.056
G1 X61.532 Y113.387 E1.03932
G1 X61.532 Y114.211 E.07187
G1 X69.849 Y105.895 E1.02582
G1 X69.836 Y106.732 E.07301
G1 X61.532 Y115.035 E1.02421
G1 X61.532 Y115.86 E.07196
G1 X69.905 Y107.487 E1.03278
G1 X70.038 Y108.178 E.06137
G1 X61.532 Y116.684 E1.04919
G1 X61.532 Y117.508 E.07187
G1 X70.221 Y108.819 E1.07176
G1 X70.443 Y109.421 E.05596
G1 X61.532 Y118.332 E1.09915
G1 X61.532 Y119.156 E.07187
G1 X70.695 Y109.993 E1.13023
G1 X70.974 Y110.539 E.05348
G1 X61.532 Y119.98 E1.16458
G1 X61.532 Y120.804 E.07187
G1 X71.272 Y111.064 E1.2014
G1 X71.591 Y111.57 E.05217
G1 X61.532 Y121.629 E1.24075
G1 X61.532 Y122.453 E.07187
G1 X71.929 Y112.056 E1.28244
G1 X72.282 Y112.527 E.05134
G1 X61.532 Y123.277 E1.32598
G1 X61.532 Y124.101 E.07187
G1 X72.65 Y112.983 E1.37137
G1 X73.031 Y113.426 E.05096
G1 X61.532 Y124.925 E1.41837
G1 X61.532 Y125.749 E.07187
G1 X73.425 Y113.856 E1.46697
G1 X73.833 Y114.273 E.05088
G1 X61.532 Y126.573 E1.51723
G1 X61.532 Y127.398 E.07196
G1 X74.255 Y114.675 E1.56934
G1 X74.689 Y115.065 E.05089
G1 X61.532 Y128.222 E1.62288
G1 X61.532 Y129.046 E.07187
G1 X75.134 Y115.444 E1.67777
G1 X75.592 Y115.81 E.05113
G1 X61.532 Y129.87 E1.73426
G1 X61.532 Y130.694 E.07187
G1 X76.064 Y116.162 E1.79248
G1 X76.551 Y116.5 E.0517
G1 X61.532 Y131.518 E1.85249
G1 X61.532 Y132.342 E.07187
G1 X77.06 Y116.814 E1.91533
G1 X77.592 Y117.106 E.05293
G1 X61.532 Y133.167 E1.98101
G1 X61.532 Y133.991 E.07187
G1 X78.152 Y117.37 E2.05009
G1 X78.743 Y117.603 E.05541
G1 X61.532 Y134.815 E2.12299
G1 X61.532 Y135.639 E.07187
G1 X79.366 Y117.805 E2.19977
G1 X80.026 Y117.969 E.05932
G1 X61.532 Y136.463 E2.28118
G1 X61.532 Y137.287 E.07187
G1 X80.721 Y118.098 E2.36691
G1 X81.457 Y118.187 E.06466
G1 X61.532 Y138.111 E2.45763
G1 X61.532 Y138.936 E.07196
G1 X82.227 Y118.24 E2.55273
G1 X83.032 Y118.26 E.07023
G1 X61.532 Y139.76 E2.65196
G1 X61.532 Y140.584 E.07187
G1 X83.871 Y118.245 E2.75545
G1 X84.673 Y118.267 E.06998
G1 X61.532 Y141.408 E2.85437
G1 X61.532 Y142.232 E.07187
G1 X85.125 Y118.639 E2.91013
G1 X85.588 Y119 E.05121
G1 X61.532 Y143.056 E2.96724
G1 X61.532 Y143.88 E.07187
G1 X86.155 Y119.257 E3.03717
G1 X86.858 Y119.379 E.06223
G1 X61.532 Y144.704 E3.12382
G1 X61.532 Y145.529 E.07196
G1 X87.853 Y119.208 E3.24662
;WIPE_START
G1 F9600
G1 X84.677 Y122.384 E-.8
;WIPE_END
G1 X91.403 Y103.456 F12000
G1 E.8 F1800
;WIDTH:0.679022
G1 F4154.446
G1 X91.095 Y105.238 E.16288
G1 X91.824 Y104.51 E.09279
G1 X91.921 Y104.51 E.00874
G1 X91.455 Y103.169 E.12786
;WIPE_START
G1 F9600
G1 X91.921 Y104.51 E-.25288
G1 X91.824 Y104.51 E-.01728
G1 X91.095 Y105.238 E-.18351
G1 X91.403 Y103.456 E-.32213
;WIPE_END
G1 E-.0242 F1800
G1 X92.036 Y105.134 F12000
G1 E.8 F1800
;WIDTH:0.66
G1 F4290.056
G1 X90.917 Y106.254 E.13809
G1 X90.76 Y107.235 E.08665
G1 X92.331 Y105.664 E.19378
G1 X92.546 Y106.273 E.05633
G1 X90.607 Y108.212 E.23917
G1 X90.458 Y109.185 E.08585
G1 X92.762 Y106.881 E.28419
G1 X92.979 Y107.489 E.05631
G1 X90.308 Y110.159 E.3294
G1 X90.159 Y111.132 E.08585
G1 X93.198 Y108.094 E.37479
G1 X93.418 Y108.698 E.05607
G1 X90.011 Y112.105 E.42024
G1 X89.866 Y113.073 E.08537
G1 X93.641 Y109.298 E.46563
G1 X93.866 Y109.897 E.05581
G1 X89.722 Y114.042 E.51121
G1 X89.578 Y115.01 E.08536
G1 X94.096 Y110.492 E.55728
G1 X94.329 Y111.083 E.05541
G1 X89.434 Y115.978 E.60378
G1 X89.29 Y116.946 E.08536
G1 X94.566 Y111.67 E.65078
G1 X94.811 Y112.25 E.05492
G1 X89 Y118.061 E.71677
G1 X88.826 Y118.267 E.02352
;WIDTH:0.623628
G1 F4575.641
G1 X88.652 Y118.473 E.02205
;WIDTH:0.587257
G1 F4901.961
G1 X88.265 Y118.872 E.04243
;WIPE_START
G1 F9600
G1 X88.652 Y118.473 E-.09901
G1 X88.826 Y118.267 E-.04803
G1 X89 Y118.061 E-.04803
G1 X91.401 Y115.659 E-.60493
;WIPE_END
G1 X95.06 Y112.825 F12000
G1 E.8 F1800
;WIDTH:0.66
G1 F4290.056
G1 X61.532 Y146.353 E4.13558
G1 X61.532 Y147.177 E.07187
G1 X95.319 Y113.39 E4.16753
G1 X95.588 Y113.945 E.05379
G1 X61.532 Y148.001 E4.20071
G1 X61.532 Y148.825 E.07187
G1 X95.867 Y114.49 E4.23512
G1 X96.157 Y115.024 E.053
G1 X61.532 Y149.649 E4.27089
G1 X61.532 Y150.473 E.07187
G1 X96.465 Y115.54 E4.30888
G1 X96.789 Y116.04 E.05197
G1 X61.532 Y151.298 E4.34891
G1 X61.532 Y152.122 E.07187
G1 X97.129 Y116.525 E4.39078
G1 X97.484 Y116.993 E.05123
G1 X61.532 Y152.946 E4.43463
G1 X61.532 Y153.77 E.07187
G1 X97.856 Y117.445 E4.48052
G1 X98.243 Y117.883 E.05098
G1 X61.532 Y154.594 E4.52819
G1 X61.532 Y155.418 E.07187
G1 X98.644 Y118.306 E4.57765
G1 X99.054 Y118.72 E.05082
G1 X61.532 Y156.242 E4.62823
G1 X61.469 Y156.393 E.01427
;WIDTH:0.623628
G1 F4575.641
G1 X61.407 Y156.543 E.01327
;WIDTH:0.587257
G1 F4901.961
G1 X61.362 Y156.498 E.00486
G1 X61.3 Y156.514 E.00489
G1 X61.284 Y156.576 E.00489
G1 X61.329 Y156.621 E.00486
G1 X61.39 Y156.604 E.00483
;WIDTH:0.66
G1 F4290.056
G1 X62.225 Y156.373 E.07556
G1 X99.472 Y119.126 E4.59431
G1 X99.899 Y119.523 E.05085
G1 X63.049 Y156.373 E4.54534
G1 X63.873 Y156.373 E.07187
G1 X100.336 Y119.91 E4.4976
G1 X100.785 Y120.286 E.05108
G1 X64.698 Y156.373 E4.45122
G1 X65.522 Y156.373 E.07187
G1 X101.246 Y120.648 E4.40651
G1 X101.723 Y120.995 E.05145
G1 X66.346 Y156.373 E4.36371
G1 X67.17 Y156.373 E.07187
G1 X102.218 Y121.325 E4.32307
G1 X102.733 Y121.634 E.05238
G1 X67.994 Y156.373 E4.28495
G1 X68.818 Y156.373 E.07187
G1 X103.272 Y121.919 E4.2498
G1 X103.839 Y122.176 E.0543
G1 X69.642 Y156.373 E4.2181
G1 X70.466 Y156.373 E.07187
G1 X104.442 Y122.397 E4.19084
G1 X105.093 Y122.571 E.05877
G1 X71.29 Y156.373 E4.16944
G1 X72.114 Y156.373 E.07187
G1 X105.799 Y122.688 E4.15494
G1 X106.584 Y122.728 E.06856
G1 X72.939 Y156.373 E4.15001
G1 X73.763 Y156.373 E.07187
G1 X107.456 Y122.679 E4.15599
;WIPE_START
G1 F9600
G1 X104.28 Y125.855 E-.8
;WIPE_END
G1 X117.737 Y100.049 F12000
G1 E.8 F1800
;WIDTH:0.831047
G1 F3316.573
G1 X117.646 Y100.073 E.01062
G1 X117.58 Y100.007 E.01053
G1 X117.604 Y99.916 E.01062
G1 X117.695 Y99.891 E.01065
G1 X117.762 Y99.958 E.01069
;WIDTH:0.66
G1 F4290.056
G1 X118.447 Y100.151 E.06207
G1 X117.843 Y100.755 E.0745
G1 X118.055 Y101.367 E.05649
G1 X119.267 Y100.156 E.14943
G1 X119.473 Y100.036 E.02079
;WIDTH:0.623628
G1 F4575.641
G1 X119.679 Y99.917 E.01945
;WIDTH:0.587257
G1 F4901.961
G1 X119.992 Y99.711 E.0286
;WIDTH:0.66
G1 F4290.056
G1 X120.668 Y99.014 E.08469
;WIDTH:0.587257
G1 F4901.961
G1 X120.995 Y98.549 E.04339
;WIDTH:0.636454
G1 F4470.694
G1 X121.067 Y98.419 E.01244
;WIDTH:0.685651
G1 F4109.174
G1 X121.139 Y98.288 E.01361
;WIDTH:0.734849
G1 F3801.749
G1 X121.211 Y98.158 E.01463
;WIDTH:0.66
G1 F4290.056
G1 X121.491 Y98.755 E.05751
G1 X118.269 Y101.977 E.39742
G1 X118.483 Y102.588 E.05647
G1 X121.722 Y99.349 E.39952
G1 X121.953 Y99.942 E.05551
G1 X118.699 Y103.195 E.40131
G1 X118.916 Y103.802 E.05622
G1 X122.18 Y100.539 E.40254
G1 X122.406 Y101.137 E.05576
G1 X119.134 Y104.409 E.40359
G1 X119.353 Y105.014 E.05612
G1 X122.629 Y101.738 E.40408
G1 X122.892 Y102.599 E.07852
;WIDTH:0.973203
G1 F2790.347
G1 X122.813 Y102.52 E.01498
G1 X122.705 Y102.549 E.015
G1 X122.676 Y102.657 E.015
G1 X122.755 Y102.737 E.01508
G1 X122.863 Y102.708 E.015
;WIPE_START
G1 F9600
G1 X122.755 Y102.737 E-.01992
G1 X122.676 Y102.657 E-.02003
G1 X122.705 Y102.549 E-.01992
G1 X122.813 Y102.52 E-.01992
G1 X122.892 Y102.599 E-.0199
G1 X122.629 Y101.738 E-.16036
G1 X120.486 Y103.881 E-.53995
;WIPE_END
G1 X120.653 Y104.402 F12000
G1 E.8 F1800
;WIDTH:0.587257
G1 F4901.961
G1 X120.608 Y104.356 E.00491
G1 X120.546 Y104.373 E.00491
G1 X120.53 Y104.435 E.00489
G1 X120.575 Y104.48 E.00486
G1 X120.636 Y104.463 E.00483
;WIDTH:0.623628
G1 F4575.641
G1 X120.499 Y104.647 E.01876
;WIDTH:0.66
G1 F4290.056
G1 X120.361 Y104.83 E.01999
G1 X119.573 Y105.618 E.0972
G1 X119.804 Y106.211 E.05551
G1 X120.378 Y105.637 E.0708
G1 X120.596 Y106.187 E.0516
;WIDTH:0.579525
G1 F4977.422
G1 X120.806 Y106.779 E.04722
;WIDTH:0.629473
G1 F4527.21
G1 X120.857 Y106.944 E.01427
;WIDTH:0.679422
G1 F4151.686
G1 X120.907 Y107.108 E.01545
;WIDTH:0.72937
G1 F3833.688
G1 X120.958 Y107.273 E.01686
;WIDTH:0.779319
G1 F3560.939
G1 X121.008 Y107.437 E.01802
G1 X120.894 Y107.346 E.01533
;WIDTH:0.731031
G1 F3823.947
G1 X120.78 Y107.256 E.01421
;WIDTH:0.682744
G1 F4128.906
G1 X120.665 Y107.165 E.01329
;WIDTH:0.634457
G1 F4486.719
G1 X120.404 Y106.902 E.0309
;WIDTH:0.606991
G1 F4719.349
G1 X120.143 Y106.639 E.02938
;WIDTH:0.579525
G1 F4977.422
G1 X120.39 Y106.393 E.02621
;WIPE_START
G1 F9600
G1 X120.143 Y106.639 E-.0621
G1 X120.404 Y106.902 E-.066
G1 X120.665 Y107.165 E-.066
G1 X120.78 Y107.256 E-.02612
G1 X120.894 Y107.346 E-.02587
G1 X121.008 Y107.437 E-.02598
G1 X120.958 Y107.273 E-.03054
G1 X120.907 Y107.108 E-.03076
G1 X120.857 Y106.944 E-.03054
G1 X120.806 Y106.779 E-.03076
G1 X120.596 Y106.187 E-.11189
G1 X120.378 Y105.637 E-.10538
G1 X119.804 Y106.211 E-.14459
G1 X119.715 Y105.984 E-.04347
;WIPE_END
G1 X121.008 Y107.437 F12000
G1 E.8 F1800
;WIDTH:0.828777
G1 F3326.591
G1 X121.148 Y107.654 E.02905
;WIDTH:0.878235
G1 F3121.184
G1 X121.287 Y107.87 E.03079
;WIDTH:0.66
G1 F4290.056
G1 X121.914 Y108.222 E.06272
G1 X121.404 Y108.732 E.06291
;WIPE_START
G1 F9600
G1 X121.914 Y108.222 E-.12847
G1 X121.287 Y107.87 E-.12808
G1 X121.148 Y107.654 E-.04575
G1 X121.008 Y107.437 E-.046
;WIPE_END
G1 E-.4517 F1800
G1 X137.882 Y99.666 F12000
G1 E.8 F1800
;WIDTH:0.861793
G1 F3186.597
G1 X137.788 Y99.692 E.01145
G1 X137.718 Y99.623 E.01154
G1 X137.744 Y99.528 E.01157
G1 X137.838 Y99.502 E.01145
G1 X137.908 Y99.572 E.01162
;WIDTH:0.66
G1 F4290.056
G1 X138.519 Y99.858 E.05884
G1 X138.004 Y100.373 E.06352
G1 X138.237 Y100.964 E.05541
G1 X139.098 Y100.103 E.1062
G1 X139.855 Y100.17 E.06628
G1 X138.472 Y101.553 E.17059
G1 X138.707 Y102.142 E.05531
G1 X140.956 Y99.893 E.27741
;WIPE_START
G1 F9600
G1 X138.707 Y102.142 E-.56654
G1 X138.472 Y101.553 E-.11296
G1 X138.95 Y101.075 E-.1205
;WIPE_END
G1 X150.662 Y99.278 F12000
G1 E.8 F1800
;WIDTH:0.805477
G1 F3433.028
G1 X150.574 Y99.302 E.00994
G1 X150.51 Y99.237 E.00994
G1 X150.534 Y99.15 E.00984
G1 X150.622 Y99.126 E.00994
G1 X150.686 Y99.19 E.00986
;WIDTH:0.66
G1 F4290.056
G1 X151.249 Y99.49 E.05564
G1 X150.791 Y99.948 E.05649
G1 X151.012 Y100.551 E.05601
G1 X151.812 Y99.751 E.09868
G1 X152.54 Y99.847 E.06405
G1 X151.232 Y101.155 E.16134
G1 X151.452 Y101.759 E.05607
G1 X153.549 Y99.662 E.25866
;WIPE_START
G1 F9600
G1 X151.452 Y101.759 E-.52825
G1 X151.232 Y101.155 E-.1145
G1 X151.856 Y100.531 E-.15725
;WIPE_END
G1 X96.907 Y89.737 F12000
G1 E.8 F1800
;WIDTH:0.587257
G1 F4901.961
G1 X96.534 Y90.064 E.03786
G1 X96.124 Y90.47 E.04404
G1 X95.402 Y91.288 E.08328
;WIPE_START
G1 F9600
G1 X96.124 Y90.47 E-.19434
G1 X96.534 Y90.064 E-.10278
G1 X96.907 Y89.737 E-.08836
;WIPE_END
G1 E-.41452 F1800
G1 X94.752 Y92.684 F12000
G1 E.8 F1800
G1 F4901.961
G1 X94.707 Y92.639 E.00486
G1 X94.645 Y92.655 E.00489
G1 X94.629 Y92.717 E.00489
G1 X94.674 Y92.762 E.00486
G1 X94.735 Y92.746 E.00481
;WIDTH:0.623628
G1 F4575.641
G1 X94.864 Y92.517 E.02149
;WIDTH:0.66
G1 F4290.056
G1 X94.993 Y92.288 E.02292
G1 X97.816 Y89.466 E.34815
G1 X98.662 Y89.443 E.07381
G1 X94.669 Y93.437 E.49259
G1 X94.879 Y94.051 E.0566
G1 X99.211 Y89.719 E.53434
G1 X99.65 Y90.104 E.05093
G1 X95.089 Y94.665 E.56259
G1 X95.298 Y95.279 E.05657
G1 X100.032 Y90.545 E.58392
G1 X100.361 Y91.041 E.05191
G1 X95.508 Y95.894 E.5986
G1 X95.718 Y96.508 E.0566
G1 X99.922 Y92.305 E.51849
G1 X100.032 Y92.334 E.00992
;WIDTH:0.623628
G1 F4575.641
G1 X100.143 Y92.363 E.00938
;WIDTH:0.587257
G1 F4901.961
G1 X100.213 Y92.119 E.01938
G1 X100.199 Y91.893 E.01728
;WIPE_START
G1 F9600
G1 X100.213 Y92.119 E-.04033
G1 X100.143 Y92.363 E-.04522
G1 X100.032 Y92.334 E-.02044
G1 X99.922 Y92.305 E-.02026
G1 X97.247 Y94.979 E-.67375
;WIPE_END
G1 X99.67 Y93.38 F12000
G1 E.8 F1800
;WIDTH:0.66
G1 F4290.056
G1 X95.928 Y97.122 E.46156
G1 X96.138 Y97.736 E.0566
G1 X99.592 Y94.283 E.42598
G1 X99.599 Y95.099 E.07117
G1 X96.348 Y98.351 E.40106
G1 X96.558 Y98.965 E.0566
G1 X99.667 Y95.855 E.38355
G1 X99.774 Y96.573 E.06332
G1 X96.768 Y99.579 E.37078
G1 X96.978 Y100.193 E.0566
G1 X99.904 Y97.267 E.36091
G1 X100.053 Y97.942 E.06029
G1 X97.188 Y100.807 E.35339
G1 X97.398 Y101.422 E.05668
G1 X100.218 Y98.601 E.3479
G1 X100.399 Y99.244 E.05826
G1 X97.615 Y102.028 E.3434
;WIPE_START
G1 F9600
G1 X100.399 Y99.244 E-.70131
G1 X100.249 Y98.711 E-.09869
;WIPE_END
G1 X100.39 Y100.077 F12000
G1 E.8 F1800
G1 F4290.056
G1 X97.838 Y102.63 E.31484
G1 X98.963 Y105.625 E.27904
G1 X101.755 Y102.833 E.34438
G1 X101.356 Y101.934 E.08579
G1 X101.017 Y101.087 E.07957
G1 X100.596 Y99.871 E.11224
G1 X100.346 Y100.946 E.09626
G1 X100.77 Y102.046 E.10282
G1 X101.055 Y102.709 E.06294
G1 X99.187 Y104.577 E.23041
G1 X98.514 Y102.778 E.16753
G1 X100.14 Y101.152 E.20056
G1 X100.122 Y101.994 E.07346
G1 X100.363 Y102.576 E.05494
G1 X99.413 Y103.527 E.11724
G1 X99.19 Y102.925 E.05599
G1 X99.916 Y102.2 E.08949
;WIPE_START
G1 F9600
G1 X99.19 Y102.925 E-.18276
G1 X99.413 Y103.527 E-.11435
G1 X100.363 Y102.576 E-.23944
G1 X100.122 Y101.994 E-.11221
G1 X100.14 Y101.152 E-.15002
G1 X100.135 Y101.157 E-.00122
;WIPE_END
G1 X102.021 Y103.391 F12000
G1 E.8 F1800
G1 F4290.056
G1 X99.19 Y106.222 E.3492
G1 X99.421 Y106.815 E.05551
G1 X102.299 Y103.937 E.35499
G1 X102.592 Y104.469 E.05297
G1 X99.654 Y107.406 E.36233
G1 X99.889 Y107.995 E.05531
G1 X102.893 Y104.992 E.37047
G1 X103.207 Y105.501 E.05216
G1 X100.129 Y108.58 E.37972
G1 X100.371 Y109.162 E.05498
G1 X103.535 Y105.998 E.39027
G1 X103.874 Y106.483 E.05161
G1 X100.617 Y109.739 E.40168
G1 X100.869 Y110.312 E.0546
G1 X104.228 Y106.953 E.41432
G1 X104.604 Y107.401 E.05101
G1 X101.126 Y110.879 E.429
G1 X101.39 Y111.439 E.054
G1 X105.012 Y107.817 E.44676
G1 X105.448 Y108.206 E.05096
G1 X101.662 Y111.991 E.46693
G1 X101.942 Y112.536 E.05344
G1 X105.912 Y108.565 E.48975
G1 X106.403 Y108.899 E.05179
G1 X102.231 Y113.071 E.5146
G1 X102.529 Y113.597 E.05273
G1 X106.909 Y109.217 E.54026
G1 X107.422 Y109.528 E.05232
G1 X102.839 Y114.111 E.5653
G1 X103.18 Y114.594 E.05157
G1 X107.93 Y109.844 E.5859
G1 X108.432 Y110.166 E.05202
G1 X103.589 Y115.009 E.59737
G1 X104.177 Y115.246 E.05529
G1 X108.938 Y110.484 E.58732
G1 X109.453 Y110.793 E.05238
G1 X104.954 Y115.292 E.55494
G1 X105.854 Y115.217 E.07877
G1 X109.992 Y111.078 E.51047
G1 X110.57 Y111.325 E.05482
G1 X106.578 Y115.317 E.4924
G1 X107.145 Y115.574 E.0543
G1 X111.192 Y111.526 E.49925
G1 X111.871 Y111.672 E.06058
G1 X107.597 Y115.945 E.52712
G1 X107.957 Y116.41 E.05129
G1 X112.604 Y111.763 E.57319
G1 X113.382 Y111.809 E.06798
G1 X108.289 Y116.902 E.62821
G1 X108.62 Y117.395 E.05179
G1 X114.192 Y111.823 E.68729
G1 X115.029 Y111.811 E.07301
G1 X108.951 Y117.888 E.74964
G1 X109.283 Y118.381 E.05184
G1 X115.904 Y111.759 E.81674
G1 X116.818 Y111.67 E.0801
G1 X109.614 Y118.874 E.88859
G1 X109.901 Y119.411 E.05311
G1 X117.773 Y111.538 E.97105
G1 X118.791 Y111.345 E.09037
G1 X110.041 Y120.095 E1.07929
;WIPE_START
G1 F9600
G1 X113.217 Y116.919 E-.8
;WIPE_END
G1 X108.51 Y122.264 F12000
G1 E.8 F1800
;WIDTH:0.587257
G1 F4901.961
G1 X108.744 Y122.216 E.01823
G1 X108.845 Y122.227 E.00776
G1 X109.171 Y121.964 E.03197
G1 X109.536 Y121.599 E.0394
G1 X109.706 Y121.385 E.02086
;WIDTH:0.623628
G1 F4575.641
G1 X109.846 Y121.179 E.02037
;WIDTH:0.66
G1 F4290.056
G1 X109.987 Y120.973 E.02177
G1 X119.905 Y111.055 E1.22336
G1 X120.317 Y110.739 E.04529
;WIDTH:0.587257
G1 F4901.961
G1 X120.778 Y110.305 E.04833
G1 X120.962 Y110.088 E.02172
;WIDTH:0.623628
G1 F4575.641
G1 X121.123 Y109.882 E.02138
;WIDTH:0.66
G1 F4290.056
G1 X121.284 Y109.676 E.0228
G1 X122.447 Y108.513 E.14345
;WIPE_START
G1 F9600
G1 X121.284 Y109.676 E-.29297
G1 X121.123 Y109.882 E-.04657
G1 X120.962 Y110.088 E-.04657
G1 X120.778 Y110.305 E-.05068
G1 X120.317 Y110.739 E-.11278
G1 X119.905 Y111.055 E-.09249
G1 X119.278 Y111.682 E-.15794
;WIPE_END
G1 X108.433 Y122.527 F12000
G1 E.8 F1800
G1 F4290.056
G1 X74.587 Y156.373 E4.1748
G1 X75.411 Y156.373 E.07187
G1 X122.98 Y108.804 E5.86749
G1 X123.517 Y109.092 E.05315
G1 X76.235 Y156.373 E5.83203
G1 X77.059 Y156.373 E.07187
G1 X124.055 Y109.377 E5.79682
G1 X124.596 Y109.66 E.05325
G1 X77.883 Y156.373 E5.76191
G1 X78.707 Y156.373 E.07187
G1 X125.141 Y109.94 E5.72743
G1 X125.688 Y110.217 E.05348
G1 X79.531 Y156.373 E5.69327
G1 X80.355 Y156.373 E.07187
G1 X126.239 Y110.49 E5.65959
G1 X126.795 Y110.758 E.05383
G1 X81.179 Y156.373 E5.62654
G1 X82.004 Y156.374 E.07196
G1 X127.354 Y111.023 E5.59385
G1 X127.926 Y111.276 E.05455
G1 X82.828 Y156.374 E5.5627
G1 X83.652 Y156.374 E.07187
G1 X128.507 Y111.518 E5.53279
G1 X129.127 Y111.723 E.05696
G1 X84.476 Y156.374 E5.50757
G1 X85.3 Y156.374 E.07187
G1 X129.85 Y111.823 E5.49517
;WIPE_START
G1 F9600
G1 X126.674 Y114.999 E-.8
;WIPE_END
G1 X132.676 Y109.704 F12000
G1 E.8 F1800
;WIDTH:0.827335
G1 F3332.986
G1 X132.64 Y109.765 E.00795
;WIDTH:0.790545
G1 F3504.895
G1 X132.576 Y109.864 E.01259
;WIDTH:0.749887
G1 F3716.751
G1 X132.511 Y109.964 E.01201
;WIDTH:0.709229
G1 F3955.866
G1 X132.447 Y110.063 E.01115
;WIDTH:0.668572
G1 F4227.863
G1 X132.383 Y110.162 E.01043
;WIDTH:0.627914
G1 F4540.026
G1 X132.318 Y110.261 E.00976
;WIDTH:0.587257
G1 F4901.961
G1 X131.964 Y110.7 E.04305
G1 X131.268 Y111.342 E.07228
;WIDTH:0.623628
G1 F4575.641
G1 X131.062 Y111.492 E.02084
;WIDTH:0.66
G1 F4290.056
G1 X130.856 Y111.642 E.02223
G1 X86.124 Y156.374 E5.51756
G1 X86.948 Y156.374 E.07187
G1 X133.334 Y109.987 E5.72164
G1 X133.857 Y110.289 E.05267
G1 X87.772 Y156.374 E5.68445
G1 X88.596 Y156.374 E.07187
G1 X134.381 Y110.589 E5.64744
G1 X134.918 Y110.877 E.05315
G1 X89.42 Y156.374 E5.61198
G1 X90.244 Y156.374 E.07187
G1 X135.471 Y111.148 E5.57855
G1 X136.048 Y111.395 E.05474
G1 X91.069 Y156.374 E5.54802
G1 X91.893 Y156.374 E.07187
G1 X136.661 Y111.606 E5.522
G1 X137.327 Y111.764 E.0597
G1 X92.717 Y156.374 E5.50251
G1 X93.541 Y156.374 E.07187
G1 X138.092 Y111.822 E5.49529
;WIPE_START
G1 F9600
G1 X134.916 Y114.998 E-.8
;WIPE_END
G1 X140.543 Y110.393 F12000
G1 E.8 F1800
;WIDTH:0.587257
G1 F4901.961
G1 X140.194 Y110.786 E.04012
G1 X139.479 Y111.394 E.07164
;WIDTH:0.623628
G1 F4575.641
G1 X139.273 Y111.533 E.02032
;WIDTH:0.66
G1 F4290.056
G1 X139.067 Y111.672 E.02167
G1 X94.365 Y156.374 E5.51386
;WIPE_START
G1 F9600
G1 X97.541 Y153.198 E-.8
;WIPE_END
G1 X72.953 Y101.143 F12000
G1 E.8 F1800
G1 F4290.056
G1 X75.574 Y98.521 E.32335
G1 X75.899 Y99.02 E.05194
G1 X73.642 Y101.278 E.27846
;WIPE_START
G1 F9600
G1 X75.899 Y99.02 E-.56868
G1 X75.574 Y98.521 E-.10607
G1 X75.077 Y99.018 E-.12525
;WIPE_END
G1 X75.997 Y99.747 F12000
G1 E.8 F1800
G1 F4290.056
G1 X74.188 Y101.556 E.22313
G1 X77.144 Y103.414 E.30452
G1 X77.568 Y103.791 E.04949
G1 X77.749 Y104.067 E.02879
;WIDTH:0.632956
G1 F4498.838
G1 X77.93 Y104.344 E.02752
;WIDTH:0.613869
G1 F4658.86
G1 X78.111 Y104.816 E.0406
;WIDTH:0.66
G1 F4290.056
G1 X78.191 Y105.478 E.05816
G1 X78.121 Y106.003 E.0462
G1 X77.654 Y107.442 E.13195
G1 X77.514 Y107.943 E.04537
G1 X77.4 Y108.481 E.04797
G1 X77.375 Y109.074 E.05177
G1 X77.408 Y109.376 E.0265
G1 X77.569 Y109.736 E.0344
G1 X77.831 Y110.048 E.03553
G1 X78.321 Y110.377 E.05148
G1 X78.763 Y110.567 E.04196
G1 X79.228 Y110.693 E.04202
G1 X80.379 Y110.809 E.1009
G1 X80.984 Y110.82 E.05278
G1 X80.05 Y108.312 E.23342
G1 X78.662 Y104.758 E.33278
;WIDTH:0.625135
G1 F4563.059
G1 X78.447 Y104.219 E.04759
;WIDTH:0.630354
G1 F4520.003
G1 X78.29 Y103.885 E.03055
;WIDTH:0.66
G1 F4290.056
G1 X77.27 Y101.624 E.21634
G1 X76.581 Y100.233 E.13539
G1 X76.203 Y99.541 E.06877
G1 X76.035 Y100.687 E.10102
;WIDTH:0.878269
G1 F3121.052
G1 X76.88 Y102.431 E.23233
G1 X75.29 Y101.432 E.22512
G1 X75.829 Y100.893 E.09139
;WIPE_START
G1 F9600
G1 X75.29 Y101.432 E-.13578
G1 X76.88 Y102.431 E-.33448
G1 X76.073 Y100.765 E-.32974
;WIPE_END
G1 X78.64 Y106.303 F12000
G1 E.8 F1800
;WIDTH:0.66
G1 F4290.056
G1 X79.505 Y108.519 E.20748
G1 X80.134 Y110.208 E.1572
G1 X79.318 Y110.117 E.07161
G1 X78.925 Y110.007 E.03559
G1 X78.569 Y109.849 E.03397
G1 X78.232 Y109.62 E.03554
G1 X78.025 Y109.329 E.03115
G1 X77.954 Y109.01 E.0285
G1 X77.987 Y108.52 E.04283
G1 X78.205 Y107.63 E.07992
G1 X78.547 Y106.579 E.0964
;WIPE_START
G1 F9600
G1 X78.205 Y107.63 E-.19687
G1 X77.987 Y108.52 E-.16322
G1 X77.954 Y109.01 E-.08748
G1 X78.025 Y109.329 E-.05821
G1 X78.232 Y109.62 E-.06361
G1 X78.569 Y109.849 E-.07258
G1 X78.925 Y110.007 E-.06938
G1 X79.318 Y110.117 E-.07269
G1 X79.407 Y110.127 E-.01596
;WIPE_END
G1 X78.692 Y107.979 F12000
G1 E.8 F1800
;WIDTH:0.619353
G1 F4611.729
G1 X79.279 Y109.525 E.13417
G1 X79.082 Y109.467 E.01666
G1 X78.646 Y109.226 E.04042
G1 X78.527 Y109.073 E.01573
G1 X78.537 Y108.637 E.03538
G1 X78.625 Y108.263 E.03117
;WIPE_START
G1 F9600
G1 X78.537 Y108.637 E-.06844
G1 X78.527 Y109.073 E-.07768
G1 X78.646 Y109.226 E-.03453
G1 X79.082 Y109.467 E-.08874
G1 X79.279 Y109.525 E-.03658
G1 X78.692 Y107.979 E-.29456
;WIPE_END
G1 E-.19947 F1800
G1 X69.016 Y90.245 F12000
G1 E.8 F1800
;WIDTH:0.66
G1 F4290.056
G1 X107.926 Y51.335 E4.79943
G1 X108.75 Y51.335 E.07187
G1 X69.898 Y90.187 E4.79228
G1 X70.749 Y90.161 E.07426
G1 X109.574 Y51.335 E4.78901
G1 X110.398 Y51.335 E.07187
G1 X71.558 Y90.176 E4.79086
G1 X72.328 Y90.23 E.06732
G1 X111.222 Y51.335 E4.79752
G1 X112.047 Y51.335 E.07196
G1 X73.056 Y90.325 E4.80936
G1 X73.741 Y90.465 E.06098
G1 X112.871 Y51.335 E4.82657
G1 X113.695 Y51.335 E.07187
G1 X74.382 Y90.648 E4.84914
G1 X74.983 Y90.871 E.05591
G1 X114.519 Y51.335 E4.87665
G1 X115.343 Y51.335 E.07187
G1 X75.549 Y91.13 E4.90853
G1 X76.084 Y91.419 E.05304
G1 X116.167 Y51.335 E4.94418
G1 X116.991 Y51.335 E.07187
G1 X76.594 Y91.732 E4.98285
G1 X77.08 Y92.071 E.05168
G1 X117.815 Y51.335 E5.0246
G1 X118.64 Y51.335 E.07196
G1 X77.544 Y92.431 E5.06907
G1 X77.988 Y92.811 E.05097
G1 X119.464 Y51.335 E5.11594
G1 X120.288 Y51.335 E.07187
G1 X78.417 Y93.207 E5.16472
G1 X78.83 Y93.617 E.05076
G1 X121.112 Y51.335 E5.21536
G1 X121.936 Y51.335 E.07187
G1 X79.231 Y94.041 E5.2676
G1 X79.619 Y94.476 E.05084
G1 X122.76 Y51.335 E5.32131
G1 X123.584 Y51.335 E.07187
G1 X79.996 Y94.923 E5.37645
G1 X80.362 Y95.382 E.0512
G1 X124.408 Y51.335 E5.433
G1 X125.233 Y51.335 E.07196
G1 X90.944 Y85.624 E4.22945
G1 X90.738 Y85.799 E.02358
;WIDTH:0.623628
G1 F4575.641
G1 X90.532 Y85.975 E.02216
;WIDTH:0.587257
G1 F4901.961
G1 X89.809 Y86.627 E.07431
G1 X89.391 Y87.031 E.04437
G1 X88.943 Y87.49 E.04896
G1 X88.153 Y88.356 E.08948
;WIDTH:0.66
G1 F4290.056
G1 X87.8 Y88.768 E.04732
G1 X80.716 Y95.851 E.87373
G1 X81.061 Y96.331 E.05156
G1 X86.782 Y90.6 E.70629
;WIDTH:0.623628
G1 F4575.641
G1 X86.956 Y90.417 E.02065
;WIDTH:0.587257
G1 F4901.961
G1 X86.894 Y90.433 E.00489
G1 X86.849 Y90.388 E.00486
G1 X86.865 Y90.326 E.00489
G1 X86.927 Y90.31 E.00489
G1 X86.972 Y90.355 E.00486
;WIPE_START
G1 F9600
G1 X86.927 Y90.31 E-.01134
G1 X86.865 Y90.326 E-.01141
G1 X86.849 Y90.388 E-.01141
G1 X86.894 Y90.433 E-.01134
G1 X86.956 Y90.417 E-.01141
G1 X86.782 Y90.6 E-.04498
G1 X84.013 Y93.374 E-.69811
;WIPE_END
G1 X86.283 Y91.841 F12000
G1 E.8 F1800
G1 F4901.961
G1 X86.238 Y91.796 E.00486
G1 X86.176 Y91.813 E.00491
G1 X86.16 Y91.874 E.00481
G1 X86.205 Y91.919 E.00486
G1 X86.267 Y91.903 E.00489
;WIDTH:0.623628
G1 F4575.641
G1 X86.106 Y92.086 E.01993
;WIDTH:0.66
G1 F4290.056
G1 X85.946 Y92.27 E.02127
G1 X81.397 Y96.819 E.56111
G1 X81.724 Y97.316 E.05189
G1 X85.464 Y93.576 E.46132
G1 X85.616 Y93.392 E.02082
;WIDTH:0.623628
G1 F4575.641
G1 X85.768 Y93.209 E.01945
;WIDTH:0.587257
G1 F4901.961
G1 X85.706 Y93.225 E.00489
G1 X85.661 Y93.18 E.00486
G1 X85.677 Y93.119 E.00481
G1 X85.739 Y93.102 E.00491
G1 X85.784 Y93.147 E.00486
;WIPE_START
G1 F9600
G1 X85.739 Y93.102 E-.01134
G1 X85.677 Y93.119 E-.01145
G1 X85.661 Y93.18 E-.01123
G1 X85.706 Y93.225 E-.01134
G1 X85.768 Y93.209 E-.01141
G1 X85.616 Y93.392 E-.04237
G1 X85.464 Y93.576 E-.04251
G1 X82.851 Y96.189 E-.65835
;WIPE_END
G1 X85.383 Y94.36 F12000
G1 E.8 F1800
G1 F4901.961
G1 X85.338 Y94.315 E.00486
G1 X85.276 Y94.332 E.00491
G1 X85.26 Y94.393 E.00481
G1 X85.305 Y94.438 E.00486
G1 X85.367 Y94.422 E.00489
;WIDTH:0.623628
G1 F4575.641
G1 X85.221 Y94.605 E.01914
;WIDTH:0.66
G1 F4290.056
G1 X85.076 Y94.789 E.02043
G1 X82.041 Y97.823 E.3743
G1 X82.348 Y98.341 E.05252
G1 X84.76 Y95.928 E.29757
G1 X84.9 Y95.745 E.0201
;WIDTH:0.623628
G1 F4575.641
G1 X85.041 Y95.562 E.01889
;WIDTH:0.587257
G1 F4901.961
G1 X84.979 Y95.578 E.00489
G1 X84.934 Y95.533 E.00486
G1 X84.951 Y95.471 E.00491
G1 X85.012 Y95.455 E.00481
G1 X85.057 Y95.5 E.00486
;WIPE_START
G1 F9600
G1 X85.012 Y95.455 E-.01134
G1 X84.951 Y95.471 E-.01123
G1 X84.934 Y95.533 E-.01145
G1 X84.979 Y95.578 E-.01134
G1 X85.041 Y95.562 E-.01141
G1 X84.9 Y95.745 E-.04115
G1 X84.76 Y95.928 E-.04104
G1 X82.348 Y98.341 E-.60773
G1 X82.195 Y98.084 E-.05331
;WIPE_END
G1 X84.498 Y97.015 F12000
G1 E.8 F1800
;WIDTH:0.66
G1 F4290.056
G1 X82.646 Y98.867 E.22844
;WIPE_START
G1 F9600
G1 X84.498 Y97.015 E-.46653
;WIPE_END
G1 E-.33347 F1800
G1 X83.917 Y98.556 F12000
G1 E.8 F1800
;WIDTH:0.852468
G1 F3224.928
G1 X83.053 Y99.42 E.14177
G1 X83.717 Y100.771 E.17466
G1 X84.123 Y98.35 E.28482
;WIPE_START
G1 F9600
G1 X83.717 Y100.771 E-.43726
G1 X83.053 Y99.42 E-.26814
G1 X83.429 Y99.044 E-.0946
;WIPE_END
G1 X92.404 Y84.954 F12000
G1 E.8 F1800
;WIDTH:0.587257
G1 F4901.961
G1 X92.342 Y84.971 E.00491
G1 X92.297 Y84.926 E.00486
G1 X92.313 Y84.864 E.00489
G1 X92.375 Y84.848 E.00489
G1 X92.42 Y84.893 E.00486
;WIDTH:0.623628
G1 F4575.641
G1 X92.595 Y84.757 E.01812
;WIDTH:0.66
G1 F4290.056
G1 X92.771 Y84.621 E.0194
G1 X126.057 Y51.335 E4.10573
G1 X126.881 Y51.335 E.07187
G1 X94.069 Y84.147 E4.04726
G1 X93.863 Y84.275 E.02115
;WIDTH:0.623628
G1 F4575.641
G1 X93.657 Y84.402 E.01979
;WIDTH:0.587257
G1 F4901.961
G1 X93.882 Y84.43 E.01731
G1 X94.024 Y84.391 E.01124
;WIPE_START
G1 F9600
G1 X93.882 Y84.43 E-.02623
G1 X93.657 Y84.402 E-.04039
G1 X93.863 Y84.275 E-.04311
G1 X94.069 Y84.147 E-.0432
G1 X96.638 Y81.578 E-.64707
;WIPE_END
G1 X95.165 Y83.875 F12000
G1 E.8 F1800
;WIDTH:0.66
G1 F4290.056
G1 X127.705 Y51.335 E4.01371
G1 X128.529 Y51.335 E.07187
G1 X96.15 Y83.715 E3.99391
G1 X97.059 Y83.63 E.07963
G1 X129.353 Y51.335 E3.98343
G1 X130.177 Y51.335 E.07187
G1 X97.911 Y83.602 E3.97998
G1 X98.722 Y83.615 E.07074
G1 X131.001 Y51.335 E3.98158
G1 X131.826 Y51.335 E.07196
G1 X99.496 Y83.665 E3.98781
G1 X100.232 Y83.752 E.06464
G1 X132.65 Y51.335 E3.9986
G1 X133.474 Y51.335 E.07187
G1 X100.932 Y83.877 E4.01396
G1 X101.596 Y84.037 E.05957
G1 X134.298 Y51.335 E4.03369
G1 X135.122 Y51.335 E.07187
G1 X102.231 Y84.226 E4.05701
G1 X102.837 Y84.445 E.0562
G1 X135.946 Y51.335 E4.08396
G1 X136.77 Y51.335 E.07187
G1 X103.421 Y84.685 E4.11356
G1 X103.984 Y84.946 E.05412
G1 X137.594 Y51.335 E4.14575
G1 X138.419 Y51.335 E.07196
G1 X104.53 Y85.223 E4.18004
G1 X105.036 Y85.542 E.05217
G1 X139.243 Y51.335 E4.21933
G1 X140.067 Y51.335 E.07187
G1 X105.446 Y85.956 E4.2704
G1 X105.754 Y86.473 E.05249
G1 X140.891 Y51.335 E4.33411
G1 X141.715 Y51.335 E.07187
G1 X105.913 Y87.137 E4.41607
G1 X105.871 Y88.003 E.07562
G1 X142.539 Y51.335 E4.52289
G1 X143.363 Y51.335 E.07187
G1 X105.726 Y88.972 E4.64241
;WIPE_START
G1 F9600
G1 X108.902 Y85.796 E-.8
;WIPE_END
G1 X105.418 Y90.349 F12000
G1 E.8 F1800
;WIDTH:0.587257
G1 F4901.961
G1 X105.373 Y90.304 E.00486
G1 X105.312 Y90.32 E.00481
G1 X105.295 Y90.382 E.00491
G1 X105.34 Y90.427 E.00486
G1 X105.402 Y90.411 E.00489
;WIDTH:0.623628
G1 F4575.641
G1 X105.492 Y90.176 E.02058
;WIDTH:0.66
G1 F4290.056
G1 X105.581 Y89.941 E.02192
G1 X144.187 Y51.335 E4.76193
G1 X145.011 Y51.335 E.07187
G1 X105.901 Y90.446 E4.82416
G1 X106.443 Y90.727 E.05325
G1 X145.836 Y51.335 E4.85895
G1 X146.66 Y51.335 E.07187
G1 X106.971 Y91.024 E4.89552
G1 X107.488 Y91.331 E.05244
G1 X147.484 Y51.335 E4.93339
G1 X148.308 Y51.335 E.07187
G1 X109.641 Y90.003 E4.76952
G1 X109.664 Y90.115 E.00997
;WIDTH:0.623628
G1 F4575.641
G1 X109.687 Y90.228 E.00943
;WIDTH:0.587257
G1 F4901.961
G1 X109.459 Y90.313 E.01857
G1 X109.229 Y90.321 E.01757
G1 X109.042 Y90.475 E.01849
G1 X108.658 Y90.86 E.04151
;WIDTH:0.630436
G1 F4519.328
G1 X108.513 Y91.055 E.02012
;WIDTH:0.673616
G1 F4192.105
G1 X108.367 Y91.249 E.02167
;WIDTH:0.716795
G1 F3909.069
G1 X108.222 Y91.443 E.02318
;WIDTH:0.759975
G1 F3661.834
G1 X108.077 Y91.637 E.02475
;WIPE_START
G1 F9600
G1 X108.222 Y91.443 E-.04314
G1 X108.367 Y91.249 E-.04314
G1 X108.513 Y91.055 E-.04325
G1 X108.658 Y90.86 E-.04328
G1 X109.042 Y90.475 E-.09686
G1 X109.229 Y90.321 E-.04315
G1 X109.459 Y90.313 E-.04099
G1 X109.687 Y90.228 E-.04334
G1 X109.664 Y90.115 E-.02054
G1 X109.641 Y90.003 E-.02037
G1 X111.078 Y88.566 E-.36194
;WIPE_END
G1 X110.712 Y89.755 F12000
G1 E.8 F1800
;WIDTH:0.66
G1 F4290.056
G1 X149.132 Y51.335 E4.73899
G1 X149.956 Y51.335 E.07187
G1 X111.479 Y89.812 E4.74602
G1 X112.119 Y89.997 E.05811
G1 X150.78 Y51.335 E4.76878
G1 X151.604 Y51.335 E.07187
G1 X112.697 Y90.242 E4.79906
G1 X113.251 Y90.513 E.05379
G1 X152.429 Y51.335 E4.83249
G1 X153.253 Y51.335 E.07187
G1 X113.788 Y90.8 E4.86789
G1 X114.315 Y91.097 E.05276
G1 X154.077 Y51.335 E4.90452
G1 X154.901 Y51.335 E.07187
G1 X114.835 Y91.401 E4.94202
G1 X115.35 Y91.71 E.05238
G1 X155.725 Y51.335 E4.98014
G1 X156.549 Y51.335 E.07187
G1 X115.86 Y92.024 E5.01887
G1 X116.366 Y92.343 E.05217
G1 X157.373 Y51.335 E5.05815
G1 X158.197 Y51.335 E.07187
G1 X116.87 Y92.662 E5.09756
;WIPE_START
G1 F9600
G1 X120.046 Y89.486 E-.8
;WIPE_END
G1 X119.943 Y90.414 F12000
G1 E.8 F1800
G1 F4290.056
G1 X159.022 Y51.335 E4.82028
G1 X159.846 Y51.335 E.07187
G1 X121.266 Y89.915 E4.75873
G1 X121.091 Y90.018 E.01771
;WIDTH:0.623628
G1 F4575.641
G1 X120.916 Y90.122 E.01665
;WIDTH:0.587257
G1 F4901.961
G1 X120.871 Y90.077 E.00486
G1 X120.809 Y90.094 E.00491
G1 X120.793 Y90.155 E.00481
G1 X120.838 Y90.2 E.00486
G1 X120.899 Y90.184 E.00481
;WIPE_START
G1 F9600
G1 X120.838 Y90.2 E-.01123
G1 X120.793 Y90.155 E-.01134
G1 X120.809 Y90.094 E-.01123
G1 X120.871 Y90.077 E-.01145
G1 X120.916 Y90.122 E-.01134
G1 X121.091 Y90.018 E-.03626
G1 X121.266 Y89.915 E-.03617
G1 X123.93 Y87.251 E-.67098
;WIPE_END
G1 X122.046 Y89.959 F12000
G1 E.8 F1800
;WIDTH:0.66
G1 F4290.056
G1 X160.67 Y51.335 E4.76415
G1 X161.494 Y51.335 E.07187
G1 X122.659 Y90.171 E4.79024
G1 X123.261 Y90.393 E.05596
G1 X161.573 Y52.081 E4.72567
G1 X161.573 Y52.905 E.07187
G1 X123.862 Y90.615 E4.65148
G1 X124.464 Y90.838 E.05599
G1 X161.573 Y53.729 E4.57728
G1 X161.573 Y54.553 E.07187
G1 X125.066 Y91.06 E4.50303
G1 X125.658 Y91.292 E.05546
G1 X161.573 Y55.377 E4.43001
G1 X161.573 Y56.201 E.07187
G1 X126.16 Y91.614 E4.36809
G1 X126.554 Y92.044 E.05087
G1 X161.573 Y57.025 E4.31949
G1 X161.573 Y57.85 E.07196
G1 X126.846 Y92.577 E4.28347
;WIPE_START
G1 F9600
G1 X130.022 Y89.401 E-.8
;WIPE_END
G1 X130.513 Y89.733 F12000
G1 E.8 F1800
G1 F4290.056
G1 X161.573 Y58.674 E3.8311
G1 X161.573 Y59.498 E.07187
G1 X131.413 Y89.658 E3.72015
G1 X132.092 Y89.802 E.06054
G1 X161.573 Y60.322 E3.63633
G1 X161.573 Y61.146 E.07187
G1 X132.662 Y90.057 E3.56609
G1 X133.219 Y90.324 E.05387
G1 X161.573 Y61.97 E3.49738
G1 X161.573 Y62.794 E.07187
G1 X133.767 Y90.6 E3.42979
G1 X134.307 Y90.884 E.05322
G1 X161.573 Y63.618 E3.36318
G1 X161.573 Y64.443 E.07196
G1 X134.843 Y91.173 E3.29707
G1 X135.371 Y91.469 E.05279
G1 X161.573 Y65.267 E3.23194
G1 X161.573 Y66.091 E.07187
G1 X135.896 Y91.767 E3.16712
G1 X136.415 Y92.073 E.05255
G1 X161.573 Y66.915 E3.10316
G1 X161.573 Y67.739 E.07187
G1 X136.931 Y92.38 E3.03946
G1 X137.443 Y92.693 E.05234
G1 X161.573 Y68.563 E2.97636
G1 X161.573 Y69.387 E.07187
G1 X137.952 Y93.008 E2.91358
G1 X138.458 Y93.326 E.05212
G1 X161.573 Y70.211 E2.85117
G1 X161.573 Y71.036 E.07196
G1 X138.959 Y93.65 E2.78937
;WIPE_START
G1 F9600
G1 X142.135 Y90.474 E-.8
;WIPE_END
G1 X142.853 Y90.414 F12000
G1 E.8 F1800
;WIDTH:0.587257
G1 F4901.961
G1 X142.385 Y90.81 E.0468
G1 X142.03 Y91.195 E.03997
G1 X141.757 Y91.547 E.034
G1 X142.369 Y90.826 E.07219
G1 X142.782 Y90.448 E.04274
G1 X143.076 Y90.226 E.02812
;WIDTH:0.623628
G1 F4575.641
G1 X143.282 Y90.085 E.02041
;WIDTH:0.66
G1 F4290.056
G1 X143.488 Y89.945 E.02172
G1 X161.573 Y71.86 E2.23073
G1 X161.573 Y72.684 E.07187
G1 X144.465 Y89.791 E2.11016
G1 X145.221 Y89.86 E.06621
G1 X161.573 Y73.508 E2.01697
G1 X161.573 Y74.332 E.07187
G1 X145.879 Y90.026 E1.93581
G1 X146.476 Y90.253 E.05571
G1 X161.573 Y75.156 E1.86217
G1 X161.573 Y75.98 E.07187
G1 X147.035 Y90.518 E1.79322
G1 X147.576 Y90.801 E.05325
G1 X161.573 Y76.804 E1.72649
G1 X161.573 Y77.629 E.07196
G1 X148.105 Y91.096 E1.66118
G1 X148.626 Y91.399 E.05257
G1 X161.573 Y78.453 E1.59691
G1 X161.573 Y79.277 E.07187
G1 X149.143 Y91.707 E1.5332
G1 X149.657 Y92.016 E.05231
G1 X161.573 Y80.101 E1.46974
G1 X161.573 Y80.925 E.07187
G1 X150.163 Y92.335 E1.40739
G1 X150.671 Y92.651 E.05218
G1 X161.573 Y81.749 E1.34473
G1 X161.573 Y82.573 E.07187
G1 X151.184 Y92.962 E1.28145
G1 X151.7 Y93.27 E.05241
G1 X161.573 Y83.397 E1.2178
G1 X161.573 Y84.222 E.07196
G1 X152.219 Y93.575 E1.15373
G1 X152.739 Y93.879 E.05254
G1 X161.573 Y85.046 E1.08959
G1 X161.573 Y85.87 E.07187
G1 X153.26 Y94.183 E1.02538
G1 X153.754 Y94.512 E.05177
G1 X161.573 Y86.694 E.96439
G1 X161.573 Y87.518 E.07187
G1 X154.159 Y94.932 E.91449
G1 X154.448 Y95.467 E.05304
G1 X161.573 Y88.342 E.87885
G1 X161.573 Y89.166 E.07187
G1 X154.632 Y96.106 E.85609
G1 X154.799 Y96.764 E.05921
G1 X161.573 Y89.99 E.83555
G1 X161.573 Y90.815 E.07196
G1 X154.903 Y97.484 E.82266
;WIPE_START
G1 F9600
G1 X158.079 Y94.308 E-.8
;WIPE_END
G1 X153.961 Y99.35 F12000
G1 E.8 F1800
;WIDTH:0.587257
G1 F4901.961
G1 X154.323 Y98.974 E.03984
;WIDTH:0.623628
G1 F4575.641
G1 X154.486 Y98.768 E.02148
;WIDTH:0.66
G1 F4290.056
G1 X154.649 Y98.562 E.02291
G1 X161.573 Y91.639 E.85399
G1 X161.573 Y92.463 E.07187
G1 X151.672 Y102.364 E1.22126
G1 X151.892 Y102.968 E.05607
G1 X161.573 Y93.287 E1.19412
G1 X161.573 Y94.111 E.07187
G1 X152.112 Y103.572 E1.16699
G1 X152.332 Y104.176 E.05607
G1 X161.573 Y94.935 E1.13985
G1 X161.573 Y95.759 E.07187
G1 X152.552 Y104.78 E1.11271
G1 X152.772 Y105.384 E.05607
G1 X161.573 Y96.583 E1.08558
G1 X161.573 Y97.407 E.07187
G1 X152.99 Y105.991 E1.05875
G1 X153.204 Y106.6 E.0563
G1 X161.573 Y98.232 E1.03223
G1 X161.573 Y99.056 E.07187
G1 X153.413 Y107.216 E1.00651
G1 X153.605 Y107.848 E.05761
G1 X161.573 Y99.88 E.98283
G1 X161.573 Y100.704 E.07187
G1 X153.754 Y108.523 E.96445
;WIPE_START
G1 F9600
G1 X156.93 Y105.347 E-.8
;WIPE_END
G1 X153.622 Y109.717 F12000
G1 E.8 F1800
;WIDTH:0.587257
G1 F4901.961
G1 X153.577 Y109.672 E.00486
G1 X153.516 Y109.689 E.00483
G1 X153.499 Y109.75 E.00483
G1 X153.544 Y109.796 E.00491
G1 X153.606 Y109.779 E.00491
;WIDTH:0.623628
G1 F4575.641
G1 X153.692 Y109.55 E.02
;WIDTH:0.66
G1 F4290.056
G1 X153.779 Y109.322 E.02128
G1 X161.573 Y101.528 E.96137
G1 X161.573 Y102.352 E.07187
G1 X153.332 Y110.593 E1.0165
G1 X153.148 Y110.802 E.02429
;WIDTH:0.623628
G1 F4575.641
G1 X152.965 Y111.01 E.02266
;WIDTH:0.587257
G1 F4901.961
G1 X152.92 Y110.965 E.00486
G1 X152.858 Y110.982 E.00491
G1 X152.842 Y111.043 E.00481
G1 X152.887 Y111.088 E.00486
G1 X152.948 Y111.072 E.00481
;WIDTH:0.66
G1 F4290.056
G1 X153.436 Y111.313 E.04747
G1 X161.573 Y103.176 E1.00367
G1 X161.573 Y104 E.07187
G1 X153.889 Y111.684 E.9478
G1 X154.342 Y112.056 E.05113
G1 X161.573 Y104.825 E.89192
G1 X161.573 Y105.649 E.07187
G1 X154.795 Y112.427 E.83605
G1 X155.279 Y112.767 E.05159
G1 X161.573 Y106.473 E.77635
G1 X161.573 Y107.297 E.07187
G1 X155.757 Y113.113 E.71739
G1 X156.235 Y113.459 E.05147
G1 X161.573 Y108.121 E.65843
G1 X161.573 Y108.945 E.07187
G1 X156.646 Y113.872 E.60773
G1 X156.964 Y114.378 E.05212
G1 X161.573 Y109.769 E.56851
G1 X161.573 Y110.593 E.07187
G1 X157.154 Y115.012 E.54507
;WIPE_START
G1 F9600
G1 X160.33 Y111.837 E-.8
;WIPE_END
G1 X156.916 Y116.279 F12000
G1 E.8 F1800
;WIDTH:0.587257
G1 F4901.961
G1 X156.871 Y116.234 E.00486
G1 X156.81 Y116.25 E.00481
G1 X156.793 Y116.312 E.00491
G1 X156.838 Y116.357 E.00486
G1 X156.9 Y116.34 E.00491
;WIDTH:0.623628
G1 F4575.641
G1 X157.003 Y116.112 E.02046
;WIDTH:0.66
G1 F4290.056
G1 X157.107 Y115.883 E.02194
G1 X161.573 Y111.418 E.55081
G1 X161.573 Y112.242 E.07187
G1 X156.488 Y117.327 E.62722
G1 X156.388 Y117.524 E.01927
;WIDTH:0.623628
G1 F4575.641
G1 X156.289 Y117.722 E.0181
;WIDTH:0.587257
G1 F4901.961
G1 X156.244 Y117.677 E.00486
G1 X156.182 Y117.693 E.00489
G1 X156.166 Y117.755 E.00489
G1 X156.211 Y117.8 E.00486
G1 X156.273 Y117.784 E.00489
;WIPE_START
G1 F9600
G1 X156.211 Y117.8 E-.01141
G1 X156.166 Y117.755 E-.01134
G1 X156.182 Y117.693 E-.01141
G1 X156.244 Y117.677 E-.01141
G1 X156.289 Y117.722 E-.01134
G1 X156.388 Y117.524 E-.03943
G1 X156.488 Y117.327 E-.03935
G1 X159.125 Y114.69 E-.66431
;WIPE_END
G1 X154.622 Y120.18 F12000
G1 E.8 F1800
G1 F4901.961
G1 X155.134 Y119.77 E.05007
G1 X155.534 Y119.359 E.04378
G1 X155.854 Y118.938 E.04037
;WIDTH:0.623628
G1 F4575.641
G1 X155.983 Y118.732 E.01988
;WIDTH:0.66
G1 F4290.056
G1 X156.113 Y118.526 E.02125
G1 X161.573 Y113.066 E.67347
;WIPE_START
G1 F9600
G1 X158.397 Y116.242 E-.8
;WIPE_END
G1 X141.473 Y91.959 F12000
G1 E.8 F1800
G1 F4290.056
G1 X139.459 Y93.973 E.24842
G1 X139.953 Y94.303 E.05182
G1 X141.255 Y93.001 E.1606
;WIPE_START
G1 F9600
G1 X139.953 Y94.303 E-.32798
G1 X139.459 Y93.973 E-.10582
G1 X140.913 Y92.519 E-.3662
;WIPE_END
G1 X141.489 Y95.463 F12000
G1 E.8 F1800
;WIDTH:0.739406
G1 F3775.585
G1 X141.45 Y95.251 E.02136
;WIDTH:0.72285
G1 F3872.409
G1 X141.346 Y94.759 E.04859
;WIDTH:0.720866
G1 F3884.346
G1 X141.256 Y94.186 E.05587
G1 X141.231 Y93.892 E.02842
G1 X140.492 Y94.631 E.10067
G1 X140.935 Y94.966 E.0535
;WIDTH:0.72285
G1 F3872.409
G1 X141.271 Y95.32 E.04716
;WIDTH:0.757782
G1 F3673.634
G1 X141.542 Y95.75 E.05177
;WIDTH:0.761733
G1 F3652.429
G1 X141.712 Y96.228 E.05197
;WIDTH:0.73264
G1 F3814.563
G1 X141.857 Y96.655 E.04423
;WIDTH:0.703547
G1 F3991.761
G1 X142.044 Y97.182 E.05242
;WIDTH:0.740902
G1 F3767.072
G1 X142.089 Y97.365 E.01872
;WIDTH:0.782407
G1 F3545.342
G1 X142.134 Y97.548 E.01989
;WIDTH:0.823913
G1 F3348.262
G1 X142.179 Y97.731 E.02106
;WIDTH:0.66
G1 F4290.056
G1 X142.505 Y98.344 E.06056
G1 X141.766 Y99.084 E.09122
G1 X142.74 Y98.934 E.08595
G1 X138.943 Y102.731 E.46835
G1 X139.178 Y103.32 E.05531
G1 X142.973 Y99.525 E.4681
G1 X143.2 Y100.122 E.05571
G1 X139.413 Y103.909 E.46712
G1 X139.648 Y104.498 E.05531
G1 X143.422 Y100.723 E.46557
G1 X143.646 Y101.324 E.05594
G1 X139.883 Y105.087 E.46415
G1 X140.116 Y105.678 E.05541
G1 X141.716 Y104.078 E.19736
G1 X141.853 Y103.872 E.02158
;WIDTH:0.623628
G1 F4575.641
G1 X141.989 Y103.666 E.02019
;WIDTH:0.587257
G1 F4901.961
G1 X142.414 Y103.135 E.05192
G1 X142.775 Y102.799 E.03764
G1 X143.263 Y102.472 E.04484
;WIDTH:0.635281
G1 F4480.088
G1 X143.332 Y102.438 E.00642
;WIDTH:0.683306
G1 F4125.075
G1 X143.4 Y102.404 E.0069
;WIDTH:0.731331
G1 F3822.196
G1 X143.469 Y102.37 E.00753
;WIDTH:0.779356
G1 F3560.751
G1 X143.538 Y102.336 E.00808
;WIDTH:0.82738
G1 F3332.783
G1 X143.607 Y102.302 E.00864
;WIDTH:0.875405
G1 F3132.249
G1 X143.676 Y102.269 E.00914
;WIDTH:0.92343
G1 F2954.478
G1 X143.745 Y102.235 E.00974
;WIDTH:0.971455
G1 F2795.801
G1 X143.813 Y102.201 E.01017
;WIPE_START
G1 F9600
G1 X143.745 Y102.235 E-.01354
G1 X143.676 Y102.269 E-.0137
G1 X143.607 Y102.302 E-.01362
G1 X143.538 Y102.336 E-.0137
G1 X143.469 Y102.37 E-.0137
G1 X143.4 Y102.404 E-.0137
G1 X143.332 Y102.438 E-.01354
G1 X143.263 Y102.472 E-.0137
G1 X142.775 Y102.799 E-.10464
G1 X142.414 Y103.135 E-.08785
G1 X141.989 Y103.666 E-.12115
G1 X141.853 Y103.872 E-.04397
G1 X141.716 Y104.078 E-.04407
G1 X140.568 Y105.226 E-.28912
;WIPE_END
G1 X141.639 Y104.979 F12000
G1 E.8 F1800
;WIDTH:0.66
G1 F4290.056
G1 X140.35 Y106.269 E.15906
;WIPE_START
G1 F9600
G1 X141.639 Y104.979 E-.32483
;WIPE_END
G1 E-.47517 F1800
G1 X141.545 Y105.897 F12000
G1 E.8 F1800
G1 F4290.056
G1 X140.581 Y106.861 E.11891
G1 X140.806 Y107.456 E.05548
G1 X140.997 Y108.066 E.05575
G1 X141.103 Y108.782 E.06313
G1 X141.068 Y109.386 E.05277
G1 X140.97 Y109.769 E.03448
G1 X142.917 Y107.822 E.24016
G1 X142.375 Y107.362 E.062
G1 X142.058 Y106.889 E.04966
G1 X141.86 Y106.347 E.05033
G1 X141.751 Y105.691 E.058
;WIPE_START
G1 F9600
G1 X141.86 Y106.347 E-.11845
G1 X142.058 Y106.889 E-.10278
G1 X142.375 Y107.362 E-.10142
G1 X142.917 Y107.822 E-.12663
G1 X141.525 Y109.214 E-.35072
;WIPE_END
G1 X141.376 Y107.03 F12000
G1 E.8 F1800
;WIDTH:0.872181
G1 F3144.955
G1 X141.453 Y107.22 E.02439
G1 X141.524 Y107.287 E.01161
;WIDTH:0.825388
G1 F3341.659
G1 X141.594 Y107.353 E.01077
;WIDTH:0.778595
G1 F3564.612
G1 X141.665 Y107.42 E.01025
;WIDTH:0.731802
G1 F3819.443
G1 X141.736 Y107.486 E.0095
;WIDTH:0.68501
G1 F4113.513
G1 X141.862 Y107.61 E.01608
;WIDTH:0.6487
G1 F4374.884
G1 X141.989 Y107.734 E.01518
;WIDTH:0.612391
G1 F4671.724
G1 X142.116 Y107.859 E.01427
;WIDTH:0.576082
G1 F5011.777
G1 X141.604 Y108.37 E.05401
;WIDTH:0.598753
G1 F4793.9
G1 X141.49 Y107.775 E.04729
;WIDTH:0.642086
G1 F4426.118
G1 X141.484 Y107.687 E.00746
;WIDTH:0.685419
G1 F4110.747
G1 X141.479 Y107.599 E.00802
;WIDTH:0.728752
G1 F3837.328
G1 X141.473 Y107.511 E.0086
;WIDTH:0.771771
G1 F3599.636
G1 X141.441 Y107.351 E.01696
;WIDTH:0.814791
G1 F3389.673
G1 X141.408 Y107.19 E.01814
;WIDTH:0.857811
G1 F3202.853
G1 X141.394 Y107.118 E.00857
;WIPE_START
G1 F9600
G1 X141.408 Y107.19 E-.01307
G1 X141.441 Y107.351 E-.02927
G1 X141.473 Y107.511 E-.02906
G1 X141.479 Y107.599 E-.01571
G1 X141.484 Y107.687 E-.0157
G1 X141.49 Y107.775 E-.01571
G1 X141.604 Y108.37 E-.10791
G1 X142.116 Y107.859 E-.12885
G1 X141.989 Y107.734 E-.03174
G1 X141.862 Y107.61 E-.03162
G1 X141.736 Y107.486 E-.03149
G1 X141.665 Y107.42 E-.01727
G1 X141.594 Y107.353 E-.01739
G1 X141.524 Y107.287 E-.01714
G1 X141.453 Y107.22 E-.01739
G1 X141.376 Y107.03 E-.03652
;WIPE_END
G1 E-.24416 F1800
G1 X143.424 Y108.139 F12000
G1 E.8 F1800
;WIDTH:0.66
G1 F4290.056
G1 X95.189 Y156.374 E5.94964
G1 X96.013 Y156.374 E.07187
G1 X143.938 Y108.449 E5.91141
G1 X144.452 Y108.759 E.05235
G1 X96.837 Y156.374 E5.87317
G1 X97.661 Y156.374 E.07187
G1 X144.971 Y109.064 E5.83555
G1 X145.491 Y109.369 E.05258
G1 X98.485 Y156.374 E5.79799
G1 X99.309 Y156.374 E.07187
G1 X146.016 Y109.668 E5.76111
G1 X146.541 Y109.967 E.0527
G1 X100.134 Y156.374 E5.72416
G1 X100.958 Y156.374 E.07187
G1 X147.072 Y110.26 E5.68802
G1 X147.608 Y110.548 E.05307
G1 X101.782 Y156.374 E5.6525
G1 X102.606 Y156.374 E.07187
G1 X148.152 Y110.828 E5.61796
G1 X148.705 Y111.099 E.05371
G1 X103.43 Y156.374 E5.58454
G1 X104.254 Y156.374 E.07187
G1 X149.275 Y111.353 E5.55321
G1 X149.874 Y111.579 E.05584
G1 X105.078 Y156.374 E5.52539
;WIPE_START
G1 F9600
G1 X108.254 Y153.198 E-.8
;WIPE_END
G1 X149.6 Y112.571 F12000
G1 E.8 F1800
;WIDTH:0.587257
G1 F4901.961
G1 X150.394 Y111.541 E.09927
;WIPE_START
G1 F9600
G1 X149.6 Y112.571 E-.23165
;WIPE_END
G1 E-.56835 F1800
G1 X149.294 Y112.983 F12000
G1 E.8 F1800
;WIDTH:0.66
G1 F4290.056
G1 X105.902 Y156.374 E5.35221
G1 X106.726 Y156.374 E.07187
G1 X148.673 Y114.428 E5.17398
G1 X148.787 Y114.431 E.00995
;WIDTH:0.623628
G1 F4575.641
G1 X148.901 Y114.434 E.00933
;WIDTH:0.587257
G1 F4901.961
G1 X148.959 Y114.242 E.01531
G1 X148.937 Y114.015 E.01741
;WIPE_START
G1 F9600
G1 X148.959 Y114.242 E-.04062
G1 X148.901 Y114.434 E-.03573
G1 X148.787 Y114.431 E-.02031
G1 X148.673 Y114.428 E-.02031
G1 X145.962 Y117.139 E-.68303
;WIPE_END
G1 X148.382 Y115.543 F12000
G1 E.8 F1800
;WIDTH:0.66
G1 F4290.056
G1 X107.55 Y156.374 E5.03644
G1 X108.375 Y156.374 E.07196
G1 X148.388 Y116.361 E4.93548
G1 X148.585 Y116.988 E.05732
G1 X109.199 Y156.375 E4.85821
G1 X110.023 Y156.375 E.07187
G1 X148.922 Y117.475 E4.79814
G1 X149.344 Y117.877 E.05083
G1 X110.847 Y156.375 E4.74855
G1 X111.671 Y156.375 E.07187
G1 X149.845 Y118.201 E4.70865
G1 X150.344 Y118.526 E.05194
G1 X112.495 Y156.375 E4.66856
G1 X113.319 Y156.375 E.07187
G1 X150.829 Y118.864 E4.62681
G1 X151.301 Y119.217 E.05141
G1 X114.143 Y156.375 E4.58333
G1 X114.967 Y156.375 E.07187
G1 X151.769 Y119.573 E4.53942
G1 X152.25 Y119.916 E.05153
G1 X115.791 Y156.375 E4.49711
G1 X116.615 Y156.375 E.07187
G1 X152.762 Y120.228 E4.45862
G1 X153.407 Y120.408 E.05841
G1 X117.44 Y156.375 E4.43642
;WIPE_START
G1 F9600
G1 X120.616 Y153.199 E-.8
;WIPE_END
G1 X118.737 Y156.529 F12000
G1 E.8 F1800
;WIDTH:0.587257
G1 F4901.961
G1 X118.692 Y156.484 E.00486
G1 X118.631 Y156.5 E.00481
G1 X118.614 Y156.562 E.00491
G1 X118.659 Y156.607 E.00486
G1 X118.721 Y156.591 E.00489
;WIDTH:0.623628
G1 F4575.641
G1 X118.492 Y156.483 E.0207
;WIDTH:0.66
G1 F4290.056
G1 X118.264 Y156.375 E.022
G1 X154.21 Y120.428 E4.43389
;WIPE_START
G1 F9600
G1 X151.034 Y123.604 E-.8
;WIPE_END
G1 X161.573 Y113.89 F12000
G1 E.8 F1800
G1 F4290.056
G1 X119.088 Y156.375 E5.2404
G1 X119.912 Y156.375 E.07187
G1 X161.573 Y114.714 E5.13876
G1 X161.573 Y115.538 E.07187
G1 X120.736 Y156.375 E5.03712
G1 X121.56 Y156.375 E.07187
G1 X161.573 Y116.362 E4.93548
G1 X161.573 Y117.186 E.07187
G1 X122.384 Y156.375 E4.83385
G1 X123.208 Y156.375 E.07187
G1 X161.573 Y118.011 E4.73215
G1 X161.573 Y118.835 E.07187
G1 X124.032 Y156.375 E4.63051
G1 X124.856 Y156.375 E.07187
G1 X161.573 Y119.659 E4.52887
G1 X161.573 Y120.483 E.07187
G1 X125.68 Y156.375 E4.42723
G1 X126.505 Y156.375 E.07196
G1 X161.573 Y121.307 E4.32553
G1 X161.573 Y122.131 E.07187
G1 X127.329 Y156.375 E4.22389
G1 X128.153 Y156.375 E.07187
G1 X161.573 Y122.955 E4.12226
G1 X161.573 Y123.779 E.07187
G1 X128.977 Y156.375 E4.02062
G1 X129.801 Y156.375 E.07187
G1 X161.573 Y124.604 E3.91892
G1 X161.573 Y125.428 E.07187
G1 X130.625 Y156.375 E3.81728
G1 X131.449 Y156.375 E.07187
G1 X161.573 Y126.252 E3.71564
G1 X161.573 Y127.076 E.07187
G1 X132.273 Y156.375 E3.61401
G1 X133.097 Y156.375 E.07187
G1 X161.573 Y127.9 E3.51237
G1 X161.573 Y128.724 E.07187
G1 X133.921 Y156.375 E3.41073
G1 X134.745 Y156.375 E.07187
G1 X161.573 Y129.548 E3.30909
G1 X161.573 Y130.372 E.07187
G1 X135.57 Y156.375 E3.20739
G1 X136.394 Y156.376 E.07187
G1 X161.573 Y131.197 E3.10575
G1 X161.573 Y132.021 E.07187
G1 X137.218 Y156.376 E3.00412
G1 X138.042 Y156.376 E.07187
G1 X161.573 Y132.845 E2.90248
G1 X161.573 Y133.669 E.07187
G1 X138.866 Y156.376 E2.80084
G1 X139.69 Y156.376 E.07187
G1 X161.573 Y134.493 E2.6992
G1 X161.573 Y135.317 E.07187
G1 X140.514 Y156.376 E2.59756
G1 X141.338 Y156.376 E.07187
G1 X161.573 Y136.141 E2.49593
G1 X161.573 Y136.965 E.07187
G1 X142.162 Y156.376 E2.39429
G1 X142.986 Y156.376 E.07187
G1 X161.573 Y137.79 E2.29259
G1 X161.573 Y138.614 E.07187
G1 X143.81 Y156.376 E2.19095
G1 X144.635 Y156.376 E.07196
G1 X161.573 Y139.438 E2.08925
G1 X161.573 Y140.262 E.07187
G1 X145.459 Y156.376 E1.98761
G1 X146.283 Y156.376 E.07187
G1 X161.573 Y141.086 E1.88598
G1 X161.573 Y141.91 E.07187
G1 X147.107 Y156.376 E1.78434
G1 X147.931 Y156.376 E.07187
G1 X161.573 Y142.734 E1.6827
G1 X161.573 Y143.558 E.07187
G1 X148.755 Y156.376 E1.58106
G1 X149.579 Y156.376 E.07187
G1 X161.573 Y144.382 E1.47942
G1 X161.573 Y145.207 E.07196
G1 X150.403 Y156.376 E1.37772
G1 X151.227 Y156.376 E.07187
G1 X161.573 Y146.031 E1.27609
G1 X161.573 Y146.855 E.07187
G1 X152.051 Y156.376 E1.17445
G1 X152.876 Y156.376 E.07196
G1 X161.573 Y147.679 E1.07275
G1 X161.573 Y148.503 E.07187
G1 X153.7 Y156.376 E.97111
G1 X154.524 Y156.376 E.07187
G1 X161.573 Y149.327 E.86947
G1 X161.573 Y150.151 E.07187
G1 X155.348 Y156.376 E.76784
G1 X156.172 Y156.376 E.07187
G1 X161.573 Y150.975 E.6662
G1 X161.573 Y151.8 E.07196
G1 X156.996 Y156.376 E.5645
G1 X157.82 Y156.376 E.07187
G1 X161.573 Y152.624 E.46286
G1 X161.573 Y153.448 E.07187
G1 X158.644 Y156.376 E.36122
G1 X159.468 Y156.376 E.07187
G1 X161.573 Y154.272 E.25958
G1 X161.573 Y155.096 E.07187
G1 X160.292 Y156.376 E.15795
;WIPE_START
G1 F9600
G1 X161.573 Y155.096 E-.32257
G1 X161.573 Y154.272 E-.14678
G1 X160.26 Y155.585 E-.33065
;WIPE_END
G1 X161.514 Y156.318 F12000
G1 E.8 F1800
;WIDTH:0.927241
G1 F2941.232
G1 X161.412 Y156.345 E.01342
G1 X161.336 Y156.27 E.01358
G1 X161.364 Y156.168 E.01346
G1 X161.467 Y156.14 E.01358
G1 X161.542 Y156.215 E.01349
;WIPE_START
G1 F9600
G1 X161.467 Y156.14 E-.01889
G1 X161.364 Y156.168 E-.01901
G1 X161.336 Y156.27 E-.01884
G1 X161.412 Y156.345 E-.01902
G1 X161.514 Y156.318 E-.01879
;WIPE_END
G1 E-.70545 F1800
G1 X127.069 Y93.178 F12000
G1 E.8 F1800
;WIDTH:0.66
G1 F4290.056
G1 X128.923 Y91.324 E.22869
G1 X129.068 Y91.118 E.02197
;WIDTH:0.623628
G1 F4575.641
G1 X129.213 Y90.912 E.0206
;WIDTH:0.587257
G1 F4901.961
G1 X129.582 Y90.488 E.0429
G1 X130.101 Y90.024 E.05314
;WIPE_START
G1 F9600
G1 X129.582 Y90.488 E-.12401
G1 X129.213 Y90.912 E-.10012
G1 X129.068 Y91.118 E-.04487
G1 X128.923 Y91.324 E-.04487
G1 X127.069 Y93.178 E-.46704
;WIPE_END
G1 E-.01909 F1800
G1 X128.835 Y92.101 F12000
G1 E.8 F1800
G1 F4901.961
G1 X128.79 Y92.056 E.00486
G1 X128.729 Y92.073 E.00483
G1 X128.712 Y92.134 E.00483
G1 X128.757 Y92.179 E.00486
G1 X128.819 Y92.163 E.00489
;WIDTH:0.623628
G1 F4575.641
G1 X128.68 Y92.346 E.01879
;WIDTH:0.66
G1 F4290.056
G1 X128.541 Y92.53 E.02011
G1 X127.292 Y93.779 E.15406
G1 X128.156 Y93.867 E.07575
;WIDTH:0.842262
G1 F3267.952
G1 X127.621 Y94.403 E.08671
G1 X127.9 Y95.223 E.09917
;WIDTH:0.794673
G1 F3484.729
G1 X128.08 Y95.744 E.05919
;WIDTH:0.770694
G1 F3605.23
G1 X128.358 Y96.519 E.08545
;WIDTH:0.753326
G1 F3697.847
G1 X128.812 Y97.757 E.13343
;WIDTH:0.742134
G1 F3760.094
G1 X130.126 Y101.305 E.37651
;WIDTH:0.736916
G1 F3789.837
G1 X130.167 Y101.416 E.01168
G1 X131.062 Y101.939 E.10235
G1 X130.744 Y101.077 E.09071
;WIDTH:0.742181
G1 F3759.828
G1 X129.435 Y97.526 E.37664
;WIDTH:0.753564
G1 F3696.546
G1 X128.994 Y96.289 E.13293
;WIDTH:0.770694
G1 F3605.23
G1 X128.739 Y95.531 E.083
;WIDTH:0.792103
G1 F3497.257
G1 X128.593 Y95.046 E.05419
;WIDTH:0.834526
G1 F3301.336
G1 X128.455 Y94.497 E.06416
;WIDTH:0.842262
G1 F3267.952
G1 X128.362 Y93.661 E.09631
;WIPE_START
G1 F9600
G1 X128.455 Y94.497 E-.14983
G1 X128.593 Y95.046 E-.10083
G1 X128.739 Y95.531 E-.09022
G1 X128.994 Y96.289 E-.14245
G1 X129.435 Y97.526 E-.23392
G1 X129.596 Y97.962 E-.08275
;WIPE_END
G1 X119.626 Y90.731 F12000
G1 E.8 F1800
;WIDTH:0.66
G1 F4290.056
G1 X117.373 Y92.984 E.2779
G1 X117.873 Y93.308 E.05197
G1 X119.133 Y92.048 E.15542
G1 X119.268 Y91.864 E.0199
;WIDTH:0.623628
G1 F4575.641
G1 X119.402 Y91.681 E.01855
;WIDTH:0.587257
G1 F4901.961
G1 X119.34 Y91.697 E.00489
G1 X119.295 Y91.652 E.00486
G1 X119.312 Y91.591 E.00483
G1 X119.373 Y91.574 E.00483
G1 X119.418 Y91.619 E.00486
;WIPE_START
G1 F9600
G1 X119.373 Y91.574 E-.01134
G1 X119.312 Y91.591 E-.01128
G1 X119.295 Y91.652 E-.01128
G1 X119.34 Y91.697 E-.01134
G1 X119.402 Y91.681 E-.01141
G1 X119.268 Y91.864 E-.0404
G1 X119.133 Y92.048 E-.04065
G1 X117.873 Y93.308 E-.3174
G1 X117.373 Y92.984 E-.10613
G1 X118.321 Y92.036 E-.23877
;WIPE_END
G1 X119.158 Y92.93 F12000
G1 E.8 F1800
;WIDTH:0.777729
G1 F3569.022
G1 X119.713 Y94.454 E.17004
G1 X118.462 Y93.626 E.15728
G1 X118.952 Y93.136 E.07265
;LAYER_CHANGE
;Z:1.02
;HEIGHT:0.36
;BEFORE_LAYER_CHANGE
G92 E0
;1.02


;WIPE_START
G1 F9600
G1 X118.462 Y93.626 E-.12343
G1 X119.713 Y94.454 E-.26722
G1 X119.158 Y92.93 E-.2889
;WIPE_END
G1 E-.12045 F1800
G1 Z1.02 F12000
;AFTER_LAYER_CHANGE
;1.02
G1 X111.72 Y109.566
G1 E.8 F1800
;TYPE:External perimeter
;WIDTH:0.63
G1 F3600
G1 X111.702 Y109.563 E.00151
G1 X110.886 Y109.257 E.0721
G1 X110.334 Y108.962 E.05178
G1 X107.336 Y107.087 E.29254
G1 X106.725 Y106.631 E.06307
G1 X105.929 Y105.835 E.09313
G1 X105.522 Y105.303 E.05541
G1 X104.883 Y104.358 E.09437
G1 X104.485 Y103.701 E.06355
G1 X104.116 Y103.037 E.06284
G1 X103.77 Y102.359 E.06297
G1 X103.166 Y101.011 E.1222
G1 X102.663 Y99.676 E.11802
G1 X102.259 Y98.385 E.11191
G1 X101.953 Y97.167 E.1039
G1 X101.743 Y96.058 E.09338
G1 X101.645 Y95.294 E.06372
G1 X101.615 Y94.45 E.06987
G1 X101.678 Y93.735 E.05938
G1 X101.784 Y93.233 E.04245
G1 X101.938 Y92.719 E.04439
G1 X102.236 Y92.241 E.0466
G1 X102.64 Y91.92 E.04269
G1 X102.784 Y91.855 E.01307
;WIDTH:0.608478
G1 X103.311 Y91.765 E.04251
;WIDTH:0.63
G1 X103.799 Y91.803 E.04049
G1 X104.31 Y91.959 E.0442
G1 X105.012 Y92.268 E.06345
G1 X105.691 Y92.637 E.06393
G1 X106.145 Y92.892 E.04308
G1 X107.712 Y93.873 E.15295
G1 X110.685 Y95.865 E.29606
G1 X110.12 Y93.839 E.17401
G1 X109.961 Y92.955 E.07431
G1 X110.011 Y92.388 E.04709
G1 X110.228 Y92.013 E.03584
G1 X110.56 Y91.821 E.03173
G1 X110.824 Y91.783 E.02207
G1 X111.242 Y91.842 E.03492
G1 X112 Y92.153 E.06778
G1 X112.505 Y92.41 E.04688
G1 X113.633 Y93.045 E.10709
G1 X114.873 Y93.797 E.11997
G1 X116.121 Y94.588 E.12224
G1 X118.923 Y96.433 E.27755
G1 X119.038 Y96.574 E.01505
G1 X119.2 Y97.922 E.11232
G1 X119.158 Y98.104 E.01545
G1 X119.004 Y98.22 E.01595
G1 X118.843 Y98.228 E.01334
G1 X117.115 Y97.166 E.1678
G1 X116.123 Y96.583 E.09519
G1 X115.198 Y96.073 E.08739
G1 X114.695 Y95.846 E.04565
G1 X114.432 Y95.788 E.02228
G1 X114.379 Y96.035 E.0209
G1 X114.371 Y96.238 E.01681
G1 X114.441 Y96.674 E.03653
G1 X114.708 Y97.681 E.08619
G1 X115.144 Y99.089 E.12194
G1 X115.984 Y101.586 E.21795
G1 X116.586 Y103.307 E.15084
G1 X117.998 Y107.223 E.34438
G1 X118.623 Y107.926 E.07782
G1 X119.364 Y108.694 E.08829
G1 X119.438 Y108.844 E.01384
G1 X119.388 Y109.049 E.01746
G1 X119.232 Y109.154 E.01556
G1 X118.632 Y109.306 E.05121
G1 X117.479 Y109.532 E.0972
G1 X116.236 Y109.696 E.10372
G1 X115.595 Y109.751 E.05322
G1 X114.333 Y109.796 E.10447
G1 X113.699 Y109.786 E.05246
G1 X112.63 Y109.73 E.08856
G1 X111.808 Y109.582 E.0691
;WIPE_START
G1 F9600
G1 X111.72 Y109.566 E-.01593
G1 X111.702 Y109.563 E-.00325
G1 X110.886 Y109.257 E-.15523
G1 X110.334 Y108.962 E-.11149
G1 X107.887 Y107.432 E-.5141
;WIPE_END
G1 X130.802 Y109.977 F12000
G1 E.8 F1800
;TYPE:Perimeter
;WIDTH:0.66
G1 F4290.056
G1 X130.785 Y109.998 E.00236
G1 X130.484 Y110.203 E.03176
G1 X130.003 Y110.352 E.04392
G1 X129.667 Y110.342 E.02932
G1 X129.043 Y110.161 E.05667
G1 X128.008 Y109.716 E.09826
G1 X127.115 Y109.294 E.08615
G1 X125.003 Y108.227 E.20638
G1 X122.593 Y106.929 E.23875
G1 X122.348 Y106.731 E.02747
G1 X122.197 Y106.466 E.0266
G1 X121.787 Y105.299 E.10788
G1 X121.742 Y105.077 E.01976
G1 X121.755 Y104.86 E.01896
G1 X121.912 Y104.507 E.0337
G1 X122.194 Y104.271 E.03207
G1 X122.383 Y104.199 E.01764
G1 X122.638 Y104.177 E.02232
G1 X122.911 Y104.241 E.02446
G1 X125.132 Y105.177 E.21021
G1 X125.358 Y105.254 E.02082
G1 X125.01 Y104.106 E.10463
G1 X124.278 Y101.995 E.19488
G1 X123.327 Y99.448 E.23713
G1 X122.794 Y98.079 E.12813
G1 X121.451 Y94.754 E.31277
G1 X120.577 Y92.448 E.21509
G1 X120.525 Y92.077 E.03267
G1 X120.614 Y91.765 E.0283
G1 X120.817 Y91.508 E.02856
G1 X121.121 Y91.341 E.03025
G1 X121.443 Y91.308 E.02823
G1 X121.658 Y91.357 E.01923
G1 X124.977 Y92.584 E.30863
G1 X125.242 Y92.741 E.02687
G1 X125.413 Y92.949 E.02349
G1 X128.948 Y102.438 E.88319
G1 X131.887 Y104.155 E.29688
G1 X132.894 Y104.729 E.1011
G1 X133.783 Y105.204 E.08791
G1 X132.752 Y102.194 E.2775
G1 X130.561 Y96.213 E.55556
G1 X130.191 Y95.095 E.10271
G1 X130.055 Y94.595 E.04519
G1 X129.941 Y93.975 E.05498
G1 X129.926 Y93.171 E.07014
G1 X130.124 Y92.272 E.08029
G1 X130.41 Y91.582 E.06515
G1 X130.582 Y91.327 E.02683
G1 X130.872 Y91.134 E.03038
G1 X131.198 Y91.074 E.02891
G1 X131.537 Y91.151 E.03032
G1 X132.368 Y91.532 E.07973
G1 X133.276 Y91.988 E.08862
G1 X134.263 Y92.519 E.09775
G1 X135.305 Y93.111 E.10453
G1 X137.508 Y94.451 E.2249
G1 X139.858 Y95.996 E.2453
G1 X140.105 Y96.246 E.03065
G1 X140.652 Y97.669 E.13297
G1 X140.697 Y98.075 E.03563
G1 X140.628 Y98.311 E.02145
G1 X140.512 Y98.497 E.01912
G1 X140.237 Y98.717 E.03072
G1 X140.019 Y98.791 E.02008
G1 X139.666 Y98.783 E.0308
G1 X138.67 Y98.286 E.09709
G1 X135.992 Y96.87 E.26422
G1 X135.187 Y96.483 E.0779
G1 X135.43 Y97.555 E.09587
G1 X135.811 Y98.701 E.10533
G1 X136.406 Y100.296 E.14848
G1 X139.205 Y107.344 E.66142
G1 X139.494 Y108.121 E.07231
G1 X139.637 Y108.691 E.05126
G1 X139.625 Y109.176 E.04231
G1 X139.435 Y109.677 E.04673
G1 X139.147 Y110.002 E.03787
G1 X138.684 Y110.26 E.04623
G1 X138.455 Y110.313 E.0205
G1 X137.948 Y110.358 E.04439
G1 X137.716 Y110.339 E.0203
G1 X136.977 Y110.175 E.06602
G1 X136.035 Y109.802 E.08837
G1 X135.028 Y109.279 E.09897
G1 X130.525 Y106.679 E.45352
G1 X130.993 Y108.046 E.12602
G1 X131.162 Y108.609 E.05127
G1 X131.214 Y108.973 E.03207
G1 X131.179 Y109.307 E.02929
G1 X131.036 Y109.691 E.03574
G1 X130.859 Y109.907 E.02436
G1 X130.405 Y109.548 F12000
;TYPE:External perimeter
;WIDTH:0.63
G1 F3600
G1 X130.266 Y109.678 E.01574
G1 X129.821 Y109.793 E.03802
G1 X129.235 Y109.626 E.05041
G1 X128.232 Y109.195 E.09031
G1 X127.358 Y108.781 E.08001
G1 X125.259 Y107.721 E.19454
G1 X122.862 Y106.429 E.22527
G1 X122.732 Y106.278 E.01648
G1 X122.323 Y105.111 E.1023
G1 X122.333 Y104.904 E.01714
G1 X122.456 Y104.774 E.01481
G1 X122.628 Y104.738 E.01454
G1 X124.93 Y105.708 E.20666
G1 X125.733 Y105.982 E.07019
G1 X126.017 Y105.978 E.0235
G1 X126.053 Y105.728 E.0209
G1 X125.843 Y104.876 E.07259
G1 X125.549 Y103.928 E.08211
G1 X124.813 Y101.802 E.18612
G1 X123.858 Y99.245 E.22581
G1 X123.322 Y97.87 E.12209
G1 X121.98 Y94.547 E.29648
G1 X121.107 Y92.247 E.20352
G1 X121.1 Y92.072 E.01449
G1 X121.213 Y91.919 E.01574
G1 X121.402 Y91.875 E.01605
G1 X122.291 Y92.196 E.07819
G1 X124.78 Y93.116 E.21953
G1 X124.923 Y93.236 E.01544
G1 X128.486 Y102.826 E.84636
G1 X132.62 Y105.226 E.39546
G1 X133.597 Y105.749 E.09168
G1 X133.993 Y105.921 E.03572
G1 X134.355 Y105.996 E.03058
G1 X134.503 Y105.967 E.01248
G1 X134.498 Y105.753 E.01771
G1 X134.374 Y105.197 E.04713
G1 X134.218 Y104.682 E.04452
G1 X133.287 Y102.004 E.23456
G1 X131.097 Y96.026 E.5267
G1 X130.73 Y94.917 E.09664
G1 X130.499 Y93.872 E.08854
G1 X130.493 Y93.17 E.05808
G1 X130.675 Y92.409 E.06473
G1 X130.931 Y91.808 E.05404
G1 X131.059 Y91.672 E.01545
G1 X131.253 Y91.65 E.01615
G1 X132.131 Y92.048 E.07975
G1 X133.022 Y92.496 E.08251
G1 X133.989 Y93.016 E.09083
G1 X135.017 Y93.6 E.09781
G1 X137.213 Y94.936 E.21265
G1 X139.546 Y96.471 E.23104
G1 X139.653 Y96.606 E.01425
G1 X140.119 Y97.866 E.11114
G1 X140.112 Y98.076 E.01738
G1 X139.961 Y98.219 E.0172
G1 X139.797 Y98.23 E.0136
G1 X136.253 Y96.365 E.33131
G1 X135.68 Y96.078 E.05302
G1 X135.055 Y95.809 E.05629
G1 X134.782 Y95.79 E.02264
G1 X134.688 Y95.883 E.01094
G1 X134.631 Y96.107 E.01912
G1 X134.632 Y96.605 E.0412
G1 X134.883 Y97.708 E.09358
G1 X135.275 Y98.89 E.10302
G1 X135.876 Y100.5 E.14217
G1 X138.678 Y107.553 E.62785
G1 X138.962 Y108.318 E.06751
G1 X139.074 Y108.78 E.03933
G1 X139.056 Y109.114 E.02767
G1 X138.94 Y109.394 E.02507
G1 X138.772 Y109.571 E.02019
G1 X138.405 Y109.748 E.03371
G1 X137.901 Y109.792 E.04185
G1 X137.1 Y109.621 E.06776
G1 X136.27 Y109.285 E.07408
G1 X135.29 Y108.775 E.0914
G1 X129.438 Y105.396 E.55904
G1 X130.066 Y107.092 E.14962
G1 X130.455 Y108.23 E.09949
G1 X130.618 Y108.772 E.04682
G1 X130.637 Y109.138 E.03032
G1 X130.517 Y109.444 E.02719
G1 X130.471 Y109.487 E.00521
;WIPE_START
G1 F9600
G1 X130.405 Y109.548 E-.01601
G1 X130.266 Y109.678 E-.0339
G1 X129.821 Y109.793 E-.08187
G1 X129.235 Y109.626 E-.10854
G1 X128.232 Y109.195 E-.19446
G1 X127.358 Y108.781 E-.17226
G1 X126.391 Y108.293 E-.19296
;WIPE_END
G1 X150.745 Y110.285 F12000
G1 E.8 F1800
;TYPE:Perimeter
;WIDTH:0.66
G1 F4290.056
G1 X150.349 Y110.198 E.03536
G1 X149.83 Y110.003 E.04836
G1 X148.68 Y109.456 E.11107
G1 X147.845 Y109.019 E.0822
G1 X146.217 Y108.103 E.16293
G1 X143.672 Y106.579 E.25873
G1 X143.453 Y106.391 E.02517
G1 X143.283 Y106.057 E.03269
G1 X143.072 Y104.695 E.12021
G1 X143.096 Y104.331 E.03182
G1 X143.24 Y104.048 E.02769
G1 X143.478 Y103.839 E.02763
G1 X143.679 Y103.753 E.01907
G1 X143.963 Y103.724 E.0249
G1 X144.312 Y103.826 E.03171
G1 X146.113 Y104.812 E.17908
G1 X146.546 Y105.019 E.04186
G1 X146.177 Y103.897 E.10302
G1 X144.385 Y99.124 E.44467
G1 X143.547 Y96.994 E.19964
G1 X143.167 Y95.896 E.10134
G1 X142.953 Y95.142 E.06836
G1 X142.792 Y94.385 E.0675
G1 X142.701 Y93.566 E.07187
G1 X142.737 Y92.915 E.05687
G1 X142.85 Y92.446 E.04208
G1 X143.112 Y91.951 E.04885
G1 X143.319 Y91.711 E.02764
G1 X143.735 Y91.413 E.04463
G1 X144.24 Y91.274 E.04568
G1 X144.786 Y91.272 E.04762
G1 X145.413 Y91.411 E.05601
G1 X146.13 Y91.699 E.06739
G1 X146.707 Y91.989 E.05632
G1 X148.081 Y92.772 E.13793
G1 X150.104 Y94.017 E.20718
G1 X152.731 Y95.564 E.2659
G1 X152.964 Y95.767 E.02695
G1 X153.121 Y96.084 E.03085
G1 X153.46 Y97.422 E.12039
G1 X153.473 Y97.775 E.03081
G1 X153.366 Y98.063 E.0268
G1 X153.129 Y98.318 E.03036
G1 X152.79 Y98.46 E.03206
G1 X152.433 Y98.447 E.03116
G1 X149.856 Y97.084 E.25427
G1 X148.635 Y96.494 E.11828
G1 X148.171 Y96.314 E.04341
G1 X148.29 Y97.069 E.06666
G1 X148.502 Y97.862 E.07159
G1 X148.681 Y98.418 E.05095
G1 X151.421 Y105.941 E.69832
G1 X151.942 Y107.417 E.13652
G1 X152.17 Y108.138 E.06595
G1 X152.304 Y108.712 E.05141
G1 X152.32 Y109.244 E.04642
G1 X152.206 Y109.611 E.03352
G1 X152.029 Y109.896 E.02926
G1 X151.601 Y110.21 E.0463
G1 X151.143 Y110.313 E.04094
G1 X150.851 Y110.308 E.02547
G1 X150.833 Y110.304 E.00161
G1 X150.856 Y109.725 F12000
;TYPE:External perimeter
;WIDTH:0.63
G1 F3600
G1 X150.425 Y109.62 E.0367
G1 X149.64 Y109.29 E.07045
G1 X149.134 Y109.053 E.04623
G1 X147.545 Y108.199 E.14924
G1 X146.496 Y107.608 E.09961
G1 X143.96 Y106.09 E.24452
G1 X143.839 Y105.943 E.01575
G1 X143.633 Y104.608 E.11175
G1 X143.661 Y104.438 E.01425
G1 X143.766 Y104.328 E.01258
G1 X143.962 Y104.281 E.01667
G1 X145.854 Y105.317 E.17845
G1 X146.659 Y105.703 E.07386
G1 X147.146 Y105.836 E.04176
G1 X147.188 Y105.797 E.00474
G1 X147.219 Y105.565 E.01936
G1 X147.127 Y104.978 E.04915
G1 X146.956 Y104.413 E.04884
G1 X146.711 Y103.702 E.06221
G1 X144.915 Y98.921 E.42252
G1 X144.075 Y96.784 E.18996
G1 X143.703 Y95.71 E.09403
G1 X143.499 Y94.988 E.06207
G1 X143.348 Y94.268 E.06086
G1 X143.266 Y93.507 E.06332
G1 X143.303 Y92.958 E.04552
G1 X143.415 Y92.562 E.03405
G1 X143.672 Y92.155 E.03982
G1 X144.057 Y91.897 E.03834
G1 X144.438 Y91.822 E.03212
G1 X144.809 Y91.846 E.03076
G1 X145.303 Y91.97 E.04214
G1 X145.912 Y92.223 E.05456
G1 X146.439 Y92.489 E.04884
G1 X147.792 Y93.26 E.12883
G1 X149.811 Y94.504 E.19619
G1 X152.443 Y96.054 E.2527
G1 X152.562 Y96.191 E.01501
G1 X152.909 Y97.562 E.117
G1 X152.897 Y97.734 E.01426
G1 X152.772 Y97.873 E.01547
G1 X152.573 Y97.897 E.01658
G1 X151.61 Y97.369 E.09086
G1 X149.84 Y96.446 E.16514
G1 X148.861 Y95.972 E.08999
G1 X147.969 Y95.628 E.07909
G1 X147.821 Y95.645 E.01232
G1 X147.685 Y95.798 E.01694
G1 X147.614 Y96.025 E.01968
G1 X147.61 Y96.484 E.03797
G1 X147.738 Y97.211 E.06107
G1 X147.962 Y98.042 E.0712
G1 X148.144 Y98.603 E.04879
G1 X150.887 Y106.134 E.66307
G1 X151.407 Y107.606 E.12915
G1 X151.629 Y108.308 E.06091
G1 X151.751 Y108.839 E.04507
G1 X151.742 Y109.23 E.03236
G1 X151.616 Y109.506 E.0251
G1 X151.368 Y109.692 E.02565
G1 X150.959 Y109.75 E.03417
G1 X150.943 Y109.747 E.00135
;WIPE_START
G1 F9600
G1 X150.856 Y109.725 E-.01598
G1 X150.425 Y109.62 E-.07902
G1 X149.64 Y109.29 E-.15168
G1 X149.134 Y109.053 E-.09953
G1 X147.545 Y108.199 E-.32133
G1 X146.897 Y107.834 E-.13246
;WIPE_END
G1 X152.913 Y118.591 F12000
G1 E.8 F1800
;TYPE:Perimeter
;WIDTH:0.66
G1 X151.391 Y117.469 E.16492
G1 X150.181 Y116.683 E.12585
G1 X149.933 Y116.434 E.03065
G1 X149.808 Y116.111 E.03021
G1 X149.823 Y115.768 E.02994
G1 X150 Y115.07 E.06281
G1 X150.253 Y114.369 E.065
G1 X150.617 Y113.601 E.07413
G1 X151.206 Y112.529 E.10668
G1 X151.478 Y112.287 E.03175
G1 X151.731 Y112.195 E.02348
G1 X151.95 Y112.183 E.01913
G1 X152.218 Y112.247 E.02403
G1 X152.424 Y112.372 E.02102
G1 X153.94 Y113.614 E.17093
G1 X155.38 Y114.642 E.15432
G1 X155.569 Y114.829 E.02319
G1 X155.7 Y115.095 E.02586
G1 X155.73 Y115.405 E.02716
G1 X155.647 Y115.7 E.02673
G1 X155.287 Y116.435 E.07138
G1 X155.041 Y117.035 E.05656
G1 X154.766 Y117.853 E.07527
G1 X154.614 Y118.416 E.05086
G1 X154.5 Y118.666 E.02396
G1 X154.238 Y118.917 E.03165
G1 X153.966 Y119.024 E.02549
G1 X153.615 Y119.02 E.03062
G1 X153.298 Y118.875 E.0304
G1 X152.985 Y118.645 E.03388
G1 X153.249 Y118.134 F12000
;TYPE:External perimeter
;WIDTH:0.63
G1 F1800
G1 X151.715 Y117.002 E.15772
G1 X150.491 Y116.207 E.12075
G1 X150.377 Y116.054 E.01578
G1 X150.374 Y115.907 E.01216
G1 X150.55 Y115.209 E.05955
G1 X150.786 Y114.564 E.05682
G1 X151.129 Y113.847 E.06575
G1 X151.716 Y112.809 E.09865
G1 X151.909 Y112.749 E.01672
G1 X152.064 Y112.811 E.01381
G1 X153.595 Y114.065 E.16372
G1 X155.05 Y115.104 E.14791
G1 X155.154 Y115.252 E.01496
G1 X155.137 Y115.45 E.01644
G1 X154.772 Y116.197 E.06878
G1 X154.562 Y116.676 E.04327
G1 X154.223 Y117.688 E.08829
G1 X154.066 Y118.268 E.04971
G1 X153.974 Y118.411 E.01407
G1 X153.802 Y118.472 E.0151
G1 X153.635 Y118.419 E.01449
G1 X153.321 Y118.187 E.0323
;WIPE_START
G1 F9600
G1 X153.249 Y118.134 E-.01593
G1 X151.715 Y117.002 E-.33959
G1 X150.491 Y116.207 E-.25998
G1 X150.377 Y116.054 E-.03399
G1 X150.374 Y115.907 E-.02619
G1 X150.545 Y115.231 E-.12432
;WIPE_END
G1 X106.481 Y121.263 F12000
G1 E.8 F1800
;TYPE:Perimeter
;WIDTH:0.66
G1 F4290.056
G1 X105.752 Y121.21 E.06375
G1 X104.93 Y121.018 E.07362
G1 X104.049 Y120.678 E.08236
G1 X102.859 Y120.002 E.11937
G1 X101.983 Y119.375 E.09396
G1 X101.519 Y119.003 E.05187
G1 X100.651 Y118.233 E.1012
G1 X99.726 Y117.325 E.11305
G1 X98.892 Y116.413 E.10779
G1 X98.505 Y115.933 E.05378
G1 X98.132 Y115.423 E.05511
G1 X97.77 Y114.876 E.05721
G1 X97.415 Y114.283 E.06028
G1 X97.064 Y113.636 E.0642
G1 X96.712 Y112.925 E.0692
G1 X96.347 Y112.129 E.07638
G1 X95.593 Y110.314 E.17142
G1 X95.18 Y109.246 E.09987
G1 X94.27 Y106.767 E.23032
G1 X91.177 Y97.864 E.82204
G1 X91.03 Y98.323 E.04204
G1 X90.632 Y99.836 E.13645
G1 X90.225 Y101.738 E.16965
G1 X89.773 Y104.229 E.22081
G1 X89.239 Y107.504 E.28942
G1 X87.766 Y117.267 E.86116
G1 X87.665 Y117.558 E.02687
G1 X87.449 Y117.807 E.02875
G1 X87.133 Y117.96 E.03062
G1 X86.779 Y117.971 E.03089
G1 X86.459 Y117.84 E.03016
G1 X85.068 Y116.702 E.15675
G1 X84.213 Y116.767 E.07479
G1 X83.461 Y116.791 E.06562
G1 X81.788 Y116.751 E.14596
G1 X80.946 Y116.655 E.07391
G1 X80.164 Y116.504 E.06947
G1 X79.375 Y116.281 E.07151
G1 X78.379 Y115.867 E.09408
G1 X77.685 Y115.489 E.06893
G1 X77.023 Y115.055 E.06904
G1 X76.453 Y114.631 E.06196
G1 X75.914 Y114.196 E.06041
G1 X75.396 Y113.744 E.05996
G1 X74.884 Y113.26 E.06145
G1 X73.999 Y112.319 E.11267
G1 X73.571 Y111.808 E.05814
G1 X73.184 Y111.302 E.05556
G1 X72.827 Y110.791 E.05437
G1 X72.502 Y110.277 E.05304
G1 X72.211 Y109.762 E.05159
G1 X71.956 Y109.246 E.0502
G1 X71.572 Y108.247 E.09335
G1 X71.347 Y107.242 E.08983
G1 X71.291 Y106.316 E.08091
G1 X71.373 Y105.354 E.08421
G1 X71.605 Y104.28 E.09583
G1 X71.979 Y103.129 E.10556
G1 X72.14 Y102.842 E.0287
G1 X72.327 Y102.679 E.02164
G1 X72.589 Y102.568 E.02482
G1 X72.952 Y102.563 E.03166
G1 X73.265 Y102.697 E.0297
G1 X76.363 Y104.647 E.31928
G1 X76.627 Y104.911 E.03256
G1 X76.738 Y105.18 E.02538
G1 X76.757 Y105.375 E.01709
G1 X76.715 Y105.626 E.0222
G1 X76.245 Y107.054 E.13112
G1 X76.097 Y107.589 E.04841
G1 X75.98 Y108.169 E.05161
G1 X75.905 Y108.783 E.05395
G1 X75.93 Y109.404 E.05421
G1 X76.046 Y109.915 E.0457
G1 X76.261 Y110.394 E.04579
G1 X76.573 Y110.84 E.04747
G1 X76.978 Y111.242 E.04977
G1 X77.474 Y111.586 E.05265
G1 X77.986 Y111.839 E.04981
G1 X78.48 Y112.014 E.04571
G1 X79.488 Y112.209 E.08955
G1 X80.519 Y112.276 E.09011
G1 X82.443 Y112.274 E.16781
G1 X83.052 Y112.25 E.05316
G1 X82.403 Y110.444 E.16738
G1 X81.414 Y107.792 E.24687
G1 X80.492 Y105.425 E.22156
G1 X79.633 Y103.337 E.19692
G1 X78.836 Y101.528 E.17241
G1 X78.101 Y99.994 E.14836
G1 X77.426 Y98.732 E.12483
G1 X77.122 Y98.22 E.05193
G1 X76.657 Y97.529 E.07264
G1 X76.153 Y96.953 E.06676
G1 X75.86 Y96.713 E.03303
G1 X75.314 Y96.428 E.05372
G1 X74.74 Y96.288 E.05153
G1 X74.073 Y96.198 E.0587
G1 X73.385 Y96.178 E.06003
G1 X72.31 Y96.212 E.09381
G1 X70.921 Y96.34 E.12166
G1 X70.638 Y96.318 E.02476
G1 X70.277 Y96.14 E.03511
G1 X67.818 Y93.126 E.33927
G1 X67.676 Y92.873 E.0253
G1 X67.629 Y92.569 E.02683
G1 X67.692 Y92.27 E.02665
G1 X67.845 Y92.028 E.02497
G1 X68.141 Y91.816 E.03176
G1 X68.418 Y91.75 E.02484
G1 X70.329 Y91.628 E.16702
G1 X71.431 Y91.632 E.09612
G1 X72.065 Y91.671 E.0554
G1 X72.693 Y91.744 E.05514
G1 X73.714 Y91.97 E.09121
G1 X74.791 Y92.379 E.10048
G1 X75.73 Y92.927 E.09483
G1 X76.602 Y93.547 E.09332
G1 X77.061 Y93.938 E.05259
G1 X77.958 Y94.811 E.10917
G1 X78.803 Y95.769 E.11142
G1 X79.235 Y96.31 E.06038
G1 X80.058 Y97.441 E.122
G1 X80.828 Y98.637 E.12406
G1 X81.205 Y99.279 E.06494
G1 X81.91 Y100.595 E.13021
G1 X82.527 Y101.906 E.12638
G1 X83.205 Y103.546 E.15478
G1 X84.504 Y106.982 E.32039
G1 X85.166 Y101.62 E.47122
G1 X85.527 Y99.32 E.20306
G1 X85.796 Y97.916 E.12468
G1 X86.148 Y96.424 E.1337
G1 X86.518 Y95.103 E.11965
G1 X86.755 Y94.31 E.07219
G1 X87.198 Y93.1 E.11239
G1 X87.528 Y92.265 E.07831
G1 X87.829 Y91.621 E.062
G1 X88.411 Y90.517 E.10885
G1 X88.809 Y89.887 E.06499
G1 X89.731 Y88.657 E.13407
G1 X90.648 Y87.712 E.11485
G1 X91.357 Y87.12 E.08056
G1 X92.38 Y86.448 E.10675
G1 X93.158 Y86.046 E.07638
G1 X93.998 Y85.703 E.07914
G1 X95.209 Y85.358 E.10983
G1 X96.112 Y85.191 E.08009
G1 X97.031 Y85.094 E.0806
G1 X97.821 Y85.063 E.06896
G1 X98.785 Y85.078 E.08409
G1 X99.557 Y85.137 E.06753
G1 X100.302 Y85.242 E.06562
G1 X101.034 Y85.398 E.06528
G1 X101.761 Y85.609 E.06603
G1 X102.491 Y85.877 E.06783
G1 X103.233 Y86.204 E.07072
G1 X104.022 Y86.605 E.07719
G1 X104.296 Y86.828 E.03081
G1 X104.447 Y87.114 E.02821
G1 X104.477 Y87.451 E.02951
G1 X103.908 Y91.243 E.33444
G1 X104.475 Y91.416 E.0517
G1 X105.243 Y91.75 E.07304
G1 X106.446 Y92.411 E.11972
G1 X108.013 Y93.391 E.1612
G1 X109.725 Y94.538 E.17973
G1 X109.573 Y93.992 E.04943
G1 X109.402 Y93.055 E.08307
G1 X109.447 Y92.326 E.0637
G1 X109.587 Y91.944 E.03548
G1 X109.848 Y91.589 E.03843
G1 X110.23 Y91.345 E.03953
G1 X110.636 Y91.228 E.03685
G1 X110.89 Y91.219 E.02217
G1 X111.391 Y91.293 E.04417
G1 X112.215 Y91.627 E.07755
G1 X112.764 Y91.904 E.05363
G1 X113.912 Y92.551 E.11494
G1 X115.167 Y93.312 E.12801
G1 X116.425 Y94.108 E.12984
G1 X119.235 Y95.959 E.29348
G1 X119.487 Y96.217 E.03146
G1 X119.609 Y96.563 E.032
G1 X119.764 Y97.854 E.11341
G1 X119.733 Y98.202 E.03047
G1 X119.635 Y98.413 E.02029
G1 X119.504 Y98.569 E.01777
G1 X119.165 Y98.764 E.03411
G1 X118.774 Y98.785 E.03415
G1 X118.484 Y98.674 E.02708
G1 X116.822 Y97.653 E.17013
G1 X115.482 Y96.865 E.13558
G1 X115.014 Y96.618 E.04615
G1 X115.253 Y97.524 E.08172
G1 X115.685 Y98.914 E.12696
G1 X116.521 Y101.402 E.22892
G1 X118.495 Y106.928 E.5118
G1 X119.04 Y107.54 E.07148
G1 X119.772 Y108.3 E.09203
G1 X119.927 Y108.524 E.02376
G1 X119.999 Y108.759 E.02144
G1 X119.998 Y109.024 E.02311
G1 X119.847 Y109.384 E.03405
G1 X119.59 Y109.616 E.0302
G1 X119.371 Y109.705 E.02062
G1 X118.756 Y109.86 E.05532
G1 X117.588 Y110.089 E.10381
G1 X116.31 Y110.259 E.11245
G1 X115.643 Y110.316 E.05839
G1 X114.353 Y110.363 E.11259
G1 X113.69 Y110.354 E.05783
G1 X112.591 Y110.296 E.09599
G1 X111.601 Y110.122 E.08767
G1 X110.683 Y109.788 E.0852
G1 X110.226 Y109.548 E.04502
G1 X107.035 Y107.568 E.32754
G1 X106.385 Y107.085 E.07063
G1 X105.478 Y106.18 E.11175
G1 X105.061 Y105.634 E.05992
G1 X104.413 Y104.676 E.10088
G1 X103.999 Y103.995 E.06951
G1 X103.619 Y103.312 E.06817
G1 X103.258 Y102.604 E.06932
G1 X102.641 Y101.228 E.13153
G1 X102.126 Y99.861 E.12741
G1 X101.713 Y98.539 E.1208
G1 X101.398 Y97.289 E.11243
G1 X101.185 Y96.163 E.09995
G1 X101.082 Y95.366 E.07009
G1 X101.048 Y94.469 E.07829
G1 X101.112 Y93.683 E.06878
G1 X101.181 Y93.269 E.03661
G1 X101.392 Y92.56 E.06452
G1 X101.581 Y92.207 E.03492
G1 X101.759 Y91.932 E.02857
G1 X101.965 Y91.713 E.02622
G1 X102.287 Y91.475 E.03492
G1 X101.597 Y90.263 E.12164
G1 X101.074 Y89.507 E.08018
G1 X100.565 Y88.952 E.06568
G1 X100.134 Y88.604 E.04832
G1 X99.7 Y88.309 E.04577
G1 X99.102 Y88.055 E.05667
G1 X98.501 Y87.943 E.05332
G1 X97.953 Y87.974 E.04787
G1 X97.628 Y88.014 E.02856
G1 X96.873 Y88.25 E.06899
G1 X96.337 Y88.526 E.05258
G1 X95.874 Y88.851 E.04934
G1 X95.229 Y89.444 E.07642
G1 X94.875 Y89.836 E.04607
G1 X94.35 Y90.539 E.07653
G1 X94.016 Y91.057 E.05376
G1 X93.507 Y91.978 E.09178
G1 X93.002 Y93.073 E.10517
G1 X96.111 Y102.171 E.83858
G1 X97.838 Y106.777 E.42904
G1 X98.896 Y109.421 E.24839
G1 X99.52 Y110.874 E.13792
G1 X100.395 Y112.723 E.17842
G1 X101.253 Y114.307 E.15712
G1 X101.719 Y115.067 E.07776
G1 X102.251 Y115.751 E.07558
G1 X102.782 Y116.225 E.06208
G1 X103.112 Y116.422 E.03352
G1 X103.738 Y116.643 E.0579
G1 X104.523 Y116.746 E.06905
G1 X105.175 Y116.734 E.05688
G1 X105.845 Y116.672 E.05869
G1 X106.113 Y116.69 E.02343
G1 X106.429 Y116.837 E.0304
G1 X106.623 Y117.042 E.02462
G1 X108.523 Y119.868 E.29701
G1 X108.653 Y120.19 E.03029
G1 X108.643 Y120.537 E.03028
G1 X108.495 Y120.849 E.03012
G1 X108.24 Y121.072 E.02955
G1 X107.91 Y121.179 E.03026
G1 X106.571 Y121.266 E.11703
G1 X106.486 Y120.7 F12000
;TYPE:External perimeter
;WIDTH:0.63
G1 F3600
G1 X105.8 Y120.644 E.05694
G1 X105.066 Y120.467 E.06246
G1 X104.293 Y120.163 E.06872
G1 X103.139 Y119.508 E.10978
G1 X102.316 Y118.915 E.08392
G1 X101.886 Y118.569 E.04566
G1 X101.027 Y117.808 E.09494
G1 X100.124 Y116.92 E.10477
G1 X99.709 Y116.482 E.04992
G1 X99.319 Y116.038 E.04889
G1 X98.947 Y115.577 E.04901
G1 X98.591 Y115.089 E.04997
G1 X98.244 Y114.563 E.05213
G1 X97.903 Y113.992 E.05502
G1 X97.564 Y113.366 E.05889
G1 X96.867 Y111.901 E.13422
G1 X96.12 Y110.103 E.16107
G1 X95.711 Y109.046 E.09376
G1 X94.805 Y106.576 E.21765
G1 X91.64 Y97.466 E.79785
G1 X91.145 Y96.191 E.11315
G1 X90.923 Y96.797 E.05339
G1 X90.486 Y98.16 E.11841
G1 X90.08 Y99.704 E.13208
G1 X89.668 Y101.628 E.16278
G1 X89.213 Y104.132 E.21055
G1 X88.678 Y107.416 E.27526
G1 X87.205 Y117.182 E.81707
G1 X87.106 Y117.355 E.01649
G1 X86.924 Y117.417 E.01591
G1 X86.756 Y117.354 E.01484
G1 X85.253 Y116.119 E.16093
G1 X84.17 Y116.201 E.08985
G1 X83.444 Y116.223 E.06009
G1 X81.806 Y116.183 E.13555
G1 X81.012 Y116.091 E.06613
G1 X80.273 Y115.947 E.06229
G1 X79.562 Y115.744 E.06117
G1 X78.597 Y115.342 E.08648
G1 X77.96 Y114.992 E.06013
G1 X77.336 Y114.581 E.06181
G1 X76.792 Y114.176 E.05611
G1 X76.271 Y113.755 E.05542
G1 X75.77 Y113.317 E.05505
G1 X75.286 Y112.859 E.05513
G1 X74.413 Y111.931 E.1054
G1 X74.007 Y111.444 E.05245
G1 X73.635 Y110.957 E.0507
G1 X73.292 Y110.466 E.04955
G1 X72.982 Y109.974 E.04811
G1 X72.706 Y109.484 E.04653
G1 X72.466 Y108.996 E.04499
G1 X72.103 Y108.045 E.08421
G1 X71.902 Y107.123 E.07807
G1 X71.858 Y106.289 E.06909
G1 X71.939 Y105.408 E.07319
G1 X72.154 Y104.428 E.083
G1 X72.519 Y103.304 E.09777
G1 X72.633 Y103.157 E.01539
G1 X72.856 Y103.11 E.01885
G1 X76.061 Y105.128 E.31333
G1 X76.183 Y105.302 E.01758
G1 X76.176 Y105.448 E.01209
G1 X75.702 Y106.889 E.1255
G1 X75.546 Y107.451 E.04825
G1 X75.417 Y108.099 E.05466
G1 X75.335 Y108.759 E.05502
G1 X75.365 Y109.479 E.05962
G1 X75.505 Y110.096 E.05234
G1 X75.765 Y110.675 E.05251
G1 X76.137 Y111.208 E.05377
G1 X76.614 Y111.68 E.05552
G1 X77.185 Y112.077 E.05753
G1 X77.765 Y112.362 E.05346
G1 X78.33 Y112.563 E.04961
G1 X79.416 Y112.774 E.09152
G1 X80.501 Y112.844 E.08995
G1 X82.455 Y112.842 E.16165
G1 X83.848 Y112.787 E.11533
G1 X82.936 Y110.249 E.22311
G1 X81.945 Y107.59 E.23476
G1 X81.019 Y105.213 E.21104
G1 X80.155 Y103.115 E.18771
G1 X79.352 Y101.291 E.16487
G1 X78.608 Y99.737 E.14254
G1 X77.921 Y98.453 E.12047
G1 X77.602 Y97.916 E.05167
G1 X77.108 Y97.182 E.0732
G1 X76.549 Y96.543 E.07024
G1 X76.174 Y96.237 E.04004
G1 X75.528 Y95.899 E.06032
G1 X75.038 Y95.755 E.04225
G1 X74.119 Y95.632 E.07671
G1 X73.384 Y95.61 E.06083
G1 X72.275 Y95.645 E.09179
G1 X70.869 Y95.775 E.11681
G1 X70.67 Y95.724 E.017
G1 X68.258 Y92.767 E.31569
G1 X68.196 Y92.585 E.01591
G1 X68.267 Y92.408 E.01578
G1 X68.429 Y92.318 E.01533
G1 X70.346 Y92.196 E.15891
G1 X71.429 Y92.2 E.0896
G1 X72.029 Y92.237 E.04973
G1 X72.598 Y92.304 E.0474
G1 X73.592 Y92.525 E.08424
G1 X74.546 Y92.893 E.08459
G1 X75.444 Y93.417 E.08601
G1 X76.261 Y94.001 E.08308
G1 X76.692 Y94.37 E.04694
G1 X77.546 Y95.203 E.09869
G1 X78.377 Y96.145 E.10392
G1 X78.791 Y96.664 E.05492
G1 X79.592 Y97.766 E.11271
G1 X80.35 Y98.944 E.11589
G1 X80.716 Y99.566 E.05971
G1 X81.403 Y100.85 E.12047
G1 X82.007 Y102.135 E.11747
G1 X82.677 Y103.756 E.14511
G1 X83.671 Y106.368 E.23121
G1 X84.793 Y109.4 E.26746
G1 X85.121 Y106.595 E.23364
G1 X85.729 Y101.699 E.40815
G1 X86.088 Y99.408 E.19185
G1 X86.351 Y98.035 E.11565
G1 X86.7 Y96.554 E.12588
G1 X87.062 Y95.266 E.11068
G1 X87.294 Y94.488 E.06716
G1 X87.731 Y93.296 E.10503
G1 X88.052 Y92.484 E.07223
G1 X88.343 Y91.862 E.05681
G1 X88.909 Y90.789 E.10036
G1 X89.288 Y90.192 E.0585
G1 X90.18 Y89.004 E.1229
G1 X91.056 Y88.107 E.10373
G1 X91.697 Y87.576 E.06886
G1 X92.692 Y86.922 E.0985
G1 X93.416 Y86.552 E.06726
G1 X94.184 Y86.24 E.06858
G1 X95.365 Y85.904 E.10158
G1 X96.212 Y85.75 E.07122
G1 X97.089 Y85.659 E.07294
G1 X97.842 Y85.631 E.06234
G1 X98.775 Y85.646 E.0772
G1 X99.513 Y85.703 E.06124
G1 X100.221 Y85.804 E.05917
G1 X100.914 Y85.953 E.05864
G1 X101.602 Y86.154 E.0593
G1 X102.294 Y86.409 E.06101
G1 X103.003 Y86.723 E.06415
G1 X103.764 Y87.111 E.07067
G1 X103.892 Y87.248 E.01551
G1 X103.906 Y87.434 E.01543
G1 X103.334 Y91.178 E.31333
;WIDTH:0.626549
G1 X103.231 Y91.24 E.00988
;WIDTH:0.5953
G1 X103.128 Y91.303 E.00936
;WIDTH:0.608478
G1 X102.885 Y91.297 E.01933
;WIDTH:0.63
G1 X102.789 Y91.211 E.01066
G1 X102.078 Y89.961 E.11897
G1 X101.519 Y89.152 E.08135
G1 X100.964 Y88.548 E.06786
G1 X100.453 Y88.134 E.05441
G1 X99.973 Y87.808 E.048
G1 X99.267 Y87.508 E.06346
G1 X98.553 Y87.375 E.06008
G1 X98.013 Y87.394 E.0447
G1 X97.508 Y87.457 E.0421
G1 X96.657 Y87.723 E.07376
G1 X96.048 Y88.036 E.05665
G1 X95.519 Y88.409 E.05355
G1 X95.125 Y88.75 E.04311
G1 X94.699 Y89.168 E.04937
G1 X94.336 Y89.593 E.04624
G1 X93.802 Y90.328 E.07516
G1 X93.462 Y90.871 E.053
G1 X92.967 Y91.783 E.08585
G1 X92.653 Y92.446 E.06069
G1 X92.394 Y93.051 E.05444
G1 X95.576 Y102.363 E.81411
G1 X97.309 Y106.982 E.40814
G1 X98.371 Y109.638 E.23664
G1 X99.003 Y111.107 E.1323
G1 X99.889 Y112.98 E.17141
G1 X100.761 Y114.591 E.15155
G1 X101.251 Y115.39 E.07754
G1 X101.834 Y116.141 E.07865
G1 X102.444 Y116.685 E.06762
G1 X102.87 Y116.939 E.04103
G1 X103.606 Y117.199 E.06458
G1 X104.483 Y117.313 E.07316
G1 X105.006 Y117.32 E.04327
G1 X105.897 Y117.237 E.07403
G1 X106.088 Y117.291 E.01642
G1 X106.381 Y117.699 E.04156
G1 X108.052 Y120.185 E.24781
G1 X108.096 Y120.378 E.01638
G1 X108.003 Y120.549 E.0161
G1 X107.84 Y120.615 E.01455
G1 X106.576 Y120.697 E.10479
;WIPE_START
G1 F9600
G1 X106.486 Y120.7 E-.01604
G1 X105.8 Y120.644 E-.1226
G1 X105.066 Y120.467 E-.13449
G1 X104.293 Y120.163 E-.14796
G1 X103.139 Y119.508 E-.23636
G1 X102.489 Y119.04 E-.14255
;WIPE_END
G1 X131.552 Y156.959 F12000
G1 E.8 F1800
;TYPE:Perimeter
;WIDTH:0.66
G1 F4290.056
G1 X61.151 Y156.959 E6.14034
G1 X61.015 Y156.923 E.01227
G1 X60.951 Y156.81 E.01133
G1 X60.949 Y50.967 E9.23157
G1 X60.975 Y50.823 E.01276
G1 X61.14 Y50.752 E.01567
G1 X161.935 Y50.753 E8.79129
G1 X162.102 Y50.792 E.01496
G1 X162.155 Y50.95 E.01454
G1 X162.155 Y156.745 E9.22739
G1 X162.129 Y156.889 E.01276
G1 X161.964 Y156.959 E.01563
G1 X131.642 Y156.959 E2.64467
G1 X131.552 Y157.527 Z.66 F12000
;TYPE:External perimeter
;WIDTH:0.63
G1 F3600
G1 X130.552 Y157.527 Z.678 E.00414
G1 X129.552 Y157.527 Z.696 E.00827
G1 X128.552 Y157.527 Z.714 E.01241
G1 X127.552 Y157.527 Z.732 E.01655
G1 X126.552 Y157.527 Z.75 E.02068
G1 X125.552 Y157.527 Z.768 E.02482
G1 X124.552 Y157.527 Z.786 E.02896
G1 X123.552 Y157.527 Z.804 E.03309
G1 X122.552 Y157.527 Z.822 E.03723
G1 X121.552 Y157.527 Z.84 E.04136
G1 X120.552 Y157.527 Z.858 E.0455
G1 X119.552 Y157.527 Z.876 E.04964
G1 X118.552 Y157.527 Z.894 E.05377
G1 X117.552 Y157.527 Z.912 E.05791
G1 X116.552 Y157.527 Z.93 E.06205
G1 X115.552 Y157.527 Z.948 E.06618
G1 X114.552 Y157.527 Z.966 E.07032
G1 X113.552 Y157.527 Z.984 E.07446
G1 X112.552 Y157.527 Z1.002 E.07859
G1 X111.552 Y157.527 Z1.02 E.08273
G1 X61.151 Y157.527 E4.16964
G1 X60.812 Y157.474 E.02839
G1 X60.557 Y157.296 E.02573
G1 X60.424 Y157.074 E.02141
G1 X60.383 Y156.866 E.01754
G1 X60.381 Y50.967 E8.76096
G1 X60.425 Y50.637 E.02754
G1 X60.559 Y50.413 E.02159
G1 X60.777 Y50.252 E.02242
G1 X61.078 Y50.185 E.02551
G1 X161.935 Y50.185 E8.34384
G1 X162.328 Y50.252 E.03298
G1 X162.545 Y50.413 E.02235
G1 X162.679 Y50.637 E.02159
G1 X162.723 Y50.95 E.02615
G1 X162.723 Y156.745 E8.75236
G1 X162.679 Y157.075 E.02754
G1 X162.545 Y157.299 E.02159
G1 X162.327 Y157.46 E.02242
G1 X162.027 Y157.527 E.02543
G1 X131.552 Y157.527 E2.52118
G1 X130.552 Y157.527 E.07859
G1 X129.552 Y157.527 E.07446
G1 X128.552 Y157.527 E.07032
G1 X127.552 Y157.527 E.06618
G1 X126.552 Y157.527 E.06205
G1 X125.552 Y157.527 E.05791
G1 X124.552 Y157.527 E.05377
G1 X123.552 Y157.527 E.04964
G1 X122.552 Y157.527 E.0455
G1 X121.552 Y157.527 E.04136
G1 X120.552 Y157.527 E.03723
G1 X119.552 Y157.527 E.03309
G1 X118.552 Y157.527 E.02896
G1 X117.552 Y157.527 E.02482
G1 X116.552 Y157.527 E.02068
G1 X115.552 Y157.527 E.01655
G1 X114.552 Y157.527 E.01241
G1 X113.552 Y157.527 E.00827
G1 X112.552 Y157.527 E.00414
G1 X111.642 Y157.527 E.07528
;WIPE_START
G1 F9600
G1 X111.552 Y157.527 E-.01603
G1 X107.151 Y157.527 E-.78397
;WIPE_END
G1 X117.78 Y156.776 F12000
G1 E.8 F1800
;TYPE:Top solid infill
;WIDTH:0.601332
G1 X61.368 Y100.364 E6.25772
G1 X61.368 Y101.105 E.05812
G1 X116.804 Y156.541 E6.14946
G1 X116.063 Y156.541 E.05812
G1 X61.368 Y101.846 E6.06726
G1 X61.368 Y102.588 E.0582
G1 X115.322 Y156.541 E5.98501
G1 X114.58 Y156.541 E.0582
G1 X61.368 Y103.329 E5.90275
G1 X61.368 Y104.07 E.05812
G1 X113.839 Y156.541 E5.82055
G1 X113.098 Y156.541 E.05812
G1 X61.368 Y104.811 E5.73836
G1 X61.369 Y105.552 E.05812
G1 X112.357 Y156.541 E5.6561
G1 X111.616 Y156.541 E.05812
G1 X61.369 Y106.293 E5.5739
G1 X61.369 Y107.035 E.0582
G1 X110.875 Y156.541 E5.49165
G1 X110.133 Y156.541 E.0582
G1 X61.369 Y107.776 E5.4094
G1 X61.369 Y108.517 E.05812
G1 X109.392 Y156.541 E5.3272
G1 X108.651 Y156.541 E.05812
G1 X61.369 Y109.258 E5.245
G1 X61.369 Y109.999 E.05812
G1 X107.91 Y156.541 E5.1628
G1 X107.169 Y156.541 E.05812
G1 X61.369 Y110.74 E5.0806
G1 X61.369 Y111.482 E.0582
G1 X106.428 Y156.541 E4.99835
G1 X105.687 Y156.541 E.05812
G1 X61.369 Y112.223 E4.91615
G1 X61.369 Y112.964 E.05812
G1 X104.945 Y156.541 E4.8339
G1 X104.204 Y156.541 E.05812
G1 X61.369 Y113.705 E4.7517
G1 X61.369 Y114.446 E.05812
G1 X103.463 Y156.541 E4.6695
G1 X102.722 Y156.541 E.05812
G1 X61.369 Y115.187 E4.5873
G1 X61.369 Y115.929 E.0582
G1 X101.981 Y156.541 E4.50505
G1 X101.24 Y156.541 E.05812
G1 X61.369 Y116.67 E4.42285
G1 X61.369 Y117.411 E.05812
G1 X100.498 Y156.541 E4.34059
G1 X99.757 Y156.541 E.05812
G1 X61.369 Y118.152 E4.2584
G1 X61.369 Y118.893 E.05812
G1 X99.016 Y156.541 E4.1762
G1 X98.275 Y156.541 E.05812
G1 X61.369 Y119.634 E4.094
G1 X61.369 Y120.376 E.0582
G1 X97.534 Y156.541 E4.01175
G1 X96.793 Y156.541 E.05812
G1 X61.369 Y121.117 E3.92955
G1 X61.369 Y121.858 E.05812
G1 X96.052 Y156.541 E3.84735
G1 X95.31 Y156.541 E.0582
G1 X61.369 Y122.599 E3.7651
G1 X61.369 Y123.34 E.05812
G1 X94.569 Y156.541 E3.6829
G1 X93.828 Y156.541 E.05812
G1 X61.369 Y124.081 E3.6007
G1 X61.369 Y124.823 E.0582
G1 X93.087 Y156.541 E3.51844
G1 X92.346 Y156.541 E.05812
G1 X61.369 Y125.564 E3.43625
G1 X61.369 Y126.305 E.05812
G1 X91.605 Y156.541 E3.35405
G1 X90.863 Y156.541 E.0582
G1 X61.369 Y127.046 E3.27179
G1 X61.369 Y127.787 E.05812
G1 X90.122 Y156.541 E3.1896
G1 X89.381 Y156.541 E.05812
G1 X61.369 Y128.528 E3.1074
G1 X61.369 Y129.27 E.0582
G1 X88.64 Y156.541 E3.02514
G1 X87.899 Y156.541 E.05812
G1 X61.369 Y130.011 E2.94295
G1 X61.369 Y130.752 E.05812
G1 X87.158 Y156.541 E2.86075
G1 X86.417 Y156.541 E.05812
G1 X61.369 Y131.493 E2.77855
G1 X61.369 Y132.234 E.05812
G1 X85.675 Y156.541 E2.69629
G1 X84.934 Y156.541 E.05812
G1 X61.369 Y132.975 E2.6141
G1 X61.369 Y133.717 E.0582
G1 X84.193 Y156.541 E2.53184
G1 X83.452 Y156.541 E.05812
G1 X61.369 Y134.458 E2.44964
G1 X61.369 Y135.199 E.05812
G1 X82.711 Y156.541 E2.36745
G1 X81.97 Y156.541 E.05812
G1 X61.369 Y135.94 E2.28525
G1 X61.369 Y136.681 E.05812
G1 X81.228 Y156.541 E2.20299
G1 X80.487 Y156.541 E.05812
G1 X61.369 Y137.422 E2.1208
G1 X61.369 Y138.164 E.0582
G1 X79.746 Y156.541 E2.03854
G1 X79.005 Y156.541 E.05812
G1 X61.369 Y138.905 E1.95634
G1 X61.369 Y139.646 E.05812
G1 X78.264 Y156.541 E1.87414
G1 X77.523 Y156.541 E.05812
G1 X61.369 Y140.387 E1.79195
G1 X61.369 Y141.128 E.05812
G1 X76.782 Y156.541 E1.70975
G1 X76.04 Y156.541 E.0582
G1 X61.369 Y141.869 E1.62749
G1 X61.369 Y142.611 E.0582
G1 X75.299 Y156.541 E1.54524
G1 X74.558 Y156.541 E.05812
G1 X61.369 Y143.352 E1.46304
G1 X61.369 Y144.093 E.05812
G1 X73.817 Y156.541 E1.38084
G1 X73.076 Y156.541 E.05812
G1 X61.369 Y144.834 E1.29865
G1 X61.369 Y145.575 E.05812
G1 X72.335 Y156.541 E1.21645
G1 X71.593 Y156.541 E.0582
G1 X61.369 Y146.316 E1.13419
G1 X61.369 Y147.058 E.0582
G1 X70.852 Y156.541 E1.05194
G1 X70.111 Y156.541 E.05812
G1 X61.369 Y147.799 E.96974
G1 X61.369 Y148.54 E.05812
G1 X69.37 Y156.541 E.88754
G1 X68.629 Y156.541 E.05812
G1 X61.369 Y149.281 E.80534
G1 X61.369 Y150.022 E.05812
G1 X67.888 Y156.541 E.72315
G1 X67.147 Y156.541 E.05812
G1 X61.369 Y150.763 E.64095
G1 X61.369 Y151.505 E.0582
G1 X66.405 Y156.541 E.55864
G1 X65.664 Y156.541 E.05812
G1 X61.369 Y152.246 E.47644
G1 X61.369 Y152.987 E.05812
G1 X64.923 Y156.541 E.39424
G1 X64.182 Y156.541 E.05812
G1 X61.369 Y153.728 E.31204
G1 X61.369 Y154.469 E.05812
G1 X63.441 Y156.541 E.22984
G1 X62.7 Y156.541 E.05812
G1 X61.369 Y155.21 E.14765
G1 X61.369 Y155.952 E.0582
G1 X62.194 Y156.776 E.09146
;WIPE_START
G1 F9600
G1 X61.369 Y155.952 E-.2077
G1 X61.369 Y155.21 E-.13217
G1 X62.7 Y156.541 E-.33529
G1 X63.401 Y156.541 E-.12484
;WIPE_END
G1 X161.972 Y104.618 F12000
G1 E.8 F1800
G1 X153.578 Y96.224 E.93114
G1 X153.837 Y97.224 E.08103
G1 X161.737 Y105.123 E.87628
G1 X161.737 Y105.865 E.0582
G1 X153.849 Y97.977 E.87501
G1 X153.812 Y98.105 E.01045
G1 X153.723 Y98.282 E.01554
G1 X153.584 Y98.453 E.01729
G1 X161.737 Y106.606 E.9044
G1 X161.737 Y107.347 E.05812
G1 X153.165 Y98.775 E.95088
G1 X152.862 Y98.873 E.02498
G1 X152.613 Y98.893 E.01959
G1 X152.53 Y98.881 E.00658
G1 X161.737 Y108.088 E1.02132
G1 X161.737 Y108.829 E.05812
G1 X151.148 Y98.241 E1.17457
G1 X149.583 Y97.417 E.13873
G1 X161.737 Y109.57 E1.34818
G1 X161.737 Y110.312 E.0582
G1 X148.806 Y97.381 E1.43442
G1 X148.908 Y97.761 E.03086
G1 X149.14 Y98.456 E.05747
G1 X161.737 Y111.053 E1.39737
G1 X161.737 Y111.794 E.05812
G1 X149.565 Y99.622 E1.35023
G1 X149.989 Y100.788 E.09732
G1 X161.737 Y112.535 E1.30314
G1 X161.737 Y113.276 E.05812
G1 X150.414 Y101.953 E1.25605
G1 X150.838 Y103.119 E.09732
G1 X161.737 Y114.017 E1.20896
G1 X161.737 Y114.758 E.05812
G1 X151.263 Y104.285 E1.16181
G1 X151.688 Y105.451 E.09735
G1 X161.737 Y115.5 E1.11473
G1 X161.737 Y116.241 E.05812
G1 X152.099 Y106.603 E1.06913
G1 X152.475 Y107.721 E.09252
G1 X161.737 Y116.982 E1.02737
G1 X161.737 Y117.723 E.05812
G1 X152.729 Y108.715 E.99925
G1 X152.744 Y108.887 E.01354
G1 X152.736 Y109.298 E.03224
G1 X152.703 Y109.431 E.01075
G1 X161.737 Y118.464 E1.00208
G1 X161.737 Y119.205 E.05812
G1 X152.491 Y109.96 E1.02559
G1 X152.439 Y110.057 E.00863
G1 X152.331 Y110.187 E.01326
G1 X152.137 Y110.347 E.01972
G1 X161.737 Y119.947 E1.06492
G1 X161.737 Y120.688 E.05812
G1 X151.672 Y110.623 E1.1165
G1 X151.463 Y110.686 E.01712
G1 X151.043 Y110.736 E.03318
G1 X152.093 Y111.786 E.11648
G1 X151.98 Y111.764 E.00903
G1 X151.655 Y111.783 E.02554
G1 X151.422 Y111.855 E.01913
G1 X150.113 Y110.546 E.14521
G1 X149.68 Y110.394 E.036
G1 X148.82 Y109.995 E.07436
G1 X150.984 Y112.158 E.23999
G1 X150.867 Y112.282 E.01337
G1 X150.688 Y112.604 E.0289
G1 X147.248 Y109.163 E.38165
G1 X145.511 Y108.167 E.15706
G1 X150.425 Y113.081 E.5451
G1 X150.17 Y113.568 E.04312
G1 X136.829 Y100.227 E1.4799
G1 X136.385 Y99.041 E.09933
G1 X142.76 Y105.417 E.70723
G1 X142.657 Y104.752 E.05278
G1 X142.65 Y104.565 E.01468
G1 X135.987 Y97.903 E.73906
G1 X135.834 Y97.442 E.0381
G1 X135.789 Y97.242 E.01608
G1 X136.379 Y97.553 E.05231
G1 X142.795 Y103.969 E.71172
G1 X142.909 Y103.791 E.01658
G1 X143.137 Y103.571 E.02485
G1 X137.947 Y98.38 E.57578
G1 X139.277 Y99.082 E.11796
G1 X139.457 Y99.149 E.01507
G1 X143.647 Y103.34 E.46485
G1 X143.994 Y103.304 E.02736
G1 X144.501 Y103.452 E.04143
G1 X140.217 Y99.168 E.47522
G1 X140.319 Y99.139 E.00832
G1 X140.542 Y99.026 E.01961
G1 X140.687 Y98.897 E.01522
G1 X145.736 Y103.946 E.56008
G1 X145.295 Y102.764 E.09896
G1 X141.012 Y98.481 E.47511
G1 X141.113 Y98.131 E.02857
G1 X141.106 Y97.834 E.0233
G1 X144.854 Y101.582 E.41576
G1 X144.414 Y100.4 E.09893
G1 X140.356 Y96.342 E.45015
;WIPE_START
G1 F9600
G1 X143.531 Y99.518 E-.8
;WIPE_END
G1 X131.521 Y99.366 F12000
G1 E.8 F1800
G1 X126.327 Y94.172 E.57617
G1 X126.764 Y95.35 E.09855
G1 X131.554 Y100.14 E.53135
G1 X131.982 Y101.309 E.09765
G1 X127.202 Y96.529 E.53024
G1 X127.639 Y97.707 E.09855
G1 X132.407 Y102.475 E.52891
G1 X132.802 Y103.611 E.09434
G1 X128.076 Y98.886 E.52419
G1 X128.513 Y100.064 E.09855
G1 X132.428 Y103.979 E.43429
G1 X130.663 Y102.955 E.16006
G1 X128.552 Y100.844 E.23417
;WIPE_START
G1 F9600
G1 X130.663 Y102.955 E-.53178
G1 X131.966 Y103.711 E-.26822
;WIPE_END
G1 X123.383 Y100.122 F12000
G1 E.8 F1800
G1 X120.055 Y96.794 E.36917
G1 X120.159 Y97.639 E.06678
G1 X123.424 Y100.904 E.36218
G1 X123.866 Y102.087 E.09906
G1 X120.125 Y98.346 E.41499
G1 X119.988 Y98.64 E.02544
G1 X119.847 Y98.809 E.01726
G1 X124.261 Y103.223 E.48964
G1 X124.648 Y104.352 E.09362
G1 X119.415 Y99.118 E.58055
G1 X119.28 Y99.167 E.01127
G1 X119.017 Y99.215 E.02097
G1 X118.756 Y99.201 E.0205
G1 X123.656 Y104.101 E.54355
G1 X123.064 Y103.851 E.05041
G1 X122.666 Y103.757 E.03208
G1 X122.579 Y103.765 E.00685
G1 X117.176 Y98.361 E.5994
G1 X115.684 Y97.47 E.13631
G1 X115.746 Y97.673 E.01665
G1 X121.989 Y103.916 E.69253
G1 X121.912 Y103.949 E.00657
G1 X121.747 Y104.073 E.01619
G1 X121.582 Y104.25 E.01898
G1 X116.068 Y98.736 E.61166
G1 X116.441 Y99.85 E.09215
G1 X121.35 Y104.759 E.54455
G1 X121.323 Y105.107 E.02738
G1 X121.389 Y105.429 E.02578
G1 X121.449 Y105.599 E.01414
G1 X116.816 Y100.966 E.51393
G1 X117.218 Y102.11 E.09511
G1 X161.737 Y146.628 E4.93839
G1 X161.737 Y145.887 E.05812
G1 X124.028 Y108.178 E4.18302
G1 X125.577 Y108.987 E.13707
G1 X161.737 Y145.146 E4.01114
G1 X161.737 Y144.405 E.05812
G1 X127.067 Y109.735 E3.84591
G1 X127.822 Y110.092 E.06551
G1 X128.423 Y110.35 E.0513
G1 X161.737 Y143.663 E3.69543
G1 X161.737 Y142.922 E.05812
G1 X129.56 Y110.746 E3.56931
G1 X129.85 Y110.783 E.02293
G1 X130.101 Y110.76 E.01977
G1 X130.266 Y110.71 E.01352
G1 X161.737 Y142.181 E3.49105
G1 X161.737 Y141.44 E.05812
G1 X130.806 Y110.509 E3.43114
G1 X131.084 Y110.291 E.02771
G1 X131.199 Y110.161 E.01361
G1 X161.737 Y140.699 E3.38755
G1 X161.737 Y139.958 E.05812
G1 X131.485 Y109.706 E3.35582
G1 X131.583 Y109.42 E.02371
G1 X131.616 Y109.096 E.02555
G1 X161.737 Y139.217 E3.34129
G1 X161.737 Y138.475 E.0582
G1 X131.483 Y108.222 E3.35599
G1 X131.282 Y107.6 E.05127
G1 X132.04 Y108.038 E.06867
G1 X161.737 Y137.734 E3.2942
G1 X161.737 Y136.993 E.05812
G1 X133.794 Y109.051 E3.09963
G1 X134.799 Y109.631 E.09102
G1 X135.453 Y109.968 E.05771
G1 X161.737 Y136.252 E2.91566
G1 X161.737 Y135.511 E.05812
G1 X136.781 Y110.555 E2.76834
G1 X137.732 Y110.765 E.07639
G1 X161.737 Y134.77 E2.66285
G1 X161.737 Y134.028 E.0582
G1 X138.443 Y110.735 E2.58392
G1 X138.833 Y110.653 E.03126
G1 X139.009 Y110.56 E.01561
G1 X161.737 Y133.287 E2.52114
G1 X161.737 Y132.546 E.05812
G1 X139.47 Y110.279 E2.47006
G1 X139.712 Y110.009 E.02844
G1 X139.801 Y109.869 E.01301
G1 X161.737 Y131.805 E2.43334
G1 X161.737 Y131.064 E.05812
G1 X140.014 Y109.341 E2.40971
G1 X140.058 Y109.037 E.02409
G1 X140.053 Y108.639 E.03122
G1 X161.737 Y130.323 E2.40538
G1 X161.737 Y129.582 E.05812
G1 X139.736 Y107.581 E2.44055
G1 X139.271 Y106.374 E.10146
G1 X161.737 Y128.84 E2.49213
G1 X161.737 Y128.099 E.05812
G1 X152.284 Y118.646 E1.04861
G1 X153.111 Y119.256 E.08061
G1 X153.373 Y119.385 E.02291
G1 X153.612 Y119.446 E.01935
G1 X153.83 Y119.451 E.0171
G1 X161.737 Y127.358 E.87712
G1 X161.737 Y126.617 E.05812
G1 X154.414 Y119.295 E.81228
G1 X154.596 Y119.176 E.01706
G1 X154.81 Y118.949 E.02447
G1 X161.737 Y125.876 E.7684
G1 X161.737 Y125.135 E.05812
G1 X155.034 Y118.431 E.74361
G1 X155.205 Y117.862 E.0466
G1 X161.737 Y124.393 E.72453
G1 X161.737 Y123.652 E.05812
G1 X155.391 Y117.307 E.7039
G1 X155.483 Y117.033 E.02267
G1 X155.603 Y116.778 E.02211
G1 X161.737 Y122.911 E.68038
G1 X161.737 Y122.17 E.05812
G1 X155.84 Y116.273 E.65415
G1 X156.07 Y115.762 E.04396
G1 X161.972 Y121.664 E.6547
;WIPE_START
G1 F9600
G1 X158.796 Y118.488 E-.8
;WIPE_END
G1 X149.622 Y115.984 F12000
G1 E.8 F1800
G1 X138.782 Y105.145 E1.20241
G1 X138.294 Y103.916 E.10372
G1 X149.545 Y115.166 E1.24801
G1 X149.596 Y114.961 E.01657
G1 X149.726 Y114.606 E.02965
G1 X137.806 Y102.686 E1.32227
G1 X137.318 Y101.457 E.10372
G1 X150.108 Y114.247 E1.41878
;WIPE_START
G1 F9600
G1 X146.932 Y111.071 E-.8
;WIPE_END
G1 X109.368 Y92.036 F12000
G1 E.8 F1800
G1 X104.878 Y87.546 E.49807
G1 X104.783 Y88.192 E.05122
G1 X109.015 Y92.424 E.46945
G1 X108.976 Y92.778 E.02794
G1 X108.992 Y93.142 E.02858
G1 X104.688 Y88.838 E.47744
G1 X104.593 Y89.484 E.05122
G1 X107.995 Y92.886 E.37738
G1 X106.515 Y91.962 E.13686
G1 X106.112 Y91.745 E.0359
G1 X104.498 Y90.13 E.17909
G1 X104.403 Y90.777 E.05129
G1 X105.121 Y91.495 E.07965
;WIPE_START
G1 F9600
G1 X104.403 Y90.777 E-.18087
G1 X104.498 Y90.13 E-.11648
G1 X106.112 Y91.745 E-.4067
G1 X106.515 Y91.962 E-.08153
G1 X106.584 Y92.005 E-.01442
;WIPE_END
G1 X101.995 Y91.333 F12000
G1 E.8 F1800
G1 X99.223 Y88.562 E.30744
G1 X98.98 Y88.458 E.02073
G1 X98.462 Y88.362 E.04132
G1 X98.282 Y88.361 E.01412
G1 X101.512 Y91.591 E.3583
G1 X101.414 Y91.695 E.01121
G1 X101.207 Y92.028 E.03076
G1 X97.631 Y88.452 E.39668
G1 X97.066 Y88.628 E.04642
G1 X100.972 Y92.533 E.43323
G1 X100.796 Y93.099 E.04649
G1 X96.572 Y88.875 E.46856
G1 X96.135 Y89.179 E.04176
G1 X100.687 Y93.732 E.505
G1 X100.635 Y94.42 E.05412
G1 X95.742 Y89.527 E.54278
G1 X95.372 Y89.899 E.04115
G1 X100.654 Y95.181 E.58593
G1 X100.745 Y96.012 E.06557
G1 X95.038 Y90.305 E.63307
G1 X94.726 Y90.734 E.04161
G1 X100.901 Y96.91 E.68504
G1 X100.997 Y97.412 E.04009
G1 X101.111 Y97.861 E.03634
G1 X94.431 Y91.181 E.74101
G1 X94.161 Y91.652 E.04258
G1 X101.376 Y98.867 E.80035
G1 X101.713 Y99.945 E.08859
G1 X93.9 Y92.132 E.86669
G1 X93.657 Y92.63 E.04346
G1 X102.157 Y101.13 E.9429
G1 X102.729 Y102.443 E.11234
G1 X93.489 Y93.203 E1.02498
G1 X93.873 Y94.329 E.09332
G1 X104.165 Y104.62 E1.14163
;WIPE_START
G1 F9600
G1 X100.989 Y101.444 E-.8
;WIPE_END
G1 X107.812 Y108.268 F12000
G1 E.8 F1800
G1 X156.085 Y156.541 E5.35487
G1 X156.826 Y156.541 E.05812
G1 X110.406 Y110.12 E5.14938
G1 X111.431 Y110.513 E.08611
G1 X111.565 Y110.538 E.01069
G1 X157.567 Y156.541 E5.10301
G1 X158.308 Y156.541 E.05812
G1 X112.469 Y110.701 E5.08493
G1 X113.27 Y110.762 E.06301
G1 X159.05 Y156.541 E5.07827
G1 X159.791 Y156.541 E.05812
G1 X114.028 Y110.777 E5.0765
G1 X114.758 Y110.767 E.05727
G1 X160.532 Y156.541 E5.07766
G1 X161.273 Y156.541 E.05812
G1 X115.475 Y110.742 E5.08038
G1 X116.165 Y110.692 E.05426
G1 X161.737 Y156.263 E5.0552
G1 X161.737 Y155.522 E.05812
G1 X116.827 Y110.613 E4.98176
G1 X117.482 Y110.526 E.05183
G1 X161.737 Y154.781 E4.90916
G1 X161.737 Y154.04 E.05812
G1 X118.11 Y110.413 E4.8395
G1 X118.73 Y110.291 E.04956
G1 X161.737 Y153.298 E4.77072
G1 X161.737 Y152.557 E.05812
G1 X119.321 Y110.142 E4.70511
G1 X119.647 Y110.054 E.02649
G1 X119.859 Y109.938 E.01896
G1 X161.737 Y151.816 E4.64548
G1 X161.737 Y151.075 E.05812
G1 X120.225 Y109.563 E4.60488
G1 X120.318 Y109.402 E.01458
G1 X120.412 Y109.091 E.02548
G1 X120.413 Y109.01 E.00635
G1 X161.737 Y150.334 E4.58403
G1 X161.737 Y149.593 E.05812
G1 X118.925 Y106.781 E4.74909
G1 X118.862 Y106.71 E.00745
G1 X118.454 Y105.569 E.09505
G1 X161.737 Y148.852 E4.80134
G1 X161.737 Y148.11 E.0582
G1 X118.042 Y104.416 E4.84699
G1 X117.63 Y103.263 E.09604
G1 X161.972 Y147.604 E4.91876
;WIPE_START
G1 F9600
G1 X158.796 Y144.428 E-.8
;WIPE_END
G1 X155.579 Y156.776 F12000
G1 E.8 F1800
G1 X94.258 Y95.455 E6.80228
G1 X94.643 Y96.581 E.09334
G1 X154.603 Y156.541 E6.6513
G1 X153.862 Y156.541 E.05812
G1 X95.028 Y97.707 E6.52639
G1 X95.412 Y98.833 E.09332
G1 X153.12 Y156.541 E6.40149
G1 X152.379 Y156.541 E.05812
G1 X95.797 Y99.959 E6.27658
G1 X96.182 Y101.085 E.09334
G1 X151.638 Y156.541 E6.15168
G1 X150.897 Y156.541 E.05812
G1 X96.576 Y102.22 E6.02577
G1 X97.021 Y103.406 E.09936
G1 X150.156 Y156.541 E5.89421
G1 X149.415 Y156.541 E.05812
G1 X97.466 Y104.592 E5.76265
G1 X97.911 Y105.778 E.09936
G1 X148.673 Y156.541 E5.63103
G1 X147.932 Y156.541 E.05812
G1 X98.37 Y106.979 E5.49786
G1 X98.864 Y108.213 E.10426
G1 X147.191 Y156.541 E5.36092
G1 X146.45 Y156.541 E.05812
G1 X99.367 Y109.458 E5.22287
G1 X99.931 Y110.763 E.11151
G1 X105.456 Y116.287 E.61283
G1 X104.967 Y116.333 E.03853
G1 X104.757 Y116.33 E.01647
G1 X100.597 Y112.17 E.46146
G1 X100.769 Y112.533 E.03151
G1 X101.418 Y113.733 E.10701
G1 X104.205 Y116.519 E.3091
;WIPE_START
G1 F9600
G1 X101.418 Y113.733 E-.70194
G1 X101.156 Y113.249 E-.09806
;WIPE_END
G1 X76.104 Y109.171 F12000
G1 E.8 F1800
G1 X78.516 Y111.583 E.26756
G1 X79.45 Y111.776 E.07481
G1 X76.341 Y108.666 E.34493
G1 X76.43 Y108.014 E.05162
G1 X80.255 Y111.839 E.4243
G1 X81.012 Y111.855 E.05939
G1 X76.578 Y107.421 E.49186
G1 X76.752 Y106.854 E.04652
G1 X81.75 Y111.852 E.55442
G1 X82.461 Y111.848 E.05577
G1 X82.445 Y111.806 E.00353
G1 X76.935 Y106.296 E.61122
G1 X77.118 Y105.738 E.04606
G1 X82.41 Y111.03 E.58704
;WIPE_START
G1 F9600
G1 X79.234 Y107.854 E-.8
;WIPE_END
G1 X84.559 Y105.025 F12000
G1 E.8 F1800
G1 X84.005 Y104.472 E.0614
G1 X83.542 Y103.268 E.10118
G1 X84.43 Y104.155 E.09845
G1 X84.512 Y103.496 E.05209
G1 X83.019 Y102.003 E.16562
G1 X82.389 Y100.633 E.11828
G1 X84.593 Y102.837 E.24449
G1 X84.675 Y102.177 E.05217
G1 X81.567 Y99.069 E.34477
G1 X81.202 Y98.446 E.05664
G1 X80.297 Y97.058 E.12997
G1 X84.968 Y101.729 E.51815
;WIPE_START
G1 F9600
G1 X81.792 Y98.553 E-.8
;WIPE_END
G1 X91.902 Y100.511 F12000
G1 E.8 F1800
G1 X91.099 Y99.707 E.08913
G1 X90.959 Y100.309 E.04848
G1 X91.915 Y101.265 E.10605
G1 X92.31 Y102.401 E.09434
G1 X90.829 Y100.919 E.16434
G1 X90.698 Y101.53 E.04902
G1 X92.704 Y103.536 E.22252
G1 X93.099 Y104.672 E.09434
G1 X90.576 Y102.149 E.27987
G1 X90.462 Y102.776 E.04999
G1 X93.494 Y105.808 E.33634
G1 X93.889 Y106.945 E.09441
G1 X90.348 Y103.404 E.3928
G1 X90.234 Y104.031 E.04999
G1 X94.319 Y108.115 E.45309
G1 X94.749 Y109.286 E.09785
G1 X90.126 Y104.664 E.51277
G1 X90.022 Y105.301 E.05063
G1 X95.213 Y110.492 E.57583
G1 X95.741 Y111.761 E.10781
G1 X89.918 Y105.938 E.64594
G1 X89.814 Y106.575 E.05063
G1 X96.35 Y113.111 E.72503
G1 X96.676 Y113.796 E.0595
G1 X97.147 Y114.65 E.0765
G1 X89.711 Y107.213 E.82492
G1 X89.61 Y107.853 E.05082
G1 X138.297 Y156.541 E5.40085
G1 X139.038 Y156.541 E.05812
G1 X103.138 Y120.64 E3.98241
G1 X103.796 Y121.016 E.05944
G1 X104.571 Y121.332 E.06565
G1 X139.78 Y156.541 E3.9057
G1 X140.521 Y156.541 E.05812
G1 X105.583 Y121.603 E3.87564
G1 X106.4 Y121.679 E.06436
G1 X141.262 Y156.541 E3.86721
G1 X142.003 Y156.541 E.05812
G1 X107.113 Y121.65 E3.87037
G1 X107.809 Y121.605 E.05471
G1 X142.744 Y156.541 E3.87536
G1 X143.485 Y156.541 E.05812
G1 X108.405 Y121.46 E3.89144
G1 X108.609 Y121.328 E.01906
G1 X108.808 Y121.122 E.02247
G1 X144.227 Y156.541 E3.92899
G1 X144.968 Y156.541 E.05812
G1 X109.048 Y120.621 E3.98457
G1 X109.073 Y120.519 E.00824
G1 X109.083 Y120.252 E.02096
G1 X109.04 Y120.001 E.01997
G1 X108.961 Y119.793 E.01745
G1 X145.944 Y156.776 E4.10249
;WIPE_START
G1 F9600
G1 X142.768 Y153.6 E-.8
;WIPE_END
G1 X137.791 Y156.776 F12000
G1 E.8 F1800
G1 X89.512 Y108.497 E5.35554
G1 X89.415 Y109.141 E.05108
G1 X136.815 Y156.541 E5.25803
G1 X136.074 Y156.541 E.05812
G1 X89.318 Y109.784 E5.18665
G1 X89.22 Y110.428 E.0511
G1 X135.333 Y156.541 E5.11527
G1 X134.592 Y156.541 E.05812
G1 X89.123 Y111.072 E5.04383
G1 X89.026 Y111.716 E.05108
G1 X133.85 Y156.541 E4.97234
G1 X133.109 Y156.541 E.05812
G1 X88.929 Y112.36 E4.9009
G1 X88.831 Y113.004 E.0511
G1 X132.368 Y156.541 E4.82951
G1 X131.627 Y156.541 E.05812
G1 X88.734 Y113.648 E4.75808
G1 X88.637 Y114.292 E.05108
G1 X130.886 Y156.541 E4.68664
G1 X130.145 Y156.541 E.05812
G1 X88.539 Y114.935 E4.61531
G1 X88.442 Y115.579 E.05108
G1 X129.403 Y156.541 E4.54382
G1 X128.662 Y156.541 E.05812
G1 X88.345 Y116.223 E4.47238
G1 X88.248 Y116.867 E.05108
G1 X127.921 Y156.541 E4.40094
G1 X127.18 Y156.541 E.05812
G1 X88.135 Y117.496 E4.33122
G1 X88.056 Y117.717 E.01841
G1 X87.875 Y117.976 E.02478
G1 X126.439 Y156.541 E4.27792
G1 X125.698 Y156.541 E.05812
G1 X87.45 Y118.292 E4.24287
G1 X87.187 Y118.378 E.0217
G1 X86.931 Y118.404 E.02018
G1 X86.806 Y118.39 E.00987
G1 X124.957 Y156.541 E4.23205
G1 X124.215 Y156.541 E.0582
G1 X84.816 Y117.141 E4.37055
G1 X84.123 Y117.19 E.05449
G1 X123.474 Y156.541 E4.36517
G1 X122.733 Y156.541 E.05812
G1 X83.403 Y117.211 E4.36284
G1 X82.654 Y117.202 E.05875
G1 X121.992 Y156.541 E4.36378
G1 X121.251 Y156.541 E.05812
G1 X81.883 Y117.173 E4.36705
G1 X81.057 Y117.088 E.06513
G1 X120.51 Y156.541 E4.37648
G1 X119.768 Y156.541 E.0582
G1 X80.156 Y116.928 E4.39417
G1 X79.237 Y116.675 E.07477
G1 X79.108 Y116.621 E.01097
G1 X119.027 Y156.541 E4.42823
G1 X118.286 Y156.541 E.05812
G1 X77.74 Y115.994 E4.49778
G1 X77.402 Y115.806 E.03034
G1 X76.789 Y115.402 E.05759
G1 X76.201 Y114.966 E.05742
G1 X75.649 Y114.52 E.05566
G1 X75.119 Y114.058 E.05515
G1 X74.564 Y113.532 E.05998
G1 X73.692 Y112.604 E.09988
G1 X73.248 Y112.074 E.05423
G1 X72.849 Y111.554 E.05141
G1 X72.482 Y111.028 E.05031
G1 X72.02 Y110.275 E.0693
G1 X61.368 Y99.623 E1.18162
G1 X61.368 Y98.882 E.05812
G1 X71.373 Y108.887 E1.10984
G1 X71.128 Y108.22 E.05574
G1 X71.041 Y107.814 E.03257
G1 X61.368 Y98.141 E1.07302
G1 X61.368 Y97.399 E.0582
G1 X70.908 Y106.939 E1.05826
G1 X70.871 Y106.273 E.05232
G1 X70.881 Y106.171 E.00804
G1 X61.368 Y96.658 E1.05527
G1 X61.368 Y95.917 E.05812
G1 X70.947 Y105.496 E1.06259
G1 X70.979 Y105.167 E.02593
G1 X71.05 Y104.857 E.02495
G1 X61.368 Y95.176 E1.07396
G1 X61.368 Y94.435 E.05812
G1 X71.187 Y104.253 E1.08916
G1 X71.36 Y103.686 E.0465
G1 X61.368 Y93.694 E1.1084
G1 X61.368 Y92.952 E.0582
G1 X71.544 Y103.128 E1.12881
G1 X71.629 Y102.873 E.02108
G1 X71.784 Y102.627 E.02281
G1 X61.368 Y92.211 E1.15544
G1 X61.368 Y91.47 E.05812
G1 X72.182 Y102.284 E1.19959
G1 X72.454 Y102.17 E.02313
G1 X72.768 Y102.129 E.02484
G1 X61.368 Y90.729 E1.26459
G1 X61.368 Y89.988 E.05812
G1 X74.872 Y103.492 E1.49798
;WIPE_START
G1 F9600
G1 X71.696 Y100.316 E-.8
;WIPE_END
G1 X77.719 Y99.668 F12000
G1 E.8 F1800
G1 X74.764 Y96.713 E.3278
G1 X73.923 Y96.613 E.06643
G1 X77.944 Y100.634 E.44605
G1 X78.601 Y102.033 E.12123
G1 X73.172 Y96.604 E.60223
G1 X72.454 Y96.627 E.05635
G1 X79.184 Y103.356 E.7465
G1 X79.709 Y104.623 E.10758
G1 X71.769 Y96.682 E.88083
G1 X71.09 Y96.745 E.05349
G1 X80.216 Y105.871 E1.01234
G1 X80.689 Y107.085 E.1022
G1 X61.368 Y87.764 E2.14326
G1 X61.368 Y88.505 E.05812
G1 X81.15 Y108.287 E2.1944
G1 X81.582 Y109.46 E.09805
G1 X61.133 Y89.011 E2.26839
;WIPE_START
G1 F9600
G1 X64.309 Y92.187 E-.8
;WIPE_END
G1 X68.07 Y93.725 F12000
G1 E.8 F1800
G1 X61.368 Y87.023 E.74345
G1 X61.368 Y86.282 E.05812
G1 X67.28 Y92.194 E.65581
G1 X67.406 Y91.915 E.02401
G1 X67.555 Y91.727 E.01882
G1 X61.368 Y85.541 E.68626
G1 X61.368 Y84.8 E.05812
G1 X67.994 Y91.425 E.73496
G1 X68.261 Y91.347 E.02182
G1 X68.632 Y91.322 E.02917
G1 X61.368 Y84.058 E.80579
G1 X61.368 Y83.317 E.05812
G1 X69.326 Y91.275 E.88277
G1 X70.021 Y91.229 E.05463
G1 X61.368 Y82.576 E.95987
G1 X61.368 Y81.835 E.05812
G1 X70.746 Y91.213 E1.04029
G1 X71.49 Y91.216 E.05836
G1 X61.368 Y81.094 E1.12282
G1 X61.368 Y80.353 E.05812
G1 X72.29 Y91.275 E1.21157
G1 X72.765 Y91.332 E.03753
G1 X73.182 Y91.426 E.03353
G1 X61.368 Y79.611 E1.31057
G1 X61.368 Y78.87 E.05812
G1 X74.2 Y91.703 E1.4235
G1 X74.951 Y91.995 E.0632
G1 X75.624 Y92.385 E.06101
G1 X61.368 Y78.129 E1.5814
G1 X61.368 Y77.388 E.05812
G1 X84.859 Y100.879 E2.60583
G1 X84.959 Y100.238 E.05089
G1 X61.368 Y76.647 E2.61693
G1 X61.368 Y75.906 E.05812
G1 X85.06 Y99.597 E2.62807
G1 X85.169 Y98.965 E.05031
G1 X61.368 Y75.164 E2.64022
G1 X61.368 Y74.423 E.05812
G1 X85.288 Y98.343 E2.65342
G1 X85.411 Y97.725 E.04943
G1 X61.368 Y73.682 E2.66707
G1 X61.368 Y72.941 E.05812
G1 X85.552 Y97.125 E2.68271
G1 X85.694 Y96.525 E.04836
G1 X61.368 Y72.2 E2.6984
G1 X61.368 Y71.459 E.05812
G1 X85.837 Y95.927 E2.71427
G1 X86.007 Y95.357 E.04666
G1 X61.368 Y70.717 E2.73323
G1 X61.368 Y69.976 E.05812
G1 X86.178 Y94.786 E2.75215
G1 X86.348 Y94.216 E.04666
G1 X61.368 Y69.235 E2.77106
G1 X61.368 Y68.494 E.05812
G1 X86.544 Y93.67 E2.79275
G1 X86.742 Y93.127 E.04534
G1 X61.368 Y67.753 E2.81471
G1 X61.368 Y67.012 E.05812
G1 X86.941 Y92.585 E2.83679
G1 X87.16 Y92.063 E.0444
G1 X61.368 Y66.27 E2.86114
G1 X61.368 Y65.529 E.05812
G1 X87.398 Y91.559 E2.88748
G1 X87.638 Y91.058 E.04357
G1 X61.368 Y64.788 E2.9141
G1 X61.368 Y64.047 E.05812
G1 X87.9 Y90.579 E2.94317
G1 X88.172 Y90.11 E.04253
G1 X61.368 Y63.306 E2.97334
G1 X61.368 Y62.565 E.05812
G1 X88.46 Y89.656 E3.00523
G1 X88.769 Y89.225 E.0416
G1 X61.368 Y61.823 E3.03962
G1 X61.368 Y61.082 E.05812
G1 X89.091 Y88.806 E3.07534
G1 X89.413 Y88.386 E.04151
G1 X61.368 Y60.341 E3.111
G1 X61.368 Y59.6 E.05812
G1 X89.775 Y88.007 E3.15116
G1 X90.141 Y87.632 E.0411
G1 X61.368 Y58.859 E3.19176
G1 X61.368 Y58.118 E.05812
G1 X90.522 Y87.272 E3.23402
G1 X90.927 Y86.936 E.04128
G1 X61.368 Y57.376 E3.279
G1 X61.368 Y56.635 E.05812
G1 X91.355 Y86.623 E3.32648
G1 X91.804 Y86.33 E.04205
G1 X61.368 Y55.894 E3.37623
G1 X61.368 Y55.153 E.05812
G1 X92.253 Y86.038 E3.42604
G1 X92.744 Y85.788 E.04322
G1 X61.368 Y54.412 E3.48051
G1 X61.368 Y53.671 E.05812
G1 X93.251 Y85.554 E3.53675
G1 X93.779 Y85.34 E.04469
G1 X61.368 Y52.929 E3.59532
G1 X61.368 Y52.188 E.05812
G1 X94.351 Y85.172 E3.65883
G1 X94.926 Y85.005 E.04697
G1 X61.368 Y51.447 E3.72255
G1 X61.368 Y51.171 E.02165
G1 X61.833 Y51.171 E.03647
G1 X95.534 Y84.872 E3.73842
G1 X96.165 Y84.762 E.05024
G1 X62.574 Y51.171 E3.72621
G1 X63.315 Y51.171 E.05812
G1 X96.837 Y84.693 E3.71856
G1 X97.541 Y84.655 E.0553
G1 X64.056 Y51.171 E3.7144
G1 X64.797 Y51.171 E.05812
G1 X98.278 Y84.652 E3.71401
G1 X99.046 Y84.679 E.06028
G1 X65.539 Y51.171 E3.71695
G1 X66.28 Y51.171 E.05812
G1 X99.867 Y84.759 E3.72583
G1 X100.405 Y84.835 E.04262
G1 X100.762 Y84.912 E.02865
G1 X67.021 Y51.171 E3.74285
G1 X67.762 Y51.171 E.05812
G1 X101.765 Y85.175 E3.77197
G1 X102.674 Y85.499 E.07569
G1 X102.956 Y85.624 E.0242
G1 X68.503 Y51.171 E3.82184
G1 X69.244 Y51.171 E.05812
G1 X109.466 Y91.393 E4.46178
G1 X109.697 Y91.168 E.02529
G1 X109.878 Y91.064 E.01637
G1 X69.985 Y51.171 E4.42529
G1 X70.727 Y51.171 E.0582
G1 X110.406 Y90.851 E4.40161
G1 X110.787 Y90.794 E.03022
G1 X111.131 Y90.834 E.02716
G1 X71.468 Y51.171 E4.39978
G1 X72.209 Y51.171 E.05812
G1 X112.216 Y91.178 E4.43794
G1 X112.397 Y91.249 E.01525
G1 X112.998 Y91.554 E.05286
G1 X113.768 Y91.99 E.06941
G1 X72.95 Y51.171 E4.52795
G1 X73.691 Y51.171 E.05812
G1 X115.629 Y93.108 E4.65208
G1 X117.723 Y94.462 E.1956
G1 X74.432 Y51.171 E4.80223
G1 X75.174 Y51.171 E.0582
G1 X122.513 Y98.511 E5.25132
G1 X122.017 Y97.274 E.10454
G1 X75.915 Y51.171 E5.1141
G1 X76.656 Y51.171 E.05812
G1 X121.515 Y96.03 E4.97616
G1 X121.018 Y94.792 E.10464
G1 X77.397 Y51.171 E4.83883
G1 X78.138 Y51.171 E.05812
G1 X120.565 Y93.598 E4.70638
G1 X120.183 Y92.59 E.08455
G1 X120.143 Y92.435 E.01256
G1 X78.879 Y51.171 E4.57737
G1 X79.62 Y51.171 E.05812
G1 X120.179 Y91.73 E4.49917
G1 X120.24 Y91.576 E.01299
G1 X120.334 Y91.42 E.01429
G1 X120.46 Y91.269 E.01543
G1 X80.362 Y51.171 E4.44803
G1 X81.103 Y51.171 E.05812
G1 X120.908 Y90.976 E4.41553
G1 X121.186 Y90.899 E.02263
G1 X121.383 Y90.886 E.01549
G1 X121.577 Y90.904 E.01528
G1 X81.844 Y51.171 E4.40754
G1 X82.585 Y51.171 E.05812
G1 X122.715 Y91.302 E4.45163
G1 X123.891 Y91.736 E.09832
G1 X83.326 Y51.171 E4.49983
G1 X84.067 Y51.171 E.05812
G1 X130.697 Y97.801 E5.17262
G1 X130.268 Y96.631 E.09775
G1 X84.809 Y51.171 E5.04278
G1 X85.55 Y51.171 E.05812
G1 X129.888 Y95.509 E4.91837
G1 X129.775 Y95.168 E.02818
G1 X129.61 Y94.49 E.05473
G1 X86.291 Y51.171 E4.80533
G1 X87.032 Y51.171 E.05812
G1 X129.508 Y93.647 E4.71182
G1 X129.507 Y93.164 E.03789
G1 X129.535 Y92.933 E.01825
G1 X87.773 Y51.171 E4.63262
G1 X88.514 Y51.171 E.05812
G1 X129.679 Y92.336 E4.56639
G1 X129.748 Y92.067 E.02178
G1 X129.869 Y91.784 E.02414
G1 X89.256 Y51.171 E4.50516
G1 X89.997 Y51.171 E.05812
G1 X130.108 Y91.282 E4.44947
G1 X130.226 Y91.095 E.01734
G1 X130.46 Y90.893 E.02425
G1 X90.738 Y51.171 E4.40632
G1 X91.479 Y51.171 E.05812
G1 X130.988 Y90.681 E4.38275
G1 X131.153 Y90.655 E.0131
G1 X131.399 Y90.673 E.01935
G1 X131.612 Y90.729 E.01728
G1 X131.917 Y90.868 E.02629
G1 X92.22 Y51.171 E4.40355
G1 X92.961 Y51.171 E.05812
G1 X133.344 Y91.554 E4.47964
G1 X134.971 Y92.44 E.14532
G1 X93.702 Y51.171 E4.57793
G1 X94.444 Y51.171 E.0582
G1 X136.808 Y93.536 E4.69945
G1 X137.761 Y94.116 E.08751
G1 X138.838 Y94.825 E.10114
G1 X95.185 Y51.171 E4.84244
G1 X95.926 Y51.171 E.05812
G1 X143.971 Y99.216 E5.32958
G1 X143.492 Y97.996 E.10281
G1 X96.667 Y51.171 E5.19425
G1 X97.408 Y51.171 E.05812
G1 X143.037 Y96.8 E5.06158
G1 X142.75 Y95.965 E.06926
G1 X142.675 Y95.697 E.02183
G1 X98.149 Y51.171 E4.93922
G1 X98.891 Y51.171 E.0582
G1 X142.437 Y94.718 E4.83057
G1 X142.363 Y94.35 E.02944
G1 X142.31 Y93.85 E.03944
G1 X99.632 Y51.171 E4.73428
G1 X100.373 Y51.171 E.05812
G1 X142.303 Y93.101 E4.65125
G1 X142.32 Y92.874 E.01786
G1 X142.413 Y92.47 E.03252
G1 X101.114 Y51.171 E4.58126
G1 X101.855 Y51.171 E.05812
G1 X142.631 Y91.947 E4.52324
G1 X142.752 Y91.736 E.01908
G1 X142.929 Y91.504 E.02289
G1 X102.596 Y51.171 E4.4741
G1 X103.337 Y51.171 E.05812
G1 X143.339 Y91.173 E4.43738
G1 X143.566 Y91.03 E.02104
G1 X143.843 Y90.936 E.02294
G1 X104.079 Y51.171 E4.41103
G1 X104.82 Y51.171 E.05812
G1 X144.49 Y90.842 E4.40061
G1 X144.923 Y90.864 E.03401
G1 X145.359 Y90.969 E.03518
G1 X105.561 Y51.171 E4.41475
G1 X106.302 Y51.171 E.05812
G1 X146.597 Y91.466 E4.46988
G1 X146.93 Y91.634 E.02926
G1 X148.27 Y92.398 E.12099
G1 X107.043 Y51.171 E4.57327
G1 X107.784 Y51.171 E.05812
G1 X150.195 Y93.581 E4.70455
G1 X152.006 Y94.651 E.16499
G1 X108.526 Y51.171 E4.82319
G1 X109.267 Y51.171 E.05812
G1 X161.737 Y103.641 E5.82044
G1 X161.737 Y102.9 E.05812
G1 X110.008 Y51.171 E5.73824
G1 X110.749 Y51.171 E.05812
G1 X161.737 Y102.159 E5.65605
G1 X161.737 Y101.418 E.05812
G1 X111.49 Y51.171 E5.57385
G1 X112.231 Y51.171 E.05812
G1 X161.737 Y100.677 E5.49165
G1 X161.737 Y99.935 E.0582
G1 X112.972 Y51.171 E5.4094
G1 X113.714 Y51.171 E.0582
G1 X161.737 Y99.194 E5.32714
G1 X161.737 Y98.453 E.05812
G1 X114.455 Y51.171 E5.24494
G1 X115.196 Y51.171 E.05812
G1 X161.737 Y97.712 E5.16274
G1 X161.737 Y96.971 E.05812
G1 X115.937 Y51.171 E5.08055
G1 X116.678 Y51.171 E.05812
G1 X161.737 Y96.23 E4.99835
G1 X161.737 Y95.488 E.0582
G1 X117.419 Y51.171 E4.91609
G1 X118.161 Y51.171 E.0582
G1 X161.737 Y94.747 E4.83384
G1 X161.737 Y94.006 E.05812
G1 X118.902 Y51.171 E4.75164
G1 X119.643 Y51.171 E.05812
G1 X161.737 Y93.265 E4.66944
G1 X161.737 Y92.524 E.05812
G1 X120.384 Y51.171 E4.58725
G1 X121.125 Y51.171 E.05812
G1 X161.737 Y91.783 E4.50505
G1 X161.737 Y91.042 E.05812
G1 X121.866 Y51.171 E4.42285
G1 X122.608 Y51.171 E.0582
G1 X161.737 Y90.3 E4.34054
G1 X161.737 Y89.559 E.05812
G1 X123.349 Y51.171 E4.25834
G1 X124.09 Y51.171 E.05812
G1 X161.737 Y88.818 E4.17614
G1 X161.737 Y88.077 E.05812
G1 X124.831 Y51.171 E4.09394
G1 X125.572 Y51.171 E.05812
G1 X161.737 Y87.336 E4.01175
G1 X161.737 Y86.595 E.05812
G1 X126.313 Y51.171 E3.92955
G1 X127.054 Y51.171 E.05812
G1 X161.737 Y85.853 E3.84729
G1 X161.737 Y85.112 E.05812
G1 X127.796 Y51.171 E3.76504
G1 X128.537 Y51.171 E.05812
G1 X161.737 Y84.371 E3.68284
G1 X161.737 Y83.63 E.05812
G1 X129.278 Y51.171 E3.60064
G1 X130.019 Y51.171 E.05812
G1 X161.737 Y82.889 E3.51844
G1 X161.737 Y82.148 E.05812
G1 X130.76 Y51.171 E3.43625
G1 X131.501 Y51.171 E.05812
G1 X161.737 Y81.407 E3.35405
G1 X161.737 Y80.665 E.0582
G1 X132.243 Y51.171 E3.27174
G1 X132.984 Y51.171 E.05812
G1 X161.737 Y79.924 E3.18954
G1 X161.737 Y79.183 E.05812
G1 X133.725 Y51.171 E3.10734
G1 X134.466 Y51.171 E.05812
G1 X161.737 Y78.442 E3.02514
G1 X161.737 Y77.701 E.05812
G1 X135.207 Y51.171 E2.94295
G1 X135.948 Y51.171 E.05812
G1 X161.737 Y76.96 E2.86075
G1 X161.737 Y76.218 E.0582
G1 X136.689 Y51.171 E2.77849
G1 X137.431 Y51.171 E.0582
G1 X161.737 Y75.477 E2.69624
G1 X161.737 Y74.736 E.05812
G1 X138.172 Y51.171 E2.61404
G1 X138.913 Y51.171 E.05812
G1 X161.737 Y73.995 E2.53184
G1 X161.737 Y73.254 E.05812
G1 X139.654 Y51.171 E2.44964
G1 X140.395 Y51.171 E.05812
G1 X161.737 Y72.513 E2.36745
G1 X161.737 Y71.772 E.05812
G1 X141.136 Y51.171 E2.28525
G1 X141.878 Y51.171 E.0582
G1 X161.737 Y71.03 E2.20294
G1 X161.737 Y70.289 E.05812
G1 X142.619 Y51.171 E2.12074
G1 X143.36 Y51.171 E.05812
G1 X161.737 Y69.548 E2.03854
G1 X161.737 Y68.807 E.05812
G1 X144.101 Y51.171 E1.95634
G1 X144.842 Y51.171 E.05812
G1 X161.737 Y68.066 E1.87414
G1 X161.737 Y67.325 E.05812
G1 X145.583 Y51.171 E1.79195
G1 X146.324 Y51.171 E.05812
G1 X161.737 Y66.583 E1.70969
G1 X161.737 Y65.842 E.05812
G1 X147.066 Y51.171 E1.62744
G1 X147.807 Y51.171 E.05812
G1 X161.737 Y65.101 E1.54524
G1 X161.737 Y64.36 E.05812
G1 X148.548 Y51.171 E1.46304
G1 X149.289 Y51.171 E.05812
G1 X161.737 Y63.619 E1.38084
G1 X161.737 Y62.878 E.05812
G1 X150.03 Y51.171 E1.29865
G1 X150.771 Y51.171 E.05812
G1 X161.737 Y62.137 E1.21645
G1 X161.737 Y61.395 E.0582
G1 X151.513 Y51.171 E1.13414
G1 X152.254 Y51.171 E.05812
G1 X161.737 Y60.654 E1.05194
G1 X161.737 Y59.913 E.05812
G1 X152.995 Y51.171 E.96974
G1 X153.736 Y51.171 E.05812
G1 X161.737 Y59.172 E.88754
G1 X161.737 Y58.431 E.05812
G1 X154.477 Y51.171 E.80534
G1 X155.218 Y51.171 E.05812
G1 X161.737 Y57.69 E.72315
G1 X161.737 Y56.948 E.0582
G1 X155.959 Y51.171 E.64089
G1 X156.701 Y51.171 E.0582
G1 X161.737 Y56.207 E.55864
G1 X161.737 Y55.466 E.05812
G1 X157.442 Y51.171 E.47644
G1 X158.183 Y51.171 E.05812
G1 X161.737 Y54.725 E.39424
G1 X161.737 Y53.984 E.05812
G1 X158.924 Y51.171 E.31204
G1 X159.665 Y51.171 E.05812
G1 X161.737 Y53.243 E.22984
G1 X161.737 Y52.502 E.05812
G1 X160.406 Y51.171 E.14765
G1 X161.148 Y51.171 E.0582
G1 X161.972 Y51.996 E.09146
;WIPE_START
G1 F9600
G1 X161.148 Y51.171 E-.2077
G1 X160.406 Y51.171 E-.13217
G1 X161.737 Y52.502 E-.33529
G1 X161.737 Y53.203 E-.12484
;WIPE_END
G1 X106.342 Y95.999 F12000
G1 E.8 F1800
;TYPE:Perimeter
;WIDTH:0.66
G1 X106.387 Y96 E.00393
G1 X107.005 Y96.249 E.05811
G1 X107.656 Y96.603 E.06463
G1 X108.394 Y97.055 E.07548
G1 X109.156 Y97.556 E.07954
G1 X110.922 Y98.772 E.18701
G1 X113.665 Y106.352 E.70308
G1 X113.076 Y106.47 E.05239
G1 X112.298 Y106.582 E.06856
G1 X111.703 Y106.618 E.05199
G1 X111.25 Y106.595 E.03956
G1 X110.679 Y106.468 E.05102
G1 X110.325 Y106.272 E.03529
G1 X109.902 Y105.932 E.04733
G1 X109.438 Y105.372 E.06343
G1 X109.144 Y104.936 E.04587
G1 X108.359 Y103.631 E.13283
G1 X107.933 Y102.811 E.0806
G1 X107.707 Y102.338 E.04572
G1 X107.305 Y101.399 E.08909
G1 X106.932 Y100.393 E.09358
G1 X106.61 Y99.354 E.09487
G1 X106.377 Y98.428 E.08328
G1 X106.201 Y97.503 E.08213
G1 X106.113 Y96.722 E.06855
G1 X106.138 Y96.181 E.04724
G1 X106.214 Y95.998 E.01728
G1 X106.252 Y95.999 E.00332
G1 X106.327 Y95.431 Z.66 F12000
;TYPE:External perimeter
;WIDTH:0.63
G1 F1800
G1 X106.543 Y95.45 Z.664 E.00021
G1 X107.247 Y95.735 Z.679 E.00327
G1 X107.94 Y96.111 Z.694 E.00615
G1 X108.698 Y96.575 Z.711 E.01042
G1 X109.473 Y97.085 Z.729 E.01468
G1 X110.113 Y97.526 Z.744 E.01496
G1 X110.754 Y97.966 Z.759 E.01764
G1 X111.394 Y98.407 Z.774 E.0203
G1 X111.731 Y99.338 Z.793 E.03019
G1 X112.068 Y100.268 Z.812 E.03449
G1 X112.404 Y101.198 Z.831 E.0388
G1 X112.741 Y102.129 Z.85 E.04318
G1 X113.077 Y103.059 Z.869 E.04744
G1 X113.414 Y103.989 Z.888 E.05178
G1 X113.751 Y104.919 Z.907 E.0561
G1 X114.087 Y105.85 Z.926 E.06046
G1 X114.424 Y106.78 Z.945 E.06475
G1 X113.798 Y106.905 Z.957 E.04359
G1 X113.172 Y107.029 Z.969 E.04537
G1 X112.355 Y107.147 Z.985 E.0617
G1 X111.588 Y107.193 Z1 E.06004
G1 X110.996 Y107.144 Z1.011 E.04798
G1 X110.567 Y107.026 Z1.02 E.03681
G1 X110.488 Y107.004 E.00678
G1 X110.025 Y106.754 E.04353
G1 X109.494 Y106.328 E.05632
G1 X108.983 Y105.713 E.06615
G1 X108.665 Y105.241 E.04708
G1 X107.863 Y103.908 E.1287
G1 X107.406 Y103.029 E.08196
G1 X107.19 Y102.571 E.04189
G1 X106.777 Y101.611 E.08646
G1 X106.588 Y101.102 E.04492
G1 X106.391 Y100.564 E.0474
G1 X106.061 Y99.496 E.09248
G1 X105.819 Y98.535 E.08198
G1 X105.637 Y97.57 E.08124
G1 X105.546 Y96.719 E.0708
G1 X105.577 Y96.095 E.05169
G1 X105.725 Y95.676 E.03676
G1 X105.941 Y95.479 E.02419
G1 X106.147 Y95.416 E.01782
G1 X106.327 Y95.431 E.01494
G1 X106.543 Y95.45 E.01773
G1 X107.247 Y95.735 E.05956
G1 X107.94 Y96.111 E.05908
G1 X108.698 Y96.575 E.06311
G1 X109.473 Y97.085 E.06208
G1 X110.113 Y97.526 E.04933
G1 X110.754 Y97.966 E.04668
G1 X111.394 Y98.407 E.044
G1 X111.731 Y99.338 E.05172
G1 X112.068 Y100.268 E.04735
G1 X112.404 Y101.198 E.04301
G1 X112.741 Y102.129 E.03874
G1 X113.077 Y103.059 E.03436
G1 X113.414 Y103.989 E.03005
G1 X113.751 Y104.919 E.02573
G1 X114.087 Y105.85 E.02142
G1 X114.424 Y106.78 E.01708
G1 X113.798 Y106.905 E.00922
G1 X113.172 Y107.029 E.00742
G1 X112.355 Y107.147 E.00659
G1 X111.588 Y107.193 E.00353
G1 X110.996 Y107.144 E.00117
G1 X110.654 Y107.05 E.02934
G1 X110.925 Y106.345 F12000
;TYPE:Top solid infill
;WIDTH:0.623482
G1 F1800
G1 X110.128 Y105.548 E.09215
G1 X109.773 Y105.12 E.04546
G1 X109.497 Y104.711 E.04034
G1 X108.666 Y103.313 E.13296
G1 X111.553 Y106.2 E.33379
G1 X112.285 Y106.16 E.05993
G1 X107.952 Y101.827 E.50097
G1 X107.693 Y101.243 E.05223
G1 X107.427 Y100.53 E.06221
G1 X112.952 Y106.055 E.63879
G1 X113.104 Y106.031 E.01258
G1 X112.765 Y105.095 E.08139
G1 X107.052 Y99.381 E.66058
G1 X106.787 Y98.344 E.0875
G1 X112.327 Y103.885 E.64058
G1 X111.889 Y102.674 E.10528
G1 X106.61 Y97.395 E.61034
G1 X106.532 Y96.734 E.05441
G1 X106.533 Y96.545 E.01545
G1 X111.451 Y101.464 E.56866
G1 X111.013 Y100.253 E.10528
G1 X108.167 Y97.407 E.32905
G1 X108.922 Y97.903 E.07385
G1 X110.57 Y99.038 E.16359
G1 X110.967 Y99.435 E.0459
;LAYER_CHANGE
;Z:1.38
;HEIGHT:0.36
;BEFORE_LAYER_CHANGE
G92 E0
;1.38


;WIPE_START
G1 F9600
G1 X110.57 Y99.038 E-.10001
G1 X108.922 Y97.903 E-.35643
G1 X108.167 Y97.407 E-.16091
G1 X108.892 Y98.132 E-.18265
;WIPE_END
G1 Z1.38 F12000
;AFTER_LAYER_CHANGE
;1.38
G1 X131.552 Y156.938
G1 Z1.02
G1 E.8 F1800
;TYPE:External perimeter
;WIDTH:0.663629
G1 F2688
G1 X130.552 Y156.938 Z1.038 E.00439
G1 X129.552 Y156.938 Z1.056 E.00878
G1 X128.552 Y156.938 Z1.074 E.01316
G1 X127.552 Y156.938 Z1.092 E.01755
G1 X126.552 Y156.938 Z1.11 E.02194
G1 X125.552 Y156.938 Z1.128 E.02633
G1 X124.552 Y156.938 Z1.146 E.03072
G1 X123.552 Y156.938 Z1.164 E.03511
G1 X122.552 Y156.938 Z1.182 E.03949
G1 X121.552 Y156.938 Z1.2 E.04388
G1 X120.552 Y156.938 Z1.218 E.04827
G1 X119.552 Y156.938 Z1.236 E.05266
G1 X118.552 Y156.938 Z1.254 E.05705
G1 X117.552 Y156.938 Z1.272 E.06143
G1 X116.552 Y156.938 Z1.29 E.06582
G1 X115.552 Y156.938 Z1.308 E.07021
G1 X114.552 Y156.938 Z1.326 E.0746
G1 X113.552 Y156.938 Z1.344 E.07899
G1 X112.552 Y156.938 Z1.362 E.08337
G1 X111.552 Y156.938 Z1.38 E.08776
G1 X61.263 Y156.938 E4.4135
;WIDTH:0.702111
G1 X61.052 Y156.874 E.02062
G1 X60.97 Y156.691 E.01875
;WIDTH:0.663629
G1 X60.97 Y51.067 E9.26984
;WIDTH:0.702112
G1 X61.034 Y50.856 E.02062
;WIDTH:0.699598
G1 X61.263 Y50.774 E.02266
;WIDTH:0.663629
G1 X161.841 Y50.774 E8.82699
;WIDTH:0.70217
G1 X162.05 Y50.835 E.02036
G1 X162.134 Y50.989 E.01641
;WIDTH:0.663629
G1 X162.134 Y156.645 E9.27265
;WIDTH:0.699758
G1 X162.078 Y156.846 E.01944
G1 X161.919 Y156.938 E.01712
;WIDTH:0.663629
G1 X131.552 Y156.938 E2.66509
G1 X130.552 Y156.938 E.08337
G1 X129.552 Y156.938 E.07899
G1 X128.552 Y156.938 E.0746
G1 X127.552 Y156.938 E.07021
G1 X126.552 Y156.938 E.06582
G1 X125.552 Y156.938 E.06143
G1 X124.552 Y156.938 E.05705
G1 X123.552 Y156.938 E.05266
G1 X122.552 Y156.938 E.04827
G1 X121.552 Y156.938 E.04388
G1 X120.552 Y156.938 E.03949
G1 X119.552 Y156.938 E.03511
G1 X118.552 Y156.938 E.03072
G1 X117.552 Y156.938 E.02633
G1 X116.552 Y156.938 E.02194
G1 X115.552 Y156.938 E.01755
G1 X114.552 Y156.938 E.01316
G1 X113.552 Y156.938 E.00878
G1 X112.552 Y156.938 E.00439
G1 X111.642 Y156.938 E.07986
;WIPE_START
G1 F9600
G1 X111.552 Y156.938 E-.01603
G1 X107.151 Y156.938 E-.78397
;WIPE_END
G1 X131.552 Y157.524 F12000
G1 Z1.02
G1 E.8 F1800
G1 F2688
G1 X130.6 Y157.524 Z1.037 E.00398
G1 X129.647 Y157.524 Z1.054 E.00797
G1 X128.695 Y157.524 Z1.071 E.01194
G1 X127.743 Y157.524 Z1.089 E.01591
G1 X126.79 Y157.524 Z1.106 E.01991
G1 X125.838 Y157.524 Z1.123 E.02387
G1 X124.885 Y157.524 Z1.14 E.02788
G1 X123.933 Y157.524 Z1.157 E.03183
G1 X122.981 Y157.524 Z1.174 E.03581
G1 X122.028 Y157.524 Z1.191 E.03983
G1 X121.076 Y157.524 Z1.209 E.04376
G1 X120.124 Y157.524 Z1.226 E.04774
G1 X119.171 Y157.524 Z1.243 E.05178
G1 X118.219 Y157.524 Z1.26 E.0557
G1 X117.266 Y157.524 Z1.277 E.05974
G1 X116.314 Y157.524 Z1.294 E.06366
G1 X115.362 Y157.524 Z1.311 E.06764
G1 X114.409 Y157.524 Z1.329 E.07169
G1 X113.457 Y157.524 Z1.346 E.07559
G1 X112.504 Y157.524 Z1.363 E.07966
G1 X111.552 Y157.524 Z1.38 E.08355
G1 X61.128 Y157.524 E4.42534
;WIDTH:0.695213
G1 X60.778 Y157.434 E.03342
;WIDTH:0.699204
G1 X60.544 Y157.239 E.02835
G1 X60.421 Y157 E.02502
;WIDTH:0.687351
G1 X60.384 Y156.645 E.03259
;WIDTH:0.663629
G1 X60.384 Y50.931 E9.27774
;WIDTH:0.695214
G1 X60.474 Y50.582 E.03334
;WIDTH:0.699204
G1 X60.669 Y50.348 E.02835
G1 X60.908 Y50.224 E.02506
;WIDTH:0.687351
G1 X61.263 Y50.188 E.03258
;WIDTH:0.663629
G1 X162.046 Y50.188 E8.84498
;WIDTH:0.700106
G1 X162.396 Y50.32 E.03487
G1 X162.608 Y50.529 E.02775
;WIDTH:0.699851
G1 X162.713 Y50.886 E.03468
;WIDTH:0.677709
G1 X162.72 Y51.067 E.01628
;WIDTH:0.663629
G1 X162.72 Y156.78 E9.27765
;WIDTH:0.695213
G1 X162.63 Y157.13 E.03342
;WIDTH:0.699203
G1 X162.435 Y157.364 E.02835
G1 X162.196 Y157.487 E.02502
;WIDTH:0.687349
G1 X161.841 Y157.524 E.03259
;WIDTH:0.663629
G1 X131.552 Y157.524 E2.65824
G1 X130.6 Y157.524 E.07957
G1 X129.647 Y157.524 E.07567
G1 X128.695 Y157.524 E.07161
G1 X127.743 Y157.524 E.06764
G1 X126.79 Y157.524 E.06372
G1 X125.838 Y157.524 E.05968
G1 X124.885 Y157.524 E.05576
G1 X123.933 Y157.524 E.05172
G1 X122.981 Y157.524 E.04774
G1 X122.028 Y157.524 E.04381
G1 X121.076 Y157.524 E.03979
G1 X120.124 Y157.524 E.03581
G1 X119.171 Y157.524 E.03186
G1 X118.219 Y157.524 E.02785
G1 X117.266 Y157.524 E.0239
G1 X116.314 Y157.524 E.01989
G1 X115.362 Y157.524 E.01591
G1 X114.409 Y157.524 E.01195
G1 X113.457 Y157.524 E.00796
G1 X112.504 Y157.524 E.00398
G1 X111.642 Y157.524 E.07565
;LAYER_CHANGE
;Z:1.74
;HEIGHT:0.36
;BEFORE_LAYER_CHANGE
G92 E0
;1.74


;WIPE_START
G1 F9600
G1 X111.552 Y157.524 E-.01603
G1 X107.151 Y157.524 E-.78397
;WIPE_END
G1 Z1.74 F12000
;AFTER_LAYER_CHANGE
;1.74
G1 X131.552 Y156.938
G1 Z1.38
G1 E.8 F1800
G1 F2661
G1 X130.552 Y156.938 Z1.398 E.00439
G1 X129.552 Y156.938 Z1.416 E.00878
G1 X128.552 Y156.938 Z1.434 E.01316
G1 X127.552 Y156.938 Z1.452 E.01755
G1 X126.552 Y156.938 Z1.47 E.02194
G1 X125.552 Y156.938 Z1.488 E.02633
G1 X124.552 Y156.938 Z1.506 E.03072
G1 X123.552 Y156.938 Z1.524 E.03511
G1 X122.552 Y156.938 Z1.542 E.03949
G1 X121.552 Y156.938 Z1.56 E.04388
G1 X120.552 Y156.938 Z1.578 E.04827
G1 X119.552 Y156.938 Z1.596 E.05266
G1 X118.552 Y156.938 Z1.614 E.05705
G1 X117.552 Y156.938 Z1.632 E.06143
G1 X116.552 Y156.938 Z1.65 E.06582
G1 X115.552 Y156.938 Z1.668 E.07021
G1 X114.552 Y156.938 Z1.686 E.0746
G1 X113.552 Y156.938 Z1.704 E.07899
G1 X112.552 Y156.938 Z1.722 E.08337
G1 X111.552 Y156.938 Z1.74 E.08776
G1 X61.263 Y156.938 E4.4135
;WIDTH:0.695493
G1 X61.096 Y156.904 E.01577
;WIDTH:0.696609
G1 X61.004 Y156.814 E.01193
G1 X60.97 Y156.645 E.01598
;WIDTH:0.663629
G1 X60.97 Y51.067 E9.26581
;WIDTH:0.695493
G1 X61.003 Y50.9 E.01575
;WIDTH:0.696609
G1 X61.094 Y50.808 E.012
G1 X61.263 Y50.774 E.01598
;WIDTH:0.663629
G1 X161.841 Y50.774 E8.82699
;WIDTH:0.700635
G1 X162.041 Y50.828 E.01933
G1 X162.134 Y51 E.01824
;WIDTH:0.663629
G1 X162.134 Y156.645 E9.27169
;WIDTH:0.700067
G1 X162.075 Y156.85 E.01989
G1 X161.908 Y156.938 E.0176
;WIDTH:0.663629
G1 X131.552 Y156.938 E2.66412
G1 X130.552 Y156.938 E.08337
G1 X129.552 Y156.938 E.07899
G1 X128.552 Y156.938 E.0746
G1 X127.552 Y156.938 E.07021
G1 X126.552 Y156.938 E.06582
G1 X125.552 Y156.938 E.06143
G1 X124.552 Y156.938 E.05705
G1 X123.552 Y156.938 E.05266
G1 X122.552 Y156.938 E.04827
G1 X121.552 Y156.938 E.04388
G1 X120.552 Y156.938 E.03949
G1 X119.552 Y156.938 E.03511
G1 X118.552 Y156.938 E.03072
G1 X117.552 Y156.938 E.02633
G1 X116.552 Y156.938 E.02194
G1 X115.552 Y156.938 E.01755
G1 X114.552 Y156.938 E.01316
G1 X113.552 Y156.938 E.00878
G1 X112.552 Y156.938 E.00439
G1 X111.642 Y156.938 E.07986
;WIPE_START
G1 F9600
G1 X111.552 Y156.938 E-.01603
G1 X107.151 Y156.938 E-.78397
;WIPE_END
G1 X131.552 Y157.524 F12000
G1 Z1.38
G1 E.8 F1800
G1 F2661
G1 X130.552 Y157.524 Z1.398 E.00439
G1 X129.552 Y157.524 Z1.416 E.00878
G1 X128.552 Y157.524 Z1.434 E.01316
G1 X127.552 Y157.524 Z1.452 E.01755
G1 X126.552 Y157.524 Z1.47 E.02194
G1 X125.552 Y157.524 Z1.488 E.02633
G1 X124.552 Y157.524 Z1.506 E.03072
G1 X123.552 Y157.524 Z1.524 E.03511
G1 X122.552 Y157.524 Z1.542 E.03949
G1 X121.552 Y157.524 Z1.56 E.04388
G1 X120.552 Y157.524 Z1.578 E.04827
G1 X119.552 Y157.524 Z1.596 E.05266
G1 X118.552 Y157.524 Z1.614 E.05705
G1 X117.552 Y157.524 Z1.632 E.06143
G1 X116.552 Y157.524 Z1.65 E.06582
G1 X115.552 Y157.524 Z1.668 E.07021
G1 X114.552 Y157.524 Z1.686 E.0746
G1 X113.552 Y157.524 Z1.704 E.07899
G1 X112.552 Y157.524 Z1.722 E.08337
G1 X111.552 Y157.524 Z1.74 E.08776
G1 X61.263 Y157.524 E4.4135
;WIDTH:0.695493
G1 X60.872 Y157.468 E.03655
;WIDTH:0.70514
G1 X60.617 Y157.331 E.0272
G1 X60.451 Y157.093 E.02727
;WIDTH:0.696609
G1 X60.384 Y156.645 E.04199
;WIDTH:0.663629
G1 X60.384 Y51.067 E9.26581
;WIDTH:0.695493
G1 X60.44 Y50.676 E.03655
;WIDTH:0.705141
G1 X60.577 Y50.421 E.0272
G1 X60.815 Y50.255 E.02727
;WIDTH:0.696609
G1 X61.263 Y50.188 E.04199
;WIDTH:0.663629
G1 X161.841 Y50.188 E8.82699
;WIDTH:0.700998
G1 X162.258 Y50.251 E.03937
G1 X162.442 Y50.351 E.01955
;WIDTH:0.700635
G1 X162.625 Y50.573 E.02684
;WIDTH:0.695513
G1 X162.72 Y51.067 E.04655
;WIDTH:0.663629
G1 X162.72 Y156.645 E9.26581
;WIDTH:0.695493
G1 X162.664 Y157.036 E.03655
;WIDTH:0.705139
G1 X162.527 Y157.291 E.0272
G1 X162.289 Y157.457 E.02727
;WIDTH:0.696608
G1 X161.841 Y157.524 E.04199
;WIDTH:0.663629
G1 X131.552 Y157.524 E2.65824
G1 X130.552 Y157.524 E.08337
G1 X129.552 Y157.524 E.07899
G1 X128.552 Y157.524 E.0746
G1 X127.552 Y157.524 E.07021
G1 X126.552 Y157.524 E.06582
G1 X125.552 Y157.524 E.06143
G1 X124.552 Y157.524 E.05705
G1 X123.552 Y157.524 E.05266
G1 X122.552 Y157.524 E.04827
G1 X121.552 Y157.524 E.04388
G1 X120.552 Y157.524 E.03949
G1 X119.552 Y157.524 E.03511
G1 X118.552 Y157.524 E.03072
G1 X117.552 Y157.524 E.02633
G1 X116.552 Y157.524 E.02194
G1 X115.552 Y157.524 E.01755
G1 X114.552 Y157.524 E.01316
G1 X113.552 Y157.524 E.00878
G1 X112.552 Y157.524 E.00439
G1 X111.642 Y157.524 E.07986
;LAYER_CHANGE
;Z:2.1
;HEIGHT:0.36
;BEFORE_LAYER_CHANGE
G92 E0
;2.1


;WIPE_START
G1 F9600
G1 X111.552 Y157.524 E-.01603
G1 X107.151 Y157.524 E-.78397
;WIPE_END
G1 Z2.1 F12000
;AFTER_LAYER_CHANGE
;2.1
G1 X131.552 Y156.938
G1 Z1.74
G1 E.8 F1800
G1 F2661
G1 X130.552 Y156.938 Z1.758 E.00439
G1 X129.552 Y156.938 Z1.776 E.00878
G1 X128.552 Y156.938 Z1.794 E.01316
G1 X127.552 Y156.938 Z1.812 E.01755
G1 X126.552 Y156.938 Z1.83 E.02194
G1 X125.552 Y156.938 Z1.848 E.02633
G1 X124.552 Y156.938 Z1.866 E.03072
G1 X123.552 Y156.938 Z1.884 E.03511
G1 X122.552 Y156.938 Z1.902 E.03949
G1 X121.552 Y156.938 Z1.92 E.04388
G1 X120.552 Y156.938 Z1.938 E.04827
G1 X119.552 Y156.938 Z1.956 E.05266
G1 X118.552 Y156.938 Z1.974 E.05705
G1 X117.552 Y156.938 Z1.992 E.06143
G1 X116.552 Y156.938 Z2.01 E.06582
G1 X115.552 Y156.938 Z2.028 E.07021
G1 X114.552 Y156.938 Z2.046 E.0746
G1 X113.552 Y156.938 Z2.064 E.07899
G1 X112.552 Y156.938 Z2.082 E.08337
G1 X111.552 Y156.938 Z2.1 E.08776
G1 X61.263 Y156.938 E4.4135
;WIDTH:0.700384
G1 X61.055 Y156.876 E.02024
G1 X60.97 Y156.691 E.01899
;WIDTH:0.663629
G1 X60.97 Y51.067 E9.26984
;WIDTH:0.700384
G1 X61.032 Y50.859 E.02024
G1 X61.217 Y50.774 E.01899
;WIDTH:0.663629
G1 X161.841 Y50.774 E8.83103
;WIDTH:0.692258
G1 X162.017 Y50.815 E.01663
;WIDTH:0.695857
G1 X162.099 Y50.897 E.01074
G1 X162.134 Y51.067 E.01607
;WIDTH:0.663629
G1 X162.134 Y156.645 E9.26581
;WIDTH:0.700382
G1 X162.073 Y156.853 E.02022
G1 X161.887 Y156.938 E.01907
;WIDTH:0.663629
G1 X131.552 Y156.938 E2.66228
G1 X130.552 Y156.938 E.08337
G1 X129.552 Y156.938 E.07899
G1 X128.552 Y156.938 E.0746
G1 X127.552 Y156.938 E.07021
G1 X126.552 Y156.938 E.06582
G1 X125.552 Y156.938 E.06143
G1 X124.552 Y156.938 E.05705
G1 X123.552 Y156.938 E.05266
G1 X122.552 Y156.938 E.04827
G1 X121.552 Y156.938 E.04388
G1 X120.552 Y156.938 E.03949
G1 X119.552 Y156.938 E.03511
G1 X118.552 Y156.938 E.03072
G1 X117.552 Y156.938 E.02633
G1 X116.552 Y156.938 E.02194
G1 X115.552 Y156.938 E.01755
G1 X114.552 Y156.938 E.01316
G1 X113.552 Y156.938 E.00878
G1 X112.552 Y156.938 E.00439
G1 X111.642 Y156.938 E.07986
;WIPE_START
G1 F9600
G1 X111.552 Y156.938 E-.01603
G1 X107.151 Y156.938 E-.78397
;WIPE_END
G1 X131.552 Y157.524 F12000
G1 Z1.74
G1 E.8 F1800
G1 F2661
G1 X130.552 Y157.524 Z1.758 E.00439
G1 X129.552 Y157.524 Z1.776 E.00878
G1 X128.552 Y157.524 Z1.794 E.01316
G1 X127.552 Y157.524 Z1.812 E.01755
G1 X126.552 Y157.524 Z1.83 E.02194
G1 X125.552 Y157.524 Z1.848 E.02633
G1 X124.552 Y157.524 Z1.866 E.03072
G1 X123.552 Y157.524 Z1.884 E.03511
G1 X122.552 Y157.524 Z1.902 E.03949
G1 X121.552 Y157.524 Z1.92 E.04388
G1 X120.552 Y157.524 Z1.938 E.04827
G1 X119.552 Y157.524 Z1.956 E.05266
G1 X118.552 Y157.524 Z1.974 E.05705
G1 X117.552 Y157.524 Z1.992 E.06143
G1 X116.552 Y157.524 Z2.01 E.06582
G1 X115.552 Y157.524 Z2.028 E.07021
G1 X114.552 Y157.524 Z2.046 E.0746
G1 X113.552 Y157.524 Z2.064 E.07899
G1 X112.552 Y157.524 Z2.082 E.08337
G1 X111.552 Y157.524 Z2.1 E.08776
G1 X61.263 Y157.524 E4.4135
;WIDTH:0.695841
G1 X60.864 Y157.465 E.03734
;WIDTH:0.700384
G1 X60.682 Y157.372 E.01906
G1 X60.451 Y157.092 E.03385
;WIDTH:0.69269
G1 X60.384 Y156.645 E.04163
;WIDTH:0.663629
G1 X60.384 Y51.067 E9.26581
;WIDTH:0.695841
G1 X60.443 Y50.668 E.03734
;WIDTH:0.700384
G1 X60.535 Y50.486 E.01902
G1 X60.816 Y50.255 E.03393
;WIDTH:0.692691
G1 X61.263 Y50.188 E.04163
;WIDTH:0.663629
G1 X161.841 Y50.188 E8.82699
;WIDTH:0.692763
G1 X162.225 Y50.242 E.03572
;WIDTH:0.696917
G1 X162.457 Y50.375 E.0248
G1 X162.62 Y50.563 E.02308
;WIDTH:0.695857
G1 X162.72 Y51.067 E.04757
;WIDTH:0.663629
G1 X162.72 Y156.645 E9.26581
;WIDTH:0.69584
G1 X162.661 Y157.044 E.03734
;WIDTH:0.700382
G1 X162.569 Y157.226 E.01902
G1 X162.288 Y157.457 E.03393
;WIDTH:0.69269
G1 X161.841 Y157.524 E.04163
;WIDTH:0.663629
G1 X131.552 Y157.524 E2.65824
G1 X130.552 Y157.524 E.08337
G1 X129.552 Y157.524 E.07899
G1 X128.552 Y157.524 E.0746
G1 X127.552 Y157.524 E.07021
G1 X126.552 Y157.524 E.06582
G1 X125.552 Y157.524 E.06143
G1 X124.552 Y157.524 E.05705
G1 X123.552 Y157.524 E.05266
G1 X122.552 Y157.524 E.04827
G1 X121.552 Y157.524 E.04388
G1 X120.552 Y157.524 E.03949
G1 X119.552 Y157.524 E.03511
G1 X118.552 Y157.524 E.03072
G1 X117.552 Y157.524 E.02633
G1 X116.552 Y157.524 E.02194
G1 X115.552 Y157.524 E.01755
G1 X114.552 Y157.524 E.01316
G1 X113.552 Y157.524 E.00878
G1 X112.552 Y157.524 E.00439
G1 X111.642 Y157.524 E.07986
;LAYER_CHANGE
;Z:2.46
;HEIGHT:0.36
;BEFORE_LAYER_CHANGE
G92 E0
;2.46


;WIPE_START
G1 F9600
G1 X111.552 Y157.524 E-.01603
G1 X107.151 Y157.524 E-.78397
;WIPE_END
G1 Z2.46 F12000
;AFTER_LAYER_CHANGE
;2.46
G1 X131.552 Y156.938
G1 Z2.1
G1 E.8 F1800
G1 F2661
G1 X130.552 Y156.938 Z2.118 E.00439
G1 X129.552 Y156.938 Z2.136 E.00878
G1 X128.552 Y156.938 Z2.154 E.01316
G1 X127.552 Y156.938 Z2.172 E.01755
G1 X126.552 Y156.938 Z2.19 E.02194
G1 X125.552 Y156.938 Z2.208 E.02633
G1 X124.552 Y156.938 Z2.226 E.03072
G1 X123.552 Y156.938 Z2.244 E.03511
G1 X122.552 Y156.938 Z2.262 E.03949
G1 X121.552 Y156.938 Z2.28 E.04388
G1 X120.552 Y156.938 Z2.298 E.04827
G1 X119.552 Y156.938 Z2.316 E.05266
G1 X118.552 Y156.938 Z2.334 E.05705
G1 X117.552 Y156.938 Z2.352 E.06143
G1 X116.552 Y156.938 Z2.37 E.06582
G1 X115.552 Y156.938 Z2.388 E.07021
G1 X114.552 Y156.938 Z2.406 E.0746
G1 X113.552 Y156.938 Z2.424 E.07899
G1 X112.552 Y156.938 Z2.442 E.08337
G1 X111.552 Y156.938 Z2.46 E.08776
G1 X61.263 Y156.938 E4.4135
;WIDTH:0.700852
G1 X61.052 Y156.874 E.02058
G1 X60.97 Y156.691 E.01872
;WIDTH:0.66363
G1 X60.97 Y51.067 E9.26986
;WIDTH:0.700852
G1 X61.034 Y50.856 E.02058
G1 X61.217 Y50.774 E.01872
;WIDTH:0.663629
G1 X161.841 Y50.774 E8.83103
;WIDTH:0.693678
G1 X162.017 Y50.815 E.01667
;WIDTH:0.69626
G1 X162.097 Y50.894 E.01042
G1 X162.134 Y51.067 E.01639
;WIDTH:0.663629
G1 X162.134 Y156.645 E9.26581
;WIDTH:0.69626
G1 X162.097 Y156.818 E.01639
G1 X162.008 Y156.904 E.01147
;WIDTH:0.69389
G1 X161.841 Y156.938 E.01573
;WIDTH:0.663629
G1 X131.552 Y156.938 E2.65824
G1 X130.552 Y156.938 E.08337
G1 X129.552 Y156.938 E.07899
G1 X128.552 Y156.938 E.0746
G1 X127.552 Y156.938 E.07021
G1 X126.552 Y156.938 E.06582
G1 X125.552 Y156.938 E.06143
G1 X124.552 Y156.938 E.05705
G1 X123.552 Y156.938 E.05266
G1 X122.552 Y156.938 E.04827
G1 X121.552 Y156.938 E.04388
G1 X120.552 Y156.938 E.03949
G1 X119.552 Y156.938 E.03511
G1 X118.552 Y156.938 E.03072
G1 X117.552 Y156.938 E.02633
G1 X116.552 Y156.938 E.02194
G1 X115.552 Y156.938 E.01755
G1 X114.552 Y156.938 E.01316
G1 X113.552 Y156.938 E.00878
G1 X112.552 Y156.938 E.00439
G1 X111.642 Y156.938 E.07986
;WIPE_START
G1 F9600
G1 X111.552 Y156.938 E-.01603
G1 X107.151 Y156.938 E-.78397
;WIPE_END
G1 X131.552 Y157.524 F12000
G1 Z2.1
G1 E.8 F1800
G1 F2661
G1 X130.552 Y157.524 Z2.118 E.00439
G1 X129.552 Y157.524 Z2.136 E.00878
G1 X128.552 Y157.524 Z2.154 E.01316
G1 X127.552 Y157.524 Z2.172 E.01755
G1 X126.552 Y157.524 Z2.19 E.02194
G1 X125.552 Y157.524 Z2.208 E.02633
G1 X124.552 Y157.524 Z2.226 E.03072
G1 X123.552 Y157.524 Z2.244 E.03511
G1 X122.552 Y157.524 Z2.262 E.03949
G1 X121.552 Y157.524 Z2.28 E.04388
G1 X120.552 Y157.524 Z2.298 E.04827
G1 X119.552 Y157.524 Z2.316 E.05266
G1 X118.552 Y157.524 Z2.334 E.05705
G1 X117.552 Y157.524 Z2.352 E.06143
G1 X116.552 Y157.524 Z2.37 E.06582
G1 X115.552 Y157.524 Z2.388 E.07021
G1 X114.552 Y157.524 Z2.406 E.0746
G1 X113.552 Y157.524 Z2.424 E.07899
G1 X112.552 Y157.524 Z2.442 E.08337
G1 X111.552 Y157.524 Z2.46 E.08776
G1 X61.263 Y157.524 E4.4135
;WIDTH:0.696261
G1 X60.856 Y157.461 E.03816
;WIDTH:0.700852
G1 X60.672 Y157.365 E.01937
G1 X60.456 Y157.103 E.03169
;WIDTH:0.693891
G1 X60.384 Y156.645 E.04279
;WIDTH:0.66363
G1 X60.384 Y51.067 E9.26582
;WIDTH:0.696262
G1 X60.447 Y50.66 E.03816
;WIDTH:0.700852
G1 X60.543 Y50.475 E.01945
G1 X60.805 Y50.26 E.03163
;WIDTH:0.693892
G1 X61.263 Y50.188 E.04279
;WIDTH:0.663629
G1 X161.841 Y50.188 E8.82699
;WIDTH:0.693915
G1 X162.237 Y50.247 E.03695
;WIDTH:0.698349
G1 X162.457 Y50.373 E.02357
G1 X162.614 Y50.554 E.02227
;WIDTH:0.69626
G1 X162.716 Y50.918 E.03502
;WIDTH:0.673116
G1 X162.72 Y51.067 E.01329
;WIDTH:0.663629
G1 X162.72 Y156.645 E9.26581
;WIDTH:0.69626
G1 X162.657 Y157.052 E.03816
;WIDTH:0.700851
G1 X162.561 Y157.236 E.01937
G1 X162.299 Y157.452 E.03169
;WIDTH:0.69389
G1 X161.841 Y157.524 E.04279
;WIDTH:0.663629
G1 X131.552 Y157.524 E2.65824
G1 X130.552 Y157.524 E.08337
G1 X129.552 Y157.524 E.07899
G1 X128.552 Y157.524 E.0746
G1 X127.552 Y157.524 E.07021
G1 X126.552 Y157.524 E.06582
G1 X125.552 Y157.524 E.06143
G1 X124.552 Y157.524 E.05705
G1 X123.552 Y157.524 E.05266
G1 X122.552 Y157.524 E.04827
G1 X121.552 Y157.524 E.04388
G1 X120.552 Y157.524 E.03949
G1 X119.552 Y157.524 E.03511
G1 X118.552 Y157.524 E.03072
G1 X117.552 Y157.524 E.02633
G1 X116.552 Y157.524 E.02194
G1 X115.552 Y157.524 E.01755
G1 X114.552 Y157.524 E.01316
G1 X113.552 Y157.524 E.00878
G1 X112.552 Y157.524 E.00439
G1 X111.642 Y157.524 E.07986
;LAYER_CHANGE
;Z:2.82
;HEIGHT:0.36
;BEFORE_LAYER_CHANGE
G92 E0
;2.82


;WIPE_START
G1 F9600
G1 X111.552 Y157.524 E-.01603
G1 X107.151 Y157.524 E-.78397
;WIPE_END
G1 Z2.82 F12000
;AFTER_LAYER_CHANGE
;2.82
G1 X131.552 Y156.938
G1 Z2.46
G1 E.8 F1800
G1 F2661
G1 X130.552 Y156.938 Z2.478 E.00439
G1 X129.552 Y156.938 Z2.496 E.00878
G1 X128.552 Y156.938 Z2.514 E.01316
G1 X127.552 Y156.938 Z2.532 E.01755
G1 X126.552 Y156.938 Z2.55 E.02194
G1 X125.552 Y156.938 Z2.568 E.02633
G1 X124.552 Y156.938 Z2.586 E.03072
G1 X123.552 Y156.938 Z2.604 E.03511
G1 X122.552 Y156.938 Z2.622 E.03949
G1 X121.552 Y156.938 Z2.64 E.04388
G1 X120.552 Y156.938 Z2.658 E.04827
G1 X119.552 Y156.938 Z2.676 E.05266
G1 X118.552 Y156.938 Z2.694 E.05705
G1 X117.552 Y156.938 Z2.712 E.06143
G1 X116.552 Y156.938 Z2.73 E.06582
G1 X115.552 Y156.938 Z2.748 E.07021
G1 X114.552 Y156.938 Z2.766 E.0746
G1 X113.552 Y156.938 Z2.784 E.07899
G1 X112.552 Y156.938 Z2.802 E.08337
G1 X111.552 Y156.938 Z2.82 E.08776
G1 X61.263 Y156.938 E4.4135
;WIDTH:0.701387
G1 X61.048 Y156.871 E.02104
G1 X60.97 Y156.69 E.01841
;WIDTH:0.663629
G1 X60.97 Y51.067 E9.26976
;WIDTH:0.701387
G1 X61.037 Y50.852 E.02104
G1 X61.218 Y50.774 E.01841
;WIDTH:0.663628
G1 X161.841 Y50.774 E8.83093
;WIDTH:0.695155
G1 X162.018 Y50.814 E.01678
;WIDTH:0.696754
G1 X162.096 Y50.891 E.01016
G1 X162.134 Y51.067 E.01669
;WIDTH:0.663628
G1 X162.134 Y156.645 E9.26579
;WIDTH:0.696745
G1 X162.096 Y156.821 E.01669
G1 X162.013 Y156.901 E.01069
;WIDTH:0.695192
G1 X161.841 Y156.938 E.01627
;WIDTH:0.663629
G1 X131.552 Y156.938 E2.65824
G1 X130.552 Y156.938 E.08337
G1 X129.552 Y156.938 E.07899
G1 X128.552 Y156.938 E.0746
G1 X127.552 Y156.938 E.07021
G1 X126.552 Y156.938 E.06582
G1 X125.552 Y156.938 E.06143
G1 X124.552 Y156.938 E.05705
G1 X123.552 Y156.938 E.05266
G1 X122.552 Y156.938 E.04827
G1 X121.552 Y156.938 E.04388
G1 X120.552 Y156.938 E.03949
G1 X119.552 Y156.938 E.03511
G1 X118.552 Y156.938 E.03072
G1 X117.552 Y156.938 E.02633
G1 X116.552 Y156.938 E.02194
G1 X115.552 Y156.938 E.01755
G1 X114.552 Y156.938 E.01316
G1 X113.552 Y156.938 E.00878
G1 X112.552 Y156.938 E.00439
G1 X111.642 Y156.938 E.07986
;WIPE_START
G1 F9600
G1 X111.552 Y156.938 E-.01603
G1 X107.151 Y156.938 E-.78397
;WIPE_END
G1 X131.552 Y157.524 F12000
G1 Z2.46
G1 E.8 F1800
G1 F2661
G1 X130.552 Y157.524 Z2.478 E.00439
G1 X129.552 Y157.524 Z2.496 E.00878
G1 X128.552 Y157.524 Z2.514 E.01316
G1 X127.552 Y157.524 Z2.532 E.01755
G1 X126.552 Y157.524 Z2.55 E.02194
G1 X125.552 Y157.524 Z2.568 E.02633
G1 X124.552 Y157.524 Z2.586 E.03072
G1 X123.552 Y157.524 Z2.604 E.03511
G1 X122.552 Y157.524 Z2.622 E.03949
G1 X121.552 Y157.524 Z2.64 E.04388
G1 X120.552 Y157.524 Z2.658 E.04827
G1 X119.552 Y157.524 Z2.676 E.05266
G1 X118.552 Y157.524 Z2.694 E.05705
G1 X117.552 Y157.524 Z2.712 E.06143
G1 X116.552 Y157.524 Z2.73 E.06582
G1 X115.552 Y157.524 Z2.748 E.07021
G1 X114.552 Y157.524 Z2.766 E.0746
G1 X113.552 Y157.524 Z2.784 E.07899
G1 X112.552 Y157.524 Z2.802 E.08337
G1 X111.552 Y157.524 Z2.82 E.08776
G1 X61.263 Y157.524 E4.4135
;WIDTH:0.696746
G1 X60.848 Y157.457 E.03898
;WIDTH:0.701387
G1 X60.661 Y157.357 E.01981
G1 X60.504 Y157.176 E.02238
;WIDTH:0.695138
G1 X60.413 Y156.929 E.02434
;WIDTH:0.677106
G1 X60.384 Y156.645 E.02563
;WIDTH:0.663629
G1 X60.384 Y51.067 E9.26581
;WIDTH:0.696747
G1 X60.451 Y50.652 E.03898
;WIDTH:0.701387
G1 X60.551 Y50.465 E.01981
G1 X60.732 Y50.308 E.02238
;WIDTH:0.695139
G1 X60.979 Y50.217 E.02434
;WIDTH:0.677106
G1 X61.263 Y50.188 E.02563
;WIDTH:0.663628
G1 X161.975 Y50.188 E8.83874
;WIDTH:0.69523
G1 X162.249 Y50.251 E.026
;WIDTH:0.699836
G1 X162.459 Y50.372 E.02258
G1 X162.608 Y50.544 E.0212
;WIDTH:0.696754
G1 X162.716 Y50.92 E.03627
;WIDTH:0.672865
G1 X162.72 Y51.067 E.01311
;WIDTH:0.663628
G1 X162.72 Y156.736 E9.27378
;WIDTH:0.696745
G1 X162.654 Y157.06 E.03066
;WIDTH:0.701386
G1 X162.553 Y157.247 E.01985
G1 X162.311 Y157.447 E.02933
;WIDTH:0.695192
G1 X161.841 Y157.524 E.04405
;WIDTH:0.663629
G1 X131.552 Y157.524 E2.65824
G1 X130.552 Y157.524 E.08337
G1 X129.552 Y157.524 E.07899
G1 X128.552 Y157.524 E.0746
G1 X127.552 Y157.524 E.07021
G1 X126.552 Y157.524 E.06582
G1 X125.552 Y157.524 E.06143
G1 X124.552 Y157.524 E.05705
G1 X123.552 Y157.524 E.05266
G1 X122.552 Y157.524 E.04827
G1 X121.552 Y157.524 E.04388
G1 X120.552 Y157.524 E.03949
G1 X119.552 Y157.524 E.03511
G1 X118.552 Y157.524 E.03072
G1 X117.552 Y157.524 E.02633
G1 X116.552 Y157.524 E.02194
G1 X115.552 Y157.524 E.01755
G1 X114.552 Y157.524 E.01316
G1 X113.552 Y157.524 E.00878
G1 X112.552 Y157.524 E.00439
G1 X111.642 Y157.524 E.07986
;LAYER_CHANGE
;Z:3.18
;HEIGHT:0.36
;BEFORE_LAYER_CHANGE
G92 E0
;3.18


;WIPE_START
G1 F9600
G1 X111.552 Y157.524 E-.01603
G1 X107.151 Y157.524 E-.78397
;WIPE_END
G1 Z3.18 F12000
;AFTER_LAYER_CHANGE
;3.18
G1 X131.552 Y156.938
G1 Z2.82
G1 E.8 F1800
G1 F2661
G1 X130.552 Y156.938 Z2.838 E.00439
G1 X129.552 Y156.938 Z2.856 E.00878
G1 X128.552 Y156.938 Z2.874 E.01316
G1 X127.552 Y156.938 Z2.892 E.01755
G1 X126.552 Y156.938 Z2.91 E.02194
G1 X125.552 Y156.938 Z2.928 E.02633
G1 X124.552 Y156.938 Z2.946 E.03072
G1 X123.552 Y156.938 Z2.964 E.03511
G1 X122.552 Y156.938 Z2.982 E.03949
G1 X121.552 Y156.938 Z3 E.04388
G1 X120.552 Y156.938 Z3.018 E.04827
G1 X119.552 Y156.938 Z3.036 E.05266
G1 X118.552 Y156.938 Z3.054 E.05705
G1 X117.552 Y156.938 Z3.072 E.06143
G1 X116.552 Y156.938 Z3.09 E.06582
G1 X115.552 Y156.938 Z3.108 E.07021
G1 X114.552 Y156.938 Z3.126 E.0746
G1 X113.552 Y156.938 Z3.144 E.07899
G1 X112.552 Y156.938 Z3.162 E.08337
G1 X111.552 Y156.938 Z3.18 E.08776
G1 X61.263 Y156.938 E4.4135
;WIDTH:0.697303
G1 X61.084 Y156.898 E.01702
G1 X60.97 Y156.736 E.01838
;WIDTH:0.663629
G1 X60.97 Y51.067 E9.27379
;WIDTH:0.697304
G1 X61.01 Y50.888 E.01702
;WIDTH:0.701987
G1 X61.218 Y50.774 E.02218
;WIDTH:0.663628
G1 X161.841 Y50.774 E8.83093
;WIDTH:0.696599
G1 X162.018 Y50.814 E.01682
;WIDTH:0.697302
G1 X162.094 Y50.888 E.00984
G1 X162.134 Y51.067 E.01702
;WIDTH:0.663629
G1 X162.134 Y156.645 E9.26581
;WIDTH:0.697302
G1 X162.094 Y156.824 E.01702
G1 X162.018 Y156.898 E.00984
;WIDTH:0.696598
G1 X161.841 Y156.938 E.01682
;WIDTH:0.663629
G1 X131.552 Y156.938 E2.65824
G1 X130.552 Y156.938 E.08337
G1 X129.552 Y156.938 E.07899
G1 X128.552 Y156.938 E.0746
G1 X127.552 Y156.938 E.07021
G1 X126.552 Y156.938 E.06582
G1 X125.552 Y156.938 E.06143
G1 X124.552 Y156.938 E.05705
G1 X123.552 Y156.938 E.05266
G1 X122.552 Y156.938 E.04827
G1 X121.552 Y156.938 E.04388
G1 X120.552 Y156.938 E.03949
G1 X119.552 Y156.938 E.03511
G1 X118.552 Y156.938 E.03072
G1 X117.552 Y156.938 E.02633
G1 X116.552 Y156.938 E.02194
G1 X115.552 Y156.938 E.01755
G1 X114.552 Y156.938 E.01316
G1 X113.552 Y156.938 E.00878
G1 X112.552 Y156.938 E.00439
G1 X111.642 Y156.938 E.07986
;WIPE_START
G1 F9600
G1 X111.552 Y156.938 E-.01603
G1 X107.151 Y156.938 E-.78397
;WIPE_END
G1 X131.552 Y157.524 F12000
G1 Z2.82
G1 E.8 F1800
G1 F2661
G1 X130.552 Y157.524 Z2.838 E.00439
G1 X129.552 Y157.524 Z2.856 E.00878
G1 X128.552 Y157.524 Z2.874 E.01316
G1 X127.552 Y157.524 Z2.892 E.01755
G1 X126.552 Y157.524 Z2.91 E.02194
G1 X125.552 Y157.524 Z2.928 E.02633
G1 X124.552 Y157.524 Z2.946 E.03072
G1 X123.552 Y157.524 Z2.964 E.03511
G1 X122.552 Y157.524 Z2.982 E.03949
G1 X121.552 Y157.524 Z3 E.04388
G1 X120.552 Y157.524 Z3.018 E.04827
G1 X119.552 Y157.524 Z3.036 E.05266
G1 X118.552 Y157.524 Z3.054 E.05705
G1 X117.552 Y157.524 Z3.072 E.06143
G1 X116.552 Y157.524 Z3.09 E.06582
G1 X115.552 Y157.524 Z3.108 E.07021
G1 X114.552 Y157.524 Z3.126 E.0746
G1 X113.552 Y157.524 Z3.144 E.07899
G1 X112.552 Y157.524 Z3.162 E.08337
G1 X111.552 Y157.524 Z3.18 E.08776
G1 X61.137 Y157.524 E4.42455
;WIDTH:0.697303
G1 X60.84 Y157.454 E.02832
;WIDTH:0.701986
G1 X60.65 Y157.349 E.0203
G1 X60.502 Y157.177 E.02122
;WIDTH:0.696599
G1 X60.415 Y156.934 E.02393
;WIDTH:0.676977
G1 X60.384 Y156.645 E.02609
;WIDTH:0.663629
G1 X60.384 Y50.941 E9.27686
;WIDTH:0.697304
G1 X60.454 Y50.644 E.02832
;WIDTH:0.701987
G1 X60.559 Y50.454 E.0203
G1 X60.731 Y50.306 E.02122
;WIDTH:0.6966
G1 X60.974 Y50.219 E.02393
;WIDTH:0.676977
G1 X61.263 Y50.188 E.02609
;WIDTH:0.663628
G1 X161.976 Y50.188 E8.83883
;WIDTH:0.6966
G1 X162.261 Y50.256 E.02716
;WIDTH:0.701291
G1 X162.46 Y50.37 E.02142
G1 X162.603 Y50.534 E.02032
;WIDTH:0.697302
G1 X162.716 Y50.922 E.0375
;WIDTH:0.672634
G1 X162.72 Y51.067 E.01293
;WIDTH:0.663629
G1 X162.72 Y156.736 E9.27379
;WIDTH:0.697302
G1 X162.65 Y157.068 E.03149
;WIDTH:0.701959
G1 X162.545 Y157.257 E.02022
G1 X162.373 Y157.406 E.02128
;WIDTH:0.696598
G1 X162.049 Y157.513 E.03163
;WIDTH:0.672636
G1 X161.841 Y157.524 E.01856
;WIDTH:0.663629
G1 X131.552 Y157.524 E2.65824
G1 X130.552 Y157.524 E.08337
G1 X129.552 Y157.524 E.07899
G1 X128.552 Y157.524 E.0746
G1 X127.552 Y157.524 E.07021
G1 X126.552 Y157.524 E.06582
G1 X125.552 Y157.524 E.06143
G1 X124.552 Y157.524 E.05705
G1 X123.552 Y157.524 E.05266
G1 X122.552 Y157.524 E.04827
G1 X121.552 Y157.524 E.04388
G1 X120.552 Y157.524 E.03949
G1 X119.552 Y157.524 E.03511
G1 X118.552 Y157.524 E.03072
G1 X117.552 Y157.524 E.02633
G1 X116.552 Y157.524 E.02194
G1 X115.552 Y157.524 E.01755
G1 X114.552 Y157.524 E.01316
G1 X113.552 Y157.524 E.00878
G1 X112.552 Y157.524 E.00439
G1 X111.642 Y157.524 E.07986
;LAYER_CHANGE
;Z:3.54
;HEIGHT:0.36
;BEFORE_LAYER_CHANGE
G92 E0
;3.54


;WIPE_START
G1 F9600
G1 X111.552 Y157.524 E-.01603
G1 X107.151 Y157.524 E-.78397
;WIPE_END
G1 Z3.54 F12000
;AFTER_LAYER_CHANGE
;3.54
G1 X131.552 Y156.938
G1 Z3.18
G1 E.8 F1800
G1 F2661
G1 X130.552 Y156.938 Z3.198 E.00439
G1 X129.552 Y156.938 Z3.216 E.00878
G1 X128.552 Y156.938 Z3.234 E.01316
G1 X127.552 Y156.938 Z3.252 E.01755
G1 X126.552 Y156.938 Z3.27 E.02194
G1 X125.552 Y156.938 Z3.288 E.02633
G1 X124.552 Y156.938 Z3.306 E.03072
G1 X123.552 Y156.938 Z3.324 E.03511
G1 X122.552 Y156.938 Z3.342 E.03949
G1 X121.552 Y156.938 Z3.36 E.04388
G1 X120.552 Y156.938 Z3.378 E.04827
G1 X119.552 Y156.938 Z3.396 E.05266
G1 X118.552 Y156.938 Z3.414 E.05705
G1 X117.552 Y156.938 Z3.432 E.06143
G1 X116.552 Y156.938 Z3.45 E.06582
G1 X115.552 Y156.938 Z3.468 E.07021
G1 X114.552 Y156.938 Z3.486 E.0746
G1 X113.552 Y156.938 Z3.504 E.07899
G1 X112.552 Y156.938 Z3.522 E.08337
G1 X111.552 Y156.938 Z3.54 E.08776
G1 X61.263 Y156.938 E4.4135
;WIDTH:0.69779
G1 X61.082 Y156.896 E.01726
G1 X60.97 Y156.736 E.01814
;WIDTH:0.663629
G1 X60.97 Y51.067 E9.27379
;WIDTH:0.697791
G1 X61.012 Y50.886 E.01726
G1 X61.172 Y50.774 E.01814
;WIDTH:0.663628
G1 X161.841 Y50.774 E8.83496
;WIDTH:0.697776
G1 X162.021 Y50.815 E.01715
G1 X162.092 Y50.886 E.00933
G1 X162.134 Y51.067 E.01726
;WIDTH:0.663629
G1 X162.134 Y156.645 E9.26581
;WIDTH:0.69779
G1 X162.092 Y156.826 E.01726
G1 X162.022 Y156.896 E.00919
G1 X161.841 Y156.938 E.01726
;WIDTH:0.663629
G1 X131.552 Y156.938 E2.65824
G1 X130.552 Y156.938 E.08337
G1 X129.552 Y156.938 E.07899
G1 X128.552 Y156.938 E.0746
G1 X127.552 Y156.938 E.07021
G1 X126.552 Y156.938 E.06582
G1 X125.552 Y156.938 E.06143
G1 X124.552 Y156.938 E.05705
G1 X123.552 Y156.938 E.05266
G1 X122.552 Y156.938 E.04827
G1 X121.552 Y156.938 E.04388
G1 X120.552 Y156.938 E.03949
G1 X119.552 Y156.938 E.03511
G1 X118.552 Y156.938 E.03072
G1 X117.552 Y156.938 E.02633
G1 X116.552 Y156.938 E.02194
G1 X115.552 Y156.938 E.01755
G1 X114.552 Y156.938 E.01316
G1 X113.552 Y156.938 E.00878
G1 X112.552 Y156.938 E.00439
G1 X111.642 Y156.938 E.07986
;WIPE_START
G1 F9600
G1 X111.552 Y156.938 E-.01603
G1 X107.151 Y156.938 E-.78397
;WIPE_END
G1 X131.552 Y157.524 F12000
G1 Z3.18
G1 E.8 F1800
G1 F2661
G1 X130.552 Y157.524 Z3.198 E.00439
G1 X129.552 Y157.524 Z3.216 E.00878
G1 X128.552 Y157.524 Z3.234 E.01316
G1 X127.552 Y157.524 Z3.252 E.01755
G1 X126.552 Y157.524 Z3.27 E.02194
G1 X125.552 Y157.524 Z3.288 E.02633
G1 X124.552 Y157.524 Z3.306 E.03072
G1 X123.552 Y157.524 Z3.324 E.03511
G1 X122.552 Y157.524 Z3.342 E.03949
G1 X121.552 Y157.524 Z3.36 E.04388
G1 X120.552 Y157.524 Z3.378 E.04827
G1 X119.552 Y157.524 Z3.396 E.05266
G1 X118.552 Y157.524 Z3.414 E.05705
G1 X117.552 Y157.524 Z3.432 E.06143
G1 X116.552 Y157.524 Z3.45 E.06582
G1 X115.552 Y157.524 Z3.468 E.07021
G1 X114.552 Y157.524 Z3.486 E.0746
G1 X113.552 Y157.524 Z3.504 E.07899
G1 X112.552 Y157.524 Z3.522 E.08337
G1 X111.552 Y157.524 Z3.54 E.08776
G1 X61.101 Y157.524 E4.42771
;WIDTH:0.697791
G1 X60.722 Y157.402 E.03698
G1 X60.506 Y157.186 E.02837
G1 X60.416 Y156.938 E.0245
;WIDTH:0.676864
G1 X60.384 Y156.645 E.02645
;WIDTH:0.663629
G1 X60.384 Y50.905 E9.28002
;WIDTH:0.697791
G1 X60.506 Y50.526 E.03698
G1 X60.722 Y50.31 E.02837
G1 X60.97 Y50.22 E.0245
;WIDTH:0.676863
G1 X61.263 Y50.188 E.02645
;WIDTH:0.663628
G1 X161.977 Y50.188 E8.83891
;WIDTH:0.697776
G1 X162.271 Y50.26 E.02811
;WIDTH:0.702459
G1 X162.462 Y50.369 E.02058
G1 X162.634 Y50.577 E.02526
;WIDTH:0.69779
G1 X162.72 Y51.067 E.0462
;WIDTH:0.663629
G1 X162.72 Y156.807 E9.28002
;WIDTH:0.69779
G1 X162.598 Y157.186 E.03698
G1 X162.382 Y157.402 E.02837
G1 X162.049 Y157.513 E.0326
;WIDTH:0.672462
G1 X161.841 Y157.524 E.01856
;WIDTH:0.663629
G1 X131.552 Y157.524 E2.65824
G1 X130.552 Y157.524 E.08337
G1 X129.552 Y157.524 E.07899
G1 X128.552 Y157.524 E.0746
G1 X127.552 Y157.524 E.07021
G1 X126.552 Y157.524 E.06582
G1 X125.552 Y157.524 E.06143
G1 X124.552 Y157.524 E.05705
G1 X123.552 Y157.524 E.05266
G1 X122.552 Y157.524 E.04827
G1 X121.552 Y157.524 E.04388
G1 X120.552 Y157.524 E.03949
G1 X119.552 Y157.524 E.03511
G1 X118.552 Y157.524 E.03072
G1 X117.552 Y157.524 E.02633
G1 X116.552 Y157.524 E.02194
G1 X115.552 Y157.524 E.01755
G1 X114.552 Y157.524 E.01316
G1 X113.552 Y157.524 E.00878
G1 X112.552 Y157.524 E.00439
G1 X111.642 Y157.524 E.07986
;LAYER_CHANGE
;Z:3.9
;HEIGHT:0.36
;BEFORE_LAYER_CHANGE
G92 E0
;3.9


;WIPE_START
G1 F9600
G1 X111.552 Y157.524 E-.01603
G1 X107.151 Y157.524 E-.78397
;WIPE_END
G1 Z3.9 F12000
;AFTER_LAYER_CHANGE
;3.9
G1 X131.552 Y156.938
G1 Z3.54
G1 E.8 F1800
G1 F2661
G1 X130.552 Y156.938 Z3.558 E.00439
G1 X129.552 Y156.938 Z3.576 E.00878
G1 X128.552 Y156.938 Z3.594 E.01316
G1 X127.552 Y156.938 Z3.612 E.01755
G1 X126.552 Y156.938 Z3.63 E.02194
G1 X125.552 Y156.938 Z3.648 E.02633
G1 X124.552 Y156.938 Z3.666 E.03072
G1 X123.552 Y156.938 Z3.684 E.03511
G1 X122.552 Y156.938 Z3.702 E.03949
G1 X121.552 Y156.938 Z3.72 E.04388
G1 X120.552 Y156.938 Z3.738 E.04827
G1 X119.552 Y156.938 Z3.756 E.05266
G1 X118.552 Y156.938 Z3.774 E.05705
G1 X117.552 Y156.938 Z3.792 E.06143
G1 X116.552 Y156.938 Z3.81 E.06582
G1 X115.552 Y156.938 Z3.828 E.07021
G1 X114.552 Y156.938 Z3.846 E.0746
G1 X113.552 Y156.938 Z3.864 E.07899
G1 X112.552 Y156.938 Z3.882 E.08337
G1 X111.552 Y156.938 Z3.9 E.08776
G1 X61.263 Y156.938 E4.4135
;WIDTH:0.697791
G1 X61.082 Y156.896 E.01726
;WIDTH:0.702461
G1 X60.97 Y156.69 E.02194
;WIDTH:0.663629
G1 X60.97 Y51.067 E9.26976
;WIDTH:0.69779
G1 X61.012 Y50.886 E.01726
G1 X61.172 Y50.774 E.01814
;WIDTH:0.663628
G1 X161.841 Y50.774 E8.83496
;WIDTH:0.697774
G1 X162.021 Y50.815 E.01715
G1 X162.092 Y50.886 E.00933
G1 X162.134 Y51.067 E.01726
;WIDTH:0.663629
G1 X162.134 Y156.645 E9.26581
;WIDTH:0.69779
G1 X162.092 Y156.826 E.01726
G1 X162.022 Y156.896 E.00919
G1 X161.841 Y156.938 E.01726
;WIDTH:0.663629
G1 X131.552 Y156.938 E2.65824
G1 X130.552 Y156.938 E.08337
G1 X129.552 Y156.938 E.07899
G1 X128.552 Y156.938 E.0746
G1 X127.552 Y156.938 E.07021
G1 X126.552 Y156.938 E.06582
G1 X125.552 Y156.938 E.06143
G1 X124.552 Y156.938 E.05705
G1 X123.552 Y156.938 E.05266
G1 X122.552 Y156.938 E.04827
G1 X121.552 Y156.938 E.04388
G1 X120.552 Y156.938 E.03949
G1 X119.552 Y156.938 E.03511
G1 X118.552 Y156.938 E.03072
G1 X117.552 Y156.938 E.02633
G1 X116.552 Y156.938 E.02194
G1 X115.552 Y156.938 E.01755
G1 X114.552 Y156.938 E.01316
G1 X113.552 Y156.938 E.00878
G1 X112.552 Y156.938 E.00439
G1 X111.642 Y156.938 E.07986
;WIPE_START
G1 F9600
G1 X111.552 Y156.938 E-.01603
G1 X107.151 Y156.938 E-.78397
;WIPE_END
G1 X131.552 Y157.524 F12000
G1 Z3.54
G1 E.8 F1800
G1 F2661
G1 X130.6 Y157.524 Z3.557 E.00398
G1 X129.647 Y157.524 Z3.574 E.00797
G1 X128.695 Y157.524 Z3.591 E.01194
G1 X127.743 Y157.524 Z3.609 E.01591
G1 X126.79 Y157.524 Z3.626 E.01991
G1 X125.838 Y157.524 Z3.643 E.02387
G1 X124.885 Y157.524 Z3.66 E.02788
G1 X123.933 Y157.524 Z3.677 E.03183
G1 X122.981 Y157.524 Z3.694 E.03581
G1 X122.028 Y157.524 Z3.711 E.03983
G1 X121.076 Y157.524 Z3.729 E.04376
G1 X120.124 Y157.524 Z3.746 E.04774
G1 X119.171 Y157.524 Z3.763 E.05178
G1 X118.219 Y157.524 Z3.78 E.0557
G1 X117.266 Y157.524 Z3.797 E.05974
G1 X116.314 Y157.524 Z3.814 E.06366
G1 X115.362 Y157.524 Z3.831 E.06764
G1 X114.409 Y157.524 Z3.849 E.07169
G1 X113.457 Y157.524 Z3.866 E.07559
G1 X112.504 Y157.524 Z3.883 E.07966
G1 X111.552 Y157.524 Z3.9 E.08355
G1 X61.101 Y157.524 E4.42771
;WIDTH:0.69779
G1 X60.722 Y157.402 E.03698
G1 X60.506 Y157.186 E.02837
G1 X60.416 Y156.938 E.0245
;WIDTH:0.676864
G1 X60.384 Y156.645 E.02645
;WIDTH:0.663629
G1 X60.384 Y50.905 E9.28002
;WIDTH:0.697791
G1 X60.506 Y50.526 E.03698
G1 X60.722 Y50.31 E.02837
G1 X60.97 Y50.22 E.0245
;WIDTH:0.676864
G1 X61.263 Y50.188 E.02645
;WIDTH:0.663628
G1 X161.979 Y50.188 E8.83909
;WIDTH:0.697774
G1 X162.271 Y50.26 E.02793
;WIDTH:0.702462
G1 X162.462 Y50.369 E.02058
G1 X162.634 Y50.577 E.02526
;WIDTH:0.69779
G1 X162.72 Y51.067 E.0462
;WIDTH:0.663629
G1 X162.72 Y156.807 E9.28002
;WIDTH:0.697789
G1 X162.598 Y157.186 E.03698
G1 X162.382 Y157.402 E.02837
G1 X162.049 Y157.513 E.0326
;WIDTH:0.672463
G1 X161.841 Y157.524 E.01856
;WIDTH:0.663629
G1 X131.552 Y157.524 E2.65824
G1 X130.6 Y157.524 E.07957
G1 X129.647 Y157.524 E.07567
G1 X128.695 Y157.524 E.07161
G1 X127.743 Y157.524 E.06764
G1 X126.79 Y157.524 E.06372
G1 X125.838 Y157.524 E.05968
G1 X124.885 Y157.524 E.05576
G1 X123.933 Y157.524 E.05172
G1 X122.981 Y157.524 E.04774
G1 X122.028 Y157.524 E.04381
G1 X121.076 Y157.524 E.03979
G1 X120.124 Y157.524 E.03581
G1 X119.171 Y157.524 E.03186
G1 X118.219 Y157.524 E.02785
G1 X117.266 Y157.524 E.0239
G1 X116.314 Y157.524 E.01989
G1 X115.362 Y157.524 E.01591
G1 X114.409 Y157.524 E.01195
G1 X113.457 Y157.524 E.00796
G1 X112.504 Y157.524 E.00398
G1 X111.642 Y157.524 E.07565
;LAYER_CHANGE
;Z:4.26
;HEIGHT:0.36
;BEFORE_LAYER_CHANGE
G92 E0
;4.26


;WIPE_START
G1 F9600
G1 X111.552 Y157.524 E-.01603
G1 X107.151 Y157.524 E-.78397
;WIPE_END
G1 Z4.26 F12000
;AFTER_LAYER_CHANGE
;4.26
G1 X131.552 Y156.938
G1 Z3.9
G1 E.8 F1800
G1 F2661
G1 X130.552 Y156.938 Z3.918 E.00439
G1 X129.552 Y156.938 Z3.936 E.00878
G1 X128.552 Y156.938 Z3.954 E.01316
G1 X127.552 Y156.938 Z3.972 E.01755
G1 X126.552 Y156.938 Z3.99 E.02194
G1 X125.552 Y156.938 Z4.008 E.02633
G1 X124.552 Y156.938 Z4.026 E.03072
G1 X123.552 Y156.938 Z4.044 E.03511
G1 X122.552 Y156.938 Z4.062 E.03949
G1 X121.552 Y156.938 Z4.08 E.04388
G1 X120.552 Y156.938 Z4.098 E.04827
G1 X119.552 Y156.938 Z4.116 E.05266
G1 X118.552 Y156.938 Z4.134 E.05705
G1 X117.552 Y156.938 Z4.152 E.06143
G1 X116.552 Y156.938 Z4.17 E.06582
G1 X115.552 Y156.938 Z4.188 E.07021
G1 X114.552 Y156.938 Z4.206 E.0746
G1 X113.552 Y156.938 Z4.224 E.07899
G1 X112.552 Y156.938 Z4.242 E.08337
G1 X111.552 Y156.938 Z4.26 E.08776
G1 X61.263 Y156.938 E4.4135
;WIDTH:0.697791
G1 X61.082 Y156.896 E.01726
G1 X60.97 Y156.736 E.01814
;WIDTH:0.663629
G1 X60.97 Y51.067 E9.27379
;WIDTH:0.697791
G1 X61.012 Y50.886 E.01726
G1 X61.172 Y50.774 E.01814
;WIDTH:0.663628
G1 X161.841 Y50.774 E8.83496
;WIDTH:0.697771
G1 X162.021 Y50.815 E.01715
G1 X162.092 Y50.886 E.00933
G1 X162.134 Y51.067 E.01726
;WIDTH:0.663629
G1 X162.134 Y156.645 E9.26581
;WIDTH:0.69779
G1 X162.092 Y156.826 E.01726
G1 X162.022 Y156.896 E.00919
G1 X161.841 Y156.938 E.01726
;WIDTH:0.663629
G1 X131.552 Y156.938 E2.65824
G1 X130.552 Y156.938 E.08337
G1 X129.552 Y156.938 E.07899
G1 X128.552 Y156.938 E.0746
G1 X127.552 Y156.938 E.07021
G1 X126.552 Y156.938 E.06582
G1 X125.552 Y156.938 E.06143
G1 X124.552 Y156.938 E.05705
G1 X123.552 Y156.938 E.05266
G1 X122.552 Y156.938 E.04827
G1 X121.552 Y156.938 E.04388
G1 X120.552 Y156.938 E.03949
G1 X119.552 Y156.938 E.03511
G1 X118.552 Y156.938 E.03072
G1 X117.552 Y156.938 E.02633
G1 X116.552 Y156.938 E.02194
G1 X115.552 Y156.938 E.01755
G1 X114.552 Y156.938 E.01316
G1 X113.552 Y156.938 E.00878
G1 X112.552 Y156.938 E.00439
G1 X111.642 Y156.938 E.07986
;WIPE_START
G1 F9600
G1 X111.552 Y156.938 E-.01603
G1 X107.151 Y156.938 E-.78397
;WIPE_END
G1 X131.552 Y157.524 F12000
G1 Z3.9
G1 E.8 F1800
G1 F2661
G1 X130.6 Y157.524 Z3.917 E.00398
G1 X129.647 Y157.524 Z3.934 E.00797
G1 X128.695 Y157.524 Z3.951 E.01194
G1 X127.743 Y157.524 Z3.969 E.01591
G1 X126.79 Y157.524 Z3.986 E.01991
G1 X125.838 Y157.524 Z4.003 E.02387
G1 X124.885 Y157.524 Z4.02 E.02788
G1 X123.933 Y157.524 Z4.037 E.03183
G1 X122.981 Y157.524 Z4.054 E.03581
G1 X122.028 Y157.524 Z4.071 E.03983
G1 X121.076 Y157.524 Z4.089 E.04376
G1 X120.124 Y157.524 Z4.106 E.04774
G1 X119.171 Y157.524 Z4.123 E.05178
G1 X118.219 Y157.524 Z4.14 E.0557
G1 X117.266 Y157.524 Z4.157 E.05974
G1 X116.314 Y157.524 Z4.174 E.06366
G1 X115.362 Y157.524 Z4.191 E.06764
G1 X114.409 Y157.524 Z4.209 E.07169
G1 X113.457 Y157.524 Z4.226 E.07559
G1 X112.504 Y157.524 Z4.243 E.07966
G1 X111.552 Y157.524 Z4.26 E.08355
G1 X61.101 Y157.524 E4.42771
;WIDTH:0.697791
G1 X60.722 Y157.402 E.03698
G1 X60.506 Y157.186 E.02837
G1 X60.416 Y156.938 E.0245
;WIDTH:0.676865
G1 X60.384 Y156.645 E.02645
;WIDTH:0.663629
G1 X60.384 Y50.905 E9.28002
;WIDTH:0.69779
G1 X60.506 Y50.526 E.03698
G1 X60.722 Y50.31 E.02837
G1 X60.97 Y50.22 E.0245
;WIDTH:0.676865
G1 X61.263 Y50.188 E.02645
;WIDTH:0.663628
G1 X161.981 Y50.188 E8.83926
;WIDTH:0.697771
G1 X162.271 Y50.26 E.02775
;WIDTH:0.70246
G1 X162.462 Y50.369 E.02058
G1 X162.634 Y50.577 E.02526
;WIDTH:0.697789
G1 X162.72 Y51.067 E.0462
;WIDTH:0.663629
G1 X162.72 Y156.807 E9.28002
;WIDTH:0.697789
G1 X162.598 Y157.186 E.03698
G1 X162.382 Y157.402 E.02837
G1 X162.049 Y157.513 E.0326
;WIDTH:0.672463
G1 X161.841 Y157.524 E.01856
;WIDTH:0.663629
G1 X131.552 Y157.524 E2.65824
G1 X130.6 Y157.524 E.07957
G1 X129.647 Y157.524 E.07567
G1 X128.695 Y157.524 E.07161
G1 X127.743 Y157.524 E.06764
G1 X126.79 Y157.524 E.06372
G1 X125.838 Y157.524 E.05968
G1 X124.885 Y157.524 E.05576
G1 X123.933 Y157.524 E.05172
G1 X122.981 Y157.524 E.04774
G1 X122.028 Y157.524 E.04381
G1 X121.076 Y157.524 E.03979
G1 X120.124 Y157.524 E.03581
G1 X119.171 Y157.524 E.03186
G1 X118.219 Y157.524 E.02785
G1 X117.266 Y157.524 E.0239
G1 X116.314 Y157.524 E.01989
G1 X115.362 Y157.524 E.01591
G1 X114.409 Y157.524 E.01195
G1 X113.457 Y157.524 E.00796
G1 X112.504 Y157.524 E.00398
G1 X111.642 Y157.524 E.07565
;LAYER_CHANGE
;Z:4.62
;HEIGHT:0.36
;BEFORE_LAYER_CHANGE
G92 E0
;4.62


;WIPE_START
G1 F9600
G1 X111.552 Y157.524 E-.01603
G1 X107.151 Y157.524 E-.78397
;WIPE_END
G1 Z4.62 F12000
;AFTER_LAYER_CHANGE
;4.62
G1 X131.552 Y156.938
G1 Z4.26
G1 E.8 F1800
G1 F2661
G1 X130.552 Y156.938 Z4.278 E.00439
G1 X129.552 Y156.938 Z4.296 E.00878
G1 X128.552 Y156.938 Z4.314 E.01316
G1 X127.552 Y156.938 Z4.332 E.01755
G1 X126.552 Y156.938 Z4.35 E.02194
G1 X125.552 Y156.938 Z4.368 E.02633
G1 X124.552 Y156.938 Z4.386 E.03072
G1 X123.552 Y156.938 Z4.404 E.03511
G1 X122.552 Y156.938 Z4.422 E.03949
G1 X121.552 Y156.938 Z4.44 E.04388
G1 X120.552 Y156.938 Z4.458 E.04827
G1 X119.552 Y156.938 Z4.476 E.05266
G1 X118.552 Y156.938 Z4.494 E.05705
G1 X117.552 Y156.938 Z4.512 E.06143
G1 X116.552 Y156.938 Z4.53 E.06582
G1 X115.552 Y156.938 Z4.548 E.07021
G1 X114.552 Y156.938 Z4.566 E.0746
G1 X113.552 Y156.938 Z4.584 E.07899
G1 X112.552 Y156.938 Z4.602 E.08337
G1 X111.552 Y156.938 Z4.62 E.08776
G1 X61.263 Y156.938 E4.4135
;WIDTH:0.697791
G1 X61.082 Y156.896 E.01726
G1 X60.97 Y156.736 E.01814
;WIDTH:0.663629
G1 X60.97 Y51.067 E9.27379
;WIDTH:0.697791
G1 X61.012 Y50.886 E.01726
G1 X61.172 Y50.774 E.01814
;WIDTH:0.663628
G1 X161.841 Y50.774 E8.83496
;WIDTH:0.69777
G1 X162.021 Y50.815 E.01715
G1 X162.092 Y50.886 E.00933
G1 X162.134 Y51.067 E.01726
;WIDTH:0.663629
G1 X162.134 Y156.645 E9.26581
;WIDTH:0.69779
G1 X162.092 Y156.826 E.01726
G1 X162.022 Y156.896 E.00919
G1 X161.841 Y156.938 E.01726
;WIDTH:0.663629
G1 X131.552 Y156.938 E2.65824
G1 X130.552 Y156.938 E.08337
G1 X129.552 Y156.938 E.07899
G1 X128.552 Y156.938 E.0746
G1 X127.552 Y156.938 E.07021
G1 X126.552 Y156.938 E.06582
G1 X125.552 Y156.938 E.06143
G1 X124.552 Y156.938 E.05705
G1 X123.552 Y156.938 E.05266
G1 X122.552 Y156.938 E.04827
G1 X121.552 Y156.938 E.04388
G1 X120.552 Y156.938 E.03949
G1 X119.552 Y156.938 E.03511
G1 X118.552 Y156.938 E.03072
G1 X117.552 Y156.938 E.02633
G1 X116.552 Y156.938 E.02194
G1 X115.552 Y156.938 E.01755
G1 X114.552 Y156.938 E.01316
G1 X113.552 Y156.938 E.00878
G1 X112.552 Y156.938 E.00439
G1 X111.642 Y156.938 E.07986
;WIPE_START
G1 F9600
G1 X111.552 Y156.938 E-.01603
G1 X107.151 Y156.938 E-.78397
;WIPE_END
G1 X131.552 Y157.524 F12000
G1 Z4.26
G1 E.8 F1800
G1 F2661
G1 X130.6 Y157.524 Z4.277 E.00398
G1 X129.647 Y157.524 Z4.294 E.00797
G1 X128.695 Y157.524 Z4.311 E.01194
G1 X127.743 Y157.524 Z4.329 E.01591
G1 X126.79 Y157.524 Z4.346 E.01991
G1 X125.838 Y157.524 Z4.363 E.02387
G1 X124.885 Y157.524 Z4.38 E.02788
G1 X123.933 Y157.524 Z4.397 E.03183
G1 X122.981 Y157.524 Z4.414 E.03581
G1 X122.028 Y157.524 Z4.431 E.03983
G1 X121.076 Y157.524 Z4.449 E.04376
G1 X120.124 Y157.524 Z4.466 E.04774
G1 X119.171 Y157.524 Z4.483 E.05178
G1 X118.219 Y157.524 Z4.5 E.0557
G1 X117.266 Y157.524 Z4.517 E.05974
G1 X116.314 Y157.524 Z4.534 E.06366
G1 X115.362 Y157.524 Z4.551 E.06764
G1 X114.409 Y157.524 Z4.569 E.07169
G1 X113.457 Y157.524 Z4.586 E.07559
G1 X112.504 Y157.524 Z4.603 E.07966
G1 X111.552 Y157.524 Z4.62 E.08355
G1 X61.101 Y157.524 E4.42771
;WIDTH:0.697791
G1 X60.722 Y157.402 E.03698
G1 X60.506 Y157.186 E.02837
G1 X60.416 Y156.938 E.0245
;WIDTH:0.676865
G1 X60.384 Y156.645 E.02645
;WIDTH:0.663629
G1 X60.384 Y50.905 E9.28002
;WIDTH:0.69779
G1 X60.506 Y50.526 E.03698
G1 X60.722 Y50.31 E.02837
G1 X60.97 Y50.22 E.0245
;WIDTH:0.676864
G1 X61.263 Y50.188 E.02645
;WIDTH:0.663628
G1 X161.982 Y50.188 E8.83935
;WIDTH:0.69777
G1 X162.271 Y50.26 E.02766
;WIDTH:0.70246
G1 X162.462 Y50.369 E.02058
G1 X162.634 Y50.577 E.02526
;WIDTH:0.697791
G1 X162.72 Y51.067 E.0462
;WIDTH:0.663629
G1 X162.72 Y156.807 E9.28002
;WIDTH:0.697789
G1 X162.598 Y157.186 E.03698
G1 X162.382 Y157.402 E.02837
G1 X162.049 Y157.513 E.0326
;WIDTH:0.672463
G1 X161.841 Y157.524 E.01856
;WIDTH:0.663629
G1 X131.552 Y157.524 E2.65824
G1 X130.6 Y157.524 E.07957
G1 X129.647 Y157.524 E.07567
G1 X128.695 Y157.524 E.07161
G1 X127.743 Y157.524 E.06764
G1 X126.79 Y157.524 E.06372
G1 X125.838 Y157.524 E.05968
G1 X124.885 Y157.524 E.05576
G1 X123.933 Y157.524 E.05172
G1 X122.981 Y157.524 E.04774
G1 X122.028 Y157.524 E.04381
G1 X121.076 Y157.524 E.03979
G1 X120.124 Y157.524 E.03581
G1 X119.171 Y157.524 E.03186
G1 X118.219 Y157.524 E.02785
G1 X117.266 Y157.524 E.0239
G1 X116.314 Y157.524 E.01989
G1 X115.362 Y157.524 E.01591
G1 X114.409 Y157.524 E.01195
G1 X113.457 Y157.524 E.00796
G1 X112.504 Y157.524 E.00398
G1 X111.642 Y157.524 E.07565
;LAYER_CHANGE
;Z:4.98
;HEIGHT:0.36
;BEFORE_LAYER_CHANGE
G92 E0
;4.98


;WIPE_START
G1 F9600
G1 X111.552 Y157.524 E-.01603
G1 X107.151 Y157.524 E-.78397
;WIPE_END
G1 Z4.98 F12000
;AFTER_LAYER_CHANGE
;4.98
G1 X131.552 Y156.938
G1 Z4.62
G1 E.8 F1800
G1 F2661
G1 X130.552 Y156.938 Z4.638 E.00439
G1 X129.552 Y156.938 Z4.656 E.00878
G1 X128.552 Y156.938 Z4.674 E.01316
G1 X127.552 Y156.938 Z4.692 E.01755
G1 X126.552 Y156.938 Z4.71 E.02194
G1 X125.552 Y156.938 Z4.728 E.02633
G1 X124.552 Y156.938 Z4.746 E.03072
G1 X123.552 Y156.938 Z4.764 E.03511
G1 X122.552 Y156.938 Z4.782 E.03949
G1 X121.552 Y156.938 Z4.8 E.04388
G1 X120.552 Y156.938 Z4.818 E.04827
G1 X119.552 Y156.938 Z4.836 E.05266
G1 X118.552 Y156.938 Z4.854 E.05705
G1 X117.552 Y156.938 Z4.872 E.06143
G1 X116.552 Y156.938 Z4.89 E.06582
G1 X115.552 Y156.938 Z4.908 E.07021
G1 X114.552 Y156.938 Z4.926 E.0746
G1 X113.552 Y156.938 Z4.944 E.07899
G1 X112.552 Y156.938 Z4.962 E.08337
G1 X111.552 Y156.938 Z4.98 E.08776
G1 X61.263 Y156.938 E4.4135
;WIDTH:0.69779
G1 X61.082 Y156.896 E.01726
G1 X60.97 Y156.736 E.01814
;WIDTH:0.663629
G1 X60.97 Y51.067 E9.27379
;WIDTH:0.697791
G1 X61.012 Y50.886 E.01726
G1 X61.172 Y50.774 E.01814
;WIDTH:0.663628
G1 X161.841 Y50.774 E8.83496
;WIDTH:0.697769
G1 X162.021 Y50.815 E.01715
G1 X162.092 Y50.886 E.00933
G1 X162.134 Y51.067 E.01726
;WIDTH:0.663629
G1 X162.134 Y156.645 E9.26581
;WIDTH:0.697789
G1 X162.092 Y156.826 E.01726
G1 X162.022 Y156.896 E.00919
G1 X161.841 Y156.938 E.01726
;WIDTH:0.663629
G1 X131.552 Y156.938 E2.65824
G1 X130.552 Y156.938 E.08337
G1 X129.552 Y156.938 E.07899
G1 X128.552 Y156.938 E.0746
G1 X127.552 Y156.938 E.07021
G1 X126.552 Y156.938 E.06582
G1 X125.552 Y156.938 E.06143
G1 X124.552 Y156.938 E.05705
G1 X123.552 Y156.938 E.05266
G1 X122.552 Y156.938 E.04827
G1 X121.552 Y156.938 E.04388
G1 X120.552 Y156.938 E.03949
G1 X119.552 Y156.938 E.03511
G1 X118.552 Y156.938 E.03072
G1 X117.552 Y156.938 E.02633
G1 X116.552 Y156.938 E.02194
G1 X115.552 Y156.938 E.01755
G1 X114.552 Y156.938 E.01316
G1 X113.552 Y156.938 E.00878
G1 X112.552 Y156.938 E.00439
G1 X111.642 Y156.938 E.07986
;WIPE_START
G1 F9600
G1 X111.552 Y156.938 E-.01603
G1 X107.151 Y156.938 E-.78397
;WIPE_END
G1 X131.552 Y157.524 F12000
G1 Z4.62
G1 E.8 F1800
G1 F2661
G1 X130.552 Y157.524 Z4.638 E.00439
G1 X129.552 Y157.524 Z4.656 E.00878
G1 X128.552 Y157.524 Z4.674 E.01316
G1 X127.552 Y157.524 Z4.692 E.01755
G1 X126.552 Y157.524 Z4.71 E.02194
G1 X125.552 Y157.524 Z4.728 E.02633
G1 X124.552 Y157.524 Z4.746 E.03072
G1 X123.552 Y157.524 Z4.764 E.03511
G1 X122.552 Y157.524 Z4.782 E.03949
G1 X121.552 Y157.524 Z4.8 E.04388
G1 X120.552 Y157.524 Z4.818 E.04827
G1 X119.552 Y157.524 Z4.836 E.05266
G1 X118.552 Y157.524 Z4.854 E.05705
G1 X117.552 Y157.524 Z4.872 E.06143
G1 X116.552 Y157.524 Z4.89 E.06582
G1 X115.552 Y157.524 Z4.908 E.07021
G1 X114.552 Y157.524 Z4.926 E.0746
G1 X113.552 Y157.524 Z4.944 E.07899
G1 X112.552 Y157.524 Z4.962 E.08337
G1 X111.552 Y157.524 Z4.98 E.08776
G1 X61.101 Y157.524 E4.42771
;WIDTH:0.697791
G1 X60.722 Y157.402 E.03698
G1 X60.506 Y157.186 E.02837
G1 X60.416 Y156.938 E.0245
;WIDTH:0.676864
G1 X60.384 Y156.645 E.02645
;WIDTH:0.663629
G1 X60.384 Y50.905 E9.28002
;WIDTH:0.69779
G1 X60.506 Y50.526 E.03698
G1 X60.722 Y50.31 E.02837
G1 X60.97 Y50.22 E.0245
;WIDTH:0.676864
G1 X61.263 Y50.188 E.02645
;WIDTH:0.663628
G1 X161.984 Y50.189 E8.83953
;WIDTH:0.697769
G1 X162.271 Y50.26 E.02746
;WIDTH:0.70246
G1 X162.462 Y50.369 E.02058
G1 X162.634 Y50.577 E.02526
;WIDTH:0.697789
G1 X162.72 Y51.067 E.0462
;WIDTH:0.663629
G1 X162.72 Y156.807 E9.28002
;WIDTH:0.697789
G1 X162.598 Y157.186 E.03698
G1 X162.382 Y157.402 E.02837
G1 X162.049 Y157.513 E.0326
;WIDTH:0.672462
G1 X161.841 Y157.524 E.01856
;WIDTH:0.663629
G1 X131.552 Y157.524 E2.65824
G1 X130.552 Y157.524 E.08337
G1 X129.552 Y157.524 E.07899
G1 X128.552 Y157.524 E.0746
G1 X127.552 Y157.524 E.07021
G1 X126.552 Y157.524 E.06582
G1 X125.552 Y157.524 E.06143
G1 X124.552 Y157.524 E.05705
G1 X123.552 Y157.524 E.05266
G1 X122.552 Y157.524 E.04827
G1 X121.552 Y157.524 E.04388
G1 X120.552 Y157.524 E.03949
G1 X119.552 Y157.524 E.03511
G1 X118.552 Y157.524 E.03072
G1 X117.552 Y157.524 E.02633
G1 X116.552 Y157.524 E.02194
G1 X115.552 Y157.524 E.01755
G1 X114.552 Y157.524 E.01316
G1 X113.552 Y157.524 E.00878
G1 X112.552 Y157.524 E.00439
G1 X111.642 Y157.524 E.07986
;LAYER_CHANGE
;Z:5.34
;HEIGHT:0.36
;BEFORE_LAYER_CHANGE
G92 E0
;5.34


;WIPE_START
G1 F9600
G1 X111.552 Y157.524 E-.01603
G1 X107.151 Y157.524 E-.78397
;WIPE_END
G1 Z5.34 F12000
;AFTER_LAYER_CHANGE
;5.34
G1 X131.552 Y156.938
G1 Z4.98
G1 E.8 F1800
G1 F2661
G1 X130.552 Y156.938 Z4.998 E.00439
G1 X129.552 Y156.938 Z5.016 E.00878
G1 X128.552 Y156.938 Z5.034 E.01316
G1 X127.552 Y156.938 Z5.052 E.01755
G1 X126.552 Y156.938 Z5.07 E.02194
G1 X125.552 Y156.938 Z5.088 E.02633
G1 X124.552 Y156.938 Z5.106 E.03072
G1 X123.552 Y156.938 Z5.124 E.03511
G1 X122.552 Y156.938 Z5.142 E.03949
G1 X121.552 Y156.938 Z5.16 E.04388
G1 X120.552 Y156.938 Z5.178 E.04827
G1 X119.552 Y156.938 Z5.196 E.05266
G1 X118.552 Y156.938 Z5.214 E.05705
G1 X117.552 Y156.938 Z5.232 E.06143
G1 X116.552 Y156.938 Z5.25 E.06582
G1 X115.552 Y156.938 Z5.268 E.07021
G1 X114.552 Y156.938 Z5.286 E.0746
G1 X113.552 Y156.938 Z5.304 E.07899
G1 X112.552 Y156.938 Z5.322 E.08337
G1 X111.552 Y156.938 Z5.34 E.08776
G1 X61.263 Y156.938 E4.4135
;WIDTH:0.69779
G1 X61.082 Y156.896 E.01726
G1 X60.97 Y156.736 E.01814
;WIDTH:0.663629
G1 X60.97 Y51.067 E9.27379
;WIDTH:0.697791
G1 X61.012 Y50.886 E.01726
G1 X61.172 Y50.774 E.01814
;WIDTH:0.663628
G1 X161.841 Y50.774 E8.83496
;WIDTH:0.697768
G1 X162.021 Y50.814 E.01712
G1 X162.092 Y50.886 E.00939
G1 X162.134 Y51.067 E.01726
;WIDTH:0.663629
G1 X162.134 Y156.645 E9.26581
;WIDTH:0.69779
G1 X162.092 Y156.826 E.01726
G1 X162.022 Y156.896 E.00919
G1 X161.841 Y156.938 E.01726
;WIDTH:0.663629
G1 X131.552 Y156.938 E2.65824
G1 X130.552 Y156.938 E.08337
G1 X129.552 Y156.938 E.07899
G1 X128.552 Y156.938 E.0746
G1 X127.552 Y156.938 E.07021
G1 X126.552 Y156.938 E.06582
G1 X125.552 Y156.938 E.06143
G1 X124.552 Y156.938 E.05705
G1 X123.552 Y156.938 E.05266
G1 X122.552 Y156.938 E.04827
G1 X121.552 Y156.938 E.04388
G1 X120.552 Y156.938 E.03949
G1 X119.552 Y156.938 E.03511
G1 X118.552 Y156.938 E.03072
G1 X117.552 Y156.938 E.02633
G1 X116.552 Y156.938 E.02194
G1 X115.552 Y156.938 E.01755
G1 X114.552 Y156.938 E.01316
G1 X113.552 Y156.938 E.00878
G1 X112.552 Y156.938 E.00439
G1 X111.642 Y156.938 E.07986
;WIPE_START
G1 F9600
G1 X111.552 Y156.938 E-.01603
G1 X107.151 Y156.938 E-.78397
;WIPE_END
G1 X131.552 Y157.524 F12000
G1 Z4.98
G1 E.8 F1800
G1 F2661
G1 X130.6 Y157.524 Z4.997 E.00398
G1 X129.647 Y157.524 Z5.014 E.00797
G1 X128.695 Y157.524 Z5.031 E.01194
G1 X127.743 Y157.524 Z5.049 E.01591
G1 X126.79 Y157.524 Z5.066 E.01991
G1 X125.838 Y157.524 Z5.083 E.02387
G1 X124.885 Y157.524 Z5.1 E.02788
G1 X123.933 Y157.524 Z5.117 E.03183
G1 X122.981 Y157.524 Z5.134 E.03581
G1 X122.028 Y157.524 Z5.151 E.03983
G1 X121.076 Y157.524 Z5.169 E.04376
G1 X120.124 Y157.524 Z5.186 E.04774
G1 X119.171 Y157.524 Z5.203 E.05178
G1 X118.219 Y157.524 Z5.22 E.0557
G1 X117.266 Y157.524 Z5.237 E.05974
G1 X116.314 Y157.524 Z5.254 E.06366
G1 X115.362 Y157.524 Z5.271 E.06764
G1 X114.409 Y157.524 Z5.289 E.07169
G1 X113.457 Y157.524 Z5.306 E.07559
G1 X112.504 Y157.524 Z5.323 E.07966
G1 X111.552 Y157.524 Z5.34 E.08355
G1 X61.101 Y157.524 E4.42771
;WIDTH:0.697791
G1 X60.722 Y157.402 E.03698
G1 X60.506 Y157.186 E.02837
G1 X60.416 Y156.938 E.0245
;WIDTH:0.676863
G1 X60.384 Y156.645 E.02645
;WIDTH:0.663629
G1 X60.384 Y50.905 E9.28002
;WIDTH:0.697791
G1 X60.506 Y50.526 E.03698
G1 X60.722 Y50.31 E.02837
G1 X60.97 Y50.22 E.0245
;WIDTH:0.676863
G1 X61.263 Y50.188 E.02645
;WIDTH:0.663628
G1 X161.985 Y50.189 E8.83962
;WIDTH:0.697768
G1 X162.271 Y50.259 E.02735
;WIDTH:0.70246
G1 X162.462 Y50.369 E.02062
G1 X162.634 Y50.577 E.02526
;WIDTH:0.69779
G1 X162.72 Y51.067 E.0462
;WIDTH:0.663629
G1 X162.72 Y156.807 E9.28002
;WIDTH:0.697789
G1 X162.598 Y157.186 E.03698
G1 X162.382 Y157.402 E.02837
G1 X162.049 Y157.513 E.0326
;WIDTH:0.672463
G1 X161.841 Y157.524 E.01856
;WIDTH:0.663629
G1 X131.552 Y157.524 E2.65824
G1 X130.6 Y157.524 E.07957
G1 X129.647 Y157.524 E.07567
G1 X128.695 Y157.524 E.07161
G1 X127.743 Y157.524 E.06764
G1 X126.79 Y157.524 E.06372
G1 X125.838 Y157.524 E.05968
G1 X124.885 Y157.524 E.05576
G1 X123.933 Y157.524 E.05172
G1 X122.981 Y157.524 E.04774
G1 X122.028 Y157.524 E.04381
G1 X121.076 Y157.524 E.03979
G1 X120.124 Y157.524 E.03581
G1 X119.171 Y157.524 E.03186
G1 X118.219 Y157.524 E.02785
G1 X117.266 Y157.524 E.0239
G1 X116.314 Y157.524 E.01989
G1 X115.362 Y157.524 E.01591
G1 X114.409 Y157.524 E.01195
G1 X113.457 Y157.524 E.00796
G1 X112.504 Y157.524 E.00398
G1 X111.642 Y157.524 E.07565
;LAYER_CHANGE
;Z:5.7
;HEIGHT:0.36
;BEFORE_LAYER_CHANGE
G92 E0
;5.7


;WIPE_START
G1 F9600
G1 X111.552 Y157.524 E-.01603
G1 X107.151 Y157.524 E-.78397
;WIPE_END
G1 Z5.7 F12000
;AFTER_LAYER_CHANGE
;5.7
G1 X131.552 Y156.938
G1 Z5.34
G1 E.8 F1800
G1 F2661
G1 X130.552 Y156.938 Z5.358 E.00439
G1 X129.552 Y156.938 Z5.376 E.00878
G1 X128.552 Y156.938 Z5.394 E.01316
G1 X127.552 Y156.938 Z5.412 E.01755
G1 X126.552 Y156.938 Z5.43 E.02194
G1 X125.552 Y156.938 Z5.448 E.02633
G1 X124.552 Y156.938 Z5.466 E.03072
G1 X123.552 Y156.938 Z5.484 E.03511
G1 X122.552 Y156.938 Z5.502 E.03949
G1 X121.552 Y156.938 Z5.52 E.04388
G1 X120.552 Y156.938 Z5.538 E.04827
G1 X119.552 Y156.938 Z5.556 E.05266
G1 X118.552 Y156.938 Z5.574 E.05705
G1 X117.552 Y156.938 Z5.592 E.06143
G1 X116.552 Y156.938 Z5.61 E.06582
G1 X115.552 Y156.938 Z5.628 E.07021
G1 X114.552 Y156.938 Z5.646 E.0746
G1 X113.552 Y156.938 Z5.664 E.07899
G1 X112.552 Y156.938 Z5.682 E.08337
G1 X111.552 Y156.938 Z5.7 E.08776
G1 X61.263 Y156.938 E4.4135
;WIDTH:0.69779
G1 X61.082 Y156.896 E.01726
G1 X60.97 Y156.736 E.01814
;WIDTH:0.663629
G1 X60.97 Y51.067 E9.27379
;WIDTH:0.697791
G1 X61.012 Y50.886 E.01726
G1 X61.172 Y50.774 E.01814
;WIDTH:0.663628
G1 X161.841 Y50.774 E8.83496
;WIDTH:0.697766
G1 X162.02 Y50.814 E.01703
G1 X162.092 Y50.886 E.00946
G1 X162.134 Y51.067 E.01726
;WIDTH:0.663629
G1 X162.134 Y156.645 E9.26581
;WIDTH:0.69779
G1 X162.092 Y156.826 E.01726
G1 X162.022 Y156.896 E.00919
G1 X161.841 Y156.938 E.01726
;WIDTH:0.663629
G1 X131.552 Y156.938 E2.65824
G1 X130.552 Y156.938 E.08337
G1 X129.552 Y156.938 E.07899
G1 X128.552 Y156.938 E.0746
G1 X127.552 Y156.938 E.07021
G1 X126.552 Y156.938 E.06582
G1 X125.552 Y156.938 E.06143
G1 X124.552 Y156.938 E.05705
G1 X123.552 Y156.938 E.05266
G1 X122.552 Y156.938 E.04827
G1 X121.552 Y156.938 E.04388
G1 X120.552 Y156.938 E.03949
G1 X119.552 Y156.938 E.03511
G1 X118.552 Y156.938 E.03072
G1 X117.552 Y156.938 E.02633
G1 X116.552 Y156.938 E.02194
G1 X115.552 Y156.938 E.01755
G1 X114.552 Y156.938 E.01316
G1 X113.552 Y156.938 E.00878
G1 X112.552 Y156.938 E.00439
G1 X111.642 Y156.938 E.07986
;WIPE_START
G1 F9600
G1 X111.552 Y156.938 E-.01603
G1 X107.151 Y156.938 E-.78397
;WIPE_END
G1 X131.552 Y157.524 F12000
G1 Z5.34
G1 E.8 F1800
G1 F2661
G1 X130.6 Y157.524 Z5.357 E.00398
G1 X129.647 Y157.524 Z5.374 E.00797
G1 X128.695 Y157.524 Z5.391 E.01194
G1 X127.743 Y157.524 Z5.409 E.01591
G1 X126.79 Y157.524 Z5.426 E.01991
G1 X125.838 Y157.524 Z5.443 E.02387
G1 X124.885 Y157.524 Z5.46 E.02788
G1 X123.933 Y157.524 Z5.477 E.03183
G1 X122.981 Y157.524 Z5.494 E.03581
G1 X122.028 Y157.524 Z5.511 E.03983
G1 X121.076 Y157.524 Z5.529 E.04376
G1 X120.124 Y157.524 Z5.546 E.04774
G1 X119.171 Y157.524 Z5.563 E.05178
G1 X118.219 Y157.524 Z5.58 E.0557
G1 X117.266 Y157.524 Z5.597 E.05974
G1 X116.314 Y157.524 Z5.614 E.06366
G1 X115.362 Y157.524 Z5.631 E.06764
G1 X114.409 Y157.524 Z5.649 E.07169
G1 X113.457 Y157.524 Z5.666 E.07559
G1 X112.504 Y157.524 Z5.683 E.07966
G1 X111.552 Y157.524 Z5.7 E.08355
G1 X61.101 Y157.524 E4.42771
;WIDTH:0.69779
G1 X60.722 Y157.402 E.03698
G1 X60.506 Y157.186 E.02837
G1 X60.416 Y156.938 E.0245
;WIDTH:0.676863
G1 X60.384 Y156.645 E.02645
;WIDTH:0.663629
G1 X60.384 Y50.905 E9.28002
;WIDTH:0.69779
G1 X60.506 Y50.526 E.03698
G1 X60.722 Y50.31 E.02837
G1 X60.97 Y50.22 E.0245
;WIDTH:0.676863
G1 X61.263 Y50.188 E.02645
;WIDTH:0.663628
G1 X161.987 Y50.189 E8.83979
;WIDTH:0.697766
G1 X162.271 Y50.259 E.02717
;WIDTH:0.70246
G1 X162.462 Y50.369 E.02062
G1 X162.634 Y50.577 E.02526
;WIDTH:0.697791
G1 X162.72 Y51.067 E.0462
;WIDTH:0.663629
G1 X162.72 Y156.807 E9.28002
;WIDTH:0.697789
G1 X162.598 Y157.186 E.03698
G1 X162.382 Y157.402 E.02837
G1 X162.049 Y157.513 E.0326
;WIDTH:0.672463
G1 X161.841 Y157.524 E.01856
;WIDTH:0.663629
G1 X131.552 Y157.524 E2.65824
G1 X130.6 Y157.524 E.07957
G1 X129.647 Y157.524 E.07567
G1 X128.695 Y157.524 E.07161
G1 X127.743 Y157.524 E.06764
G1 X126.79 Y157.524 E.06372
G1 X125.838 Y157.524 E.05968
G1 X124.885 Y157.524 E.05576
G1 X123.933 Y157.524 E.05172
G1 X122.981 Y157.524 E.04774
G1 X122.028 Y157.524 E.04381
G1 X121.076 Y157.524 E.03979
G1 X120.124 Y157.524 E.03581
G1 X119.171 Y157.524 E.03186
G1 X118.219 Y157.524 E.02785
G1 X117.266 Y157.524 E.0239
G1 X116.314 Y157.524 E.01989
G1 X115.362 Y157.524 E.01591
G1 X114.409 Y157.524 E.01195
G1 X113.457 Y157.524 E.00796
G1 X112.504 Y157.524 E.00398
G1 X111.642 Y157.524 E.07565
;LAYER_CHANGE
;Z:6.06
;HEIGHT:0.36
;BEFORE_LAYER_CHANGE
G92 E0
;6.06


;WIPE_START
G1 F9600
G1 X111.552 Y157.524 E-.01603
G1 X107.151 Y157.524 E-.78397
;WIPE_END
G1 Z6.06 F12000
;AFTER_LAYER_CHANGE
;6.06
G1 X131.552 Y156.938
G1 Z5.7
G1 E.8 F1800
G1 F2661
G1 X130.552 Y156.938 Z5.718 E.00439
G1 X129.552 Y156.938 Z5.736 E.00878
G1 X128.552 Y156.938 Z5.754 E.01316
G1 X127.552 Y156.938 Z5.772 E.01755
G1 X126.552 Y156.938 Z5.79 E.02194
G1 X125.552 Y156.938 Z5.808 E.02633
G1 X124.552 Y156.938 Z5.826 E.03072
G1 X123.552 Y156.938 Z5.844 E.03511
G1 X122.552 Y156.938 Z5.862 E.03949
G1 X121.552 Y156.938 Z5.88 E.04388
G1 X120.552 Y156.938 Z5.898 E.04827
G1 X119.552 Y156.938 Z5.916 E.05266
G1 X118.552 Y156.938 Z5.934 E.05705
G1 X117.552 Y156.938 Z5.952 E.06143
G1 X116.552 Y156.938 Z5.97 E.06582
G1 X115.552 Y156.938 Z5.988 E.07021
G1 X114.552 Y156.938 Z6.006 E.0746
G1 X113.552 Y156.938 Z6.024 E.07899
G1 X112.552 Y156.938 Z6.042 E.08337
G1 X111.552 Y156.938 Z6.06 E.08776
G1 X61.263 Y156.938 E4.4135
;WIDTH:0.69779
G1 X61.082 Y156.896 E.01726
G1 X60.97 Y156.736 E.01814
;WIDTH:0.663629
G1 X60.97 Y51.067 E9.27379
;WIDTH:0.697791
G1 X61.012 Y50.886 E.01726
G1 X61.172 Y50.774 E.01814
;WIDTH:0.663627
G1 X161.841 Y50.774 E8.83495
;WIDTH:0.697764
G1 X162.02 Y50.814 E.01703
G1 X162.092 Y50.886 E.00946
G1 X162.134 Y51.067 E.01726
;WIDTH:0.663629
G1 X162.134 Y156.645 E9.26581
;WIDTH:0.697789
G1 X162.092 Y156.826 E.01726
G1 X162.022 Y156.896 E.00919
G1 X161.841 Y156.938 E.01726
;WIDTH:0.663629
G1 X131.552 Y156.938 E2.65824
G1 X130.552 Y156.938 E.08337
G1 X129.552 Y156.938 E.07899
G1 X128.552 Y156.938 E.0746
G1 X127.552 Y156.938 E.07021
G1 X126.552 Y156.938 E.06582
G1 X125.552 Y156.938 E.06143
G1 X124.552 Y156.938 E.05705
G1 X123.552 Y156.938 E.05266
G1 X122.552 Y156.938 E.04827
G1 X121.552 Y156.938 E.04388
G1 X120.552 Y156.938 E.03949
G1 X119.552 Y156.938 E.03511
G1 X118.552 Y156.938 E.03072
G1 X117.552 Y156.938 E.02633
G1 X116.552 Y156.938 E.02194
G1 X115.552 Y156.938 E.01755
G1 X114.552 Y156.938 E.01316
G1 X113.552 Y156.938 E.00878
G1 X112.552 Y156.938 E.00439
G1 X111.642 Y156.938 E.07986
;WIPE_START
G1 F9600
G1 X111.552 Y156.938 E-.01603
G1 X107.151 Y156.938 E-.78397
;WIPE_END
G1 X131.552 Y157.524 F12000
G1 Z5.7
G1 E.8 F1800
G1 F2661
G1 X130.6 Y157.524 Z5.717 E.00398
G1 X129.647 Y157.524 Z5.734 E.00797
G1 X128.695 Y157.524 Z5.751 E.01194
G1 X127.743 Y157.524 Z5.769 E.01591
G1 X126.79 Y157.524 Z5.786 E.01991
G1 X125.838 Y157.524 Z5.803 E.02387
G1 X124.885 Y157.524 Z5.82 E.02788
G1 X123.933 Y157.524 Z5.837 E.03183
G1 X122.981 Y157.524 Z5.854 E.03581
G1 X122.028 Y157.524 Z5.871 E.03983
G1 X121.076 Y157.524 Z5.889 E.04376
G1 X120.124 Y157.524 Z5.906 E.04774
G1 X119.171 Y157.524 Z5.923 E.05178
G1 X118.219 Y157.524 Z5.94 E.0557
G1 X117.266 Y157.524 Z5.957 E.05974
G1 X116.314 Y157.524 Z5.974 E.06366
G1 X115.362 Y157.524 Z5.991 E.06764
G1 X114.409 Y157.524 Z6.009 E.07169
G1 X113.457 Y157.524 Z6.026 E.07559
G1 X112.504 Y157.524 Z6.043 E.07966
G1 X111.552 Y157.524 Z6.06 E.08355
G1 X61.101 Y157.524 E4.42771
;WIDTH:0.69779
G1 X60.722 Y157.402 E.03698
G1 X60.506 Y157.186 E.02837
G1 X60.416 Y156.938 E.0245
;WIDTH:0.676864
G1 X60.384 Y156.645 E.02645
;WIDTH:0.663629
G1 X60.384 Y50.905 E9.28002
;WIDTH:0.697791
G1 X60.506 Y50.526 E.03698
G1 X60.722 Y50.31 E.02837
G1 X60.97 Y50.22 E.0245
;WIDTH:0.676863
G1 X61.263 Y50.188 E.02645
;WIDTH:0.663627
G1 X161.988 Y50.189 E8.83986
;WIDTH:0.697764
G1 X162.271 Y50.259 E.02707
;WIDTH:0.702459
G1 X162.462 Y50.369 E.02062
G1 X162.634 Y50.577 E.02526
;WIDTH:0.69779
G1 X162.72 Y51.067 E.0462
;WIDTH:0.663629
G1 X162.72 Y156.807 E9.28002
;WIDTH:0.697789
G1 X162.598 Y157.186 E.03698
G1 X162.382 Y157.402 E.02837
G1 X162.049 Y157.513 E.0326
;WIDTH:0.672463
G1 X161.841 Y157.524 E.01856
;WIDTH:0.663629
G1 X131.552 Y157.524 E2.65824
G1 X130.6 Y157.524 E.07957
G1 X129.647 Y157.524 E.07567
G1 X128.695 Y157.524 E.07161
G1 X127.743 Y157.524 E.06764
G1 X126.79 Y157.524 E.06372
G1 X125.838 Y157.524 E.05968
G1 X124.885 Y157.524 E.05576
G1 X123.933 Y157.524 E.05172
G1 X122.981 Y157.524 E.04774
G1 X122.028 Y157.524 E.04381
G1 X121.076 Y157.524 E.03979
G1 X120.124 Y157.524 E.03581
G1 X119.171 Y157.524 E.03186
G1 X118.219 Y157.524 E.02785
G1 X117.266 Y157.524 E.0239
G1 X116.314 Y157.524 E.01989
G1 X115.362 Y157.524 E.01591
G1 X114.409 Y157.524 E.01195
G1 X113.457 Y157.524 E.00796
G1 X112.504 Y157.524 E.00398
G1 X111.642 Y157.524 E.07565
;LAYER_CHANGE
;Z:6.42
;HEIGHT:0.36
;BEFORE_LAYER_CHANGE
G92 E0
;6.42


;WIPE_START
G1 F9600
G1 X111.552 Y157.524 E-.01603
G1 X107.151 Y157.524 E-.78397
;WIPE_END
G1 Z6.42 F12000
;AFTER_LAYER_CHANGE
;6.42
G1 X131.552 Y156.938
G1 Z6.06
G1 E.8 F1800
G1 F2661
G1 X130.552 Y156.938 Z6.078 E.00439
G1 X129.552 Y156.938 Z6.096 E.00878
G1 X128.552 Y156.938 Z6.114 E.01316
G1 X127.552 Y156.938 Z6.132 E.01755
G1 X126.552 Y156.938 Z6.15 E.02194
G1 X125.552 Y156.938 Z6.168 E.02633
G1 X124.552 Y156.938 Z6.186 E.03072
G1 X123.552 Y156.938 Z6.204 E.03511
G1 X122.552 Y156.938 Z6.222 E.03949
G1 X121.552 Y156.938 Z6.24 E.04388
G1 X120.552 Y156.938 Z6.258 E.04827
G1 X119.552 Y156.938 Z6.276 E.05266
G1 X118.552 Y156.938 Z6.294 E.05705
G1 X117.552 Y156.938 Z6.312 E.06143
G1 X116.552 Y156.938 Z6.33 E.06582
G1 X115.552 Y156.938 Z6.348 E.07021
G1 X114.552 Y156.938 Z6.366 E.0746
G1 X113.552 Y156.938 Z6.384 E.07899
G1 X112.552 Y156.938 Z6.402 E.08337
G1 X111.552 Y156.938 Z6.42 E.08776
G1 X61.263 Y156.938 E4.4135
;WIDTH:0.69779
G1 X61.082 Y156.896 E.01726
G1 X60.97 Y156.736 E.01814
;WIDTH:0.663629
G1 X60.97 Y51.067 E9.27379
;WIDTH:0.697791
G1 X61.012 Y50.886 E.01726
G1 X61.172 Y50.774 E.01814
;WIDTH:0.663627
G1 X161.841 Y50.774 E8.83495
;WIDTH:0.697763
G1 X162.02 Y50.814 E.01703
G1 X162.092 Y50.886 E.00946
G1 X162.134 Y51.067 E.01726
;WIDTH:0.663629
G1 X162.134 Y156.645 E9.26581
;WIDTH:0.69779
G1 X162.092 Y156.826 E.01726
G1 X162.022 Y156.896 E.00919
G1 X161.841 Y156.938 E.01726
;WIDTH:0.663629
G1 X131.552 Y156.938 E2.65824
G1 X130.552 Y156.938 E.08337
G1 X129.552 Y156.938 E.07899
G1 X128.552 Y156.938 E.0746
G1 X127.552 Y156.938 E.07021
G1 X126.552 Y156.938 E.06582
G1 X125.552 Y156.938 E.06143
G1 X124.552 Y156.938 E.05705
G1 X123.552 Y156.938 E.05266
G1 X122.552 Y156.938 E.04827
G1 X121.552 Y156.938 E.04388
G1 X120.552 Y156.938 E.03949
G1 X119.552 Y156.938 E.03511
G1 X118.552 Y156.938 E.03072
G1 X117.552 Y156.938 E.02633
G1 X116.552 Y156.938 E.02194
G1 X115.552 Y156.938 E.01755
G1 X114.552 Y156.938 E.01316
G1 X113.552 Y156.938 E.00878
G1 X112.552 Y156.938 E.00439
G1 X111.642 Y156.938 E.07986
;WIPE_START
G1 F9600
G1 X111.552 Y156.938 E-.01603
G1 X107.151 Y156.938 E-.78397
;WIPE_END
G1 X131.552 Y157.524 F12000
G1 Z6.06
G1 E.8 F1800
G1 F2661
G1 X130.6 Y157.524 Z6.077 E.00398
G1 X129.647 Y157.524 Z6.094 E.00797
G1 X128.695 Y157.524 Z6.111 E.01194
G1 X127.743 Y157.524 Z6.129 E.01591
G1 X126.79 Y157.524 Z6.146 E.01991
G1 X125.838 Y157.524 Z6.163 E.02387
G1 X124.885 Y157.524 Z6.18 E.02788
G1 X123.933 Y157.524 Z6.197 E.03183
G1 X122.981 Y157.524 Z6.214 E.03581
G1 X122.028 Y157.524 Z6.231 E.03983
G1 X121.076 Y157.524 Z6.249 E.04376
G1 X120.124 Y157.524 Z6.266 E.04774
G1 X119.171 Y157.524 Z6.283 E.05178
G1 X118.219 Y157.524 Z6.3 E.0557
G1 X117.266 Y157.524 Z6.317 E.05974
G1 X116.314 Y157.524 Z6.334 E.06366
G1 X115.362 Y157.524 Z6.351 E.06764
G1 X114.409 Y157.524 Z6.369 E.07169
G1 X113.457 Y157.524 Z6.386 E.07559
G1 X112.504 Y157.524 Z6.403 E.07966
G1 X111.552 Y157.524 Z6.42 E.08355
G1 X61.101 Y157.524 E4.42771
;WIDTH:0.69779
G1 X60.722 Y157.402 E.03698
G1 X60.506 Y157.186 E.02837
G1 X60.416 Y156.938 E.0245
;WIDTH:0.676863
G1 X60.384 Y156.645 E.02645
;WIDTH:0.663629
G1 X60.384 Y50.905 E9.28002
;WIDTH:0.697791
G1 X60.506 Y50.526 E.03698
G1 X60.722 Y50.31 E.02837
G1 X60.97 Y50.22 E.0245
;WIDTH:0.676864
G1 X61.263 Y50.188 E.02645
;WIDTH:0.663627
G1 X161.99 Y50.189 E8.84004
;WIDTH:0.697763
G1 X162.271 Y50.259 E.02689
;WIDTH:0.70246
G1 X162.462 Y50.369 E.02062
G1 X162.634 Y50.577 E.02526
;WIDTH:0.697789
G1 X162.72 Y51.067 E.0462
;WIDTH:0.663629
G1 X162.72 Y156.807 E9.28002
;WIDTH:0.697789
G1 X162.598 Y157.186 E.03698
G1 X162.382 Y157.402 E.02837
G1 X162.049 Y157.513 E.0326
;WIDTH:0.672463
G1 X161.841 Y157.524 E.01856
;WIDTH:0.663629
G1 X131.552 Y157.524 E2.65824
G1 X130.6 Y157.524 E.07957
G1 X129.647 Y157.524 E.07567
G1 X128.695 Y157.524 E.07161
G1 X127.743 Y157.524 E.06764
G1 X126.79 Y157.524 E.06372
G1 X125.838 Y157.524 E.05968
G1 X124.885 Y157.524 E.05576
G1 X123.933 Y157.524 E.05172
G1 X122.981 Y157.524 E.04774
G1 X122.028 Y157.524 E.04381
G1 X121.076 Y157.524 E.03979
G1 X120.124 Y157.524 E.03581
G1 X119.171 Y157.524 E.03186
G1 X118.219 Y157.524 E.02785
G1 X117.266 Y157.524 E.0239
G1 X116.314 Y157.524 E.01989
G1 X115.362 Y157.524 E.01591
G1 X114.409 Y157.524 E.01195
G1 X113.457 Y157.524 E.00796
G1 X112.504 Y157.524 E.00398
G1 X111.642 Y157.524 E.07565
;LAYER_CHANGE
;Z:6.78
;HEIGHT:0.36
;BEFORE_LAYER_CHANGE
G92 E0
;6.78


;WIPE_START
G1 F9600
G1 X111.552 Y157.524 E-.01603
G1 X107.151 Y157.524 E-.78397
;WIPE_END
G1 Z6.78 F12000
;AFTER_LAYER_CHANGE
;6.78
G1 X131.552 Y156.938
G1 Z6.42
G1 E.8 F1800
G1 F2661
G1 X130.552 Y156.938 Z6.438 E.00439
G1 X129.552 Y156.938 Z6.456 E.00878
G1 X128.552 Y156.938 Z6.474 E.01316
G1 X127.552 Y156.938 Z6.492 E.01755
G1 X126.552 Y156.938 Z6.51 E.02194
G1 X125.552 Y156.938 Z6.528 E.02633
G1 X124.552 Y156.938 Z6.546 E.03072
G1 X123.552 Y156.938 Z6.564 E.03511
G1 X122.552 Y156.938 Z6.582 E.03949
G1 X121.552 Y156.938 Z6.6 E.04388
G1 X120.552 Y156.938 Z6.618 E.04827
G1 X119.552 Y156.938 Z6.636 E.05266
G1 X118.552 Y156.938 Z6.654 E.05705
G1 X117.552 Y156.938 Z6.672 E.06143
G1 X116.552 Y156.938 Z6.69 E.06582
G1 X115.552 Y156.938 Z6.708 E.07021
G1 X114.552 Y156.938 Z6.726 E.0746
G1 X113.552 Y156.938 Z6.744 E.07899
G1 X112.552 Y156.938 Z6.762 E.08337
G1 X111.552 Y156.938 Z6.78 E.08776
G1 X61.263 Y156.938 E4.4135
;WIDTH:0.697791
G1 X61.082 Y156.896 E.01726
G1 X60.97 Y156.736 E.01814
;WIDTH:0.663629
G1 X60.97 Y51.067 E9.27379
;WIDTH:0.69779
G1 X61.012 Y50.886 E.01726
;WIDTH:0.702462
G1 X61.218 Y50.774 E.02194
;WIDTH:0.663627
G1 X161.841 Y50.774 E8.83091
;WIDTH:0.697763
G1 X162.02 Y50.814 E.01703
G1 X162.092 Y50.886 E.00946
G1 X162.134 Y51.067 E.01726
;WIDTH:0.663629
G1 X162.134 Y156.645 E9.26581
;WIDTH:0.69779
G1 X162.092 Y156.826 E.01726
G1 X162.022 Y156.896 E.00919
G1 X161.841 Y156.938 E.01726
;WIDTH:0.663629
G1 X131.552 Y156.938 E2.65824
G1 X130.552 Y156.938 E.08337
G1 X129.552 Y156.938 E.07899
G1 X128.552 Y156.938 E.0746
G1 X127.552 Y156.938 E.07021
G1 X126.552 Y156.938 E.06582
G1 X125.552 Y156.938 E.06143
G1 X124.552 Y156.938 E.05705
G1 X123.552 Y156.938 E.05266
G1 X122.552 Y156.938 E.04827
G1 X121.552 Y156.938 E.04388
G1 X120.552 Y156.938 E.03949
G1 X119.552 Y156.938 E.03511
G1 X118.552 Y156.938 E.03072
G1 X117.552 Y156.938 E.02633
G1 X116.552 Y156.938 E.02194
G1 X115.552 Y156.938 E.01755
G1 X114.552 Y156.938 E.01316
G1 X113.552 Y156.938 E.00878
G1 X112.552 Y156.938 E.00439
G1 X111.642 Y156.938 E.07986
;WIPE_START
G1 F9600
G1 X111.552 Y156.938 E-.01603
G1 X107.151 Y156.938 E-.78397
;WIPE_END
G1 X131.552 Y157.524 F12000
G1 Z6.42
G1 E.8 F1800
G1 F2661
G1 X130.6 Y157.524 Z6.437 E.00398
G1 X129.647 Y157.524 Z6.454 E.00797
G1 X128.695 Y157.524 Z6.471 E.01194
G1 X127.743 Y157.524 Z6.489 E.01591
G1 X126.79 Y157.524 Z6.506 E.01991
G1 X125.838 Y157.524 Z6.523 E.02387
G1 X124.885 Y157.524 Z6.54 E.02788
G1 X123.933 Y157.524 Z6.557 E.03183
G1 X122.981 Y157.524 Z6.574 E.03581
G1 X122.028 Y157.524 Z6.591 E.03983
G1 X121.076 Y157.524 Z6.609 E.04376
G1 X120.124 Y157.524 Z6.626 E.04774
G1 X119.171 Y157.524 Z6.643 E.05178
G1 X118.219 Y157.524 Z6.66 E.0557
G1 X117.266 Y157.524 Z6.677 E.05974
G1 X116.314 Y157.524 Z6.694 E.06366
G1 X115.362 Y157.524 Z6.711 E.06764
G1 X114.409 Y157.524 Z6.729 E.07169
G1 X113.457 Y157.524 Z6.746 E.07559
G1 X112.504 Y157.524 Z6.763 E.07966
G1 X111.552 Y157.524 Z6.78 E.08355
G1 X61.101 Y157.524 E4.42771
;WIDTH:0.69779
G1 X60.722 Y157.402 E.03698
G1 X60.506 Y157.186 E.02837
G1 X60.416 Y156.938 E.0245
;WIDTH:0.676864
G1 X60.384 Y156.645 E.02645
;WIDTH:0.663629
G1 X60.384 Y50.905 E9.28002
;WIDTH:0.697791
G1 X60.506 Y50.526 E.03698
G1 X60.722 Y50.31 E.02837
G1 X60.97 Y50.22 E.0245
;WIDTH:0.676863
G1 X61.263 Y50.188 E.02645
;WIDTH:0.663627
G1 X161.992 Y50.189 E8.84021
;WIDTH:0.697763
G1 X162.271 Y50.259 E.02671
;WIDTH:0.70246
G1 X162.462 Y50.369 E.02062
G1 X162.634 Y50.577 E.02526
;WIDTH:0.69779
G1 X162.72 Y51.067 E.0462
;WIDTH:0.663629
G1 X162.72 Y156.807 E9.28002
;WIDTH:0.69779
G1 X162.598 Y157.186 E.03698
G1 X162.382 Y157.402 E.02837
G1 X162.049 Y157.513 E.0326
;WIDTH:0.672463
G1 X161.841 Y157.524 E.01856
;WIDTH:0.663629
G1 X131.552 Y157.524 E2.65824
G1 X130.6 Y157.524 E.07957
G1 X129.647 Y157.524 E.07567
G1 X128.695 Y157.524 E.07161
G1 X127.743 Y157.524 E.06764
G1 X126.79 Y157.524 E.06372
G1 X125.838 Y157.524 E.05968
G1 X124.885 Y157.524 E.05576
G1 X123.933 Y157.524 E.05172
G1 X122.981 Y157.524 E.04774
G1 X122.028 Y157.524 E.04381
G1 X121.076 Y157.524 E.03979
G1 X120.124 Y157.524 E.03581
G1 X119.171 Y157.524 E.03186
G1 X118.219 Y157.524 E.02785
G1 X117.266 Y157.524 E.0239
G1 X116.314 Y157.524 E.01989
G1 X115.362 Y157.524 E.01591
G1 X114.409 Y157.524 E.01195
G1 X113.457 Y157.524 E.00796
G1 X112.504 Y157.524 E.00398
G1 X111.642 Y157.524 E.07565
;LAYER_CHANGE
;Z:7.14
;HEIGHT:0.36
;BEFORE_LAYER_CHANGE
G92 E0
;7.14


;WIPE_START
G1 F9600
G1 X111.552 Y157.524 E-.01603
G1 X107.151 Y157.524 E-.78397
;WIPE_END
G1 Z7.14 F12000
;AFTER_LAYER_CHANGE
;7.14
G1 X131.552 Y156.938
G1 Z6.78
G1 E.8 F1800
G1 F2661
G1 X130.552 Y156.938 Z6.798 E.00439
G1 X129.552 Y156.938 Z6.816 E.00878
G1 X128.552 Y156.938 Z6.834 E.01316
G1 X127.552 Y156.938 Z6.852 E.01755
G1 X126.552 Y156.938 Z6.87 E.02194
G1 X125.552 Y156.938 Z6.888 E.02633
G1 X124.552 Y156.938 Z6.906 E.03072
G1 X123.552 Y156.938 Z6.924 E.03511
G1 X122.552 Y156.938 Z6.942 E.03949
G1 X121.552 Y156.938 Z6.96 E.04388
G1 X120.552 Y156.938 Z6.978 E.04827
G1 X119.552 Y156.938 Z6.996 E.05266
G1 X118.552 Y156.938 Z7.014 E.05705
G1 X117.552 Y156.938 Z7.032 E.06143
G1 X116.552 Y156.938 Z7.05 E.06582
G1 X115.552 Y156.938 Z7.068 E.07021
G1 X114.552 Y156.938 Z7.086 E.0746
G1 X113.552 Y156.938 Z7.104 E.07899
G1 X112.552 Y156.938 Z7.122 E.08337
G1 X111.552 Y156.938 Z7.14 E.08776
G1 X61.263 Y156.938 E4.4135
;WIDTH:0.697791
G1 X61.082 Y156.896 E.01726
G1 X60.97 Y156.736 E.01814
;WIDTH:0.663629
G1 X60.97 Y51.067 E9.27379
;WIDTH:0.697791
G1 X61.012 Y50.886 E.01726
G1 X61.172 Y50.774 E.01814
;WIDTH:0.663627
G1 X161.841 Y50.775 E8.83495
;WIDTH:0.697761
G1 X162.02 Y50.814 E.01701
G1 X162.092 Y50.886 E.00946
G1 X162.134 Y51.067 E.01726
;WIDTH:0.663629
G1 X162.134 Y156.645 E9.26581
;WIDTH:0.69779
G1 X162.092 Y156.826 E.01726
G1 X162.022 Y156.896 E.00919
G1 X161.841 Y156.938 E.01726
;WIDTH:0.663629
G1 X131.552 Y156.938 E2.65824
G1 X130.552 Y156.938 E.08337
G1 X129.552 Y156.938 E.07899
G1 X128.552 Y156.938 E.0746
G1 X127.552 Y156.938 E.07021
G1 X126.552 Y156.938 E.06582
G1 X125.552 Y156.938 E.06143
G1 X124.552 Y156.938 E.05705
G1 X123.552 Y156.938 E.05266
G1 X122.552 Y156.938 E.04827
G1 X121.552 Y156.938 E.04388
G1 X120.552 Y156.938 E.03949
G1 X119.552 Y156.938 E.03511
G1 X118.552 Y156.938 E.03072
G1 X117.552 Y156.938 E.02633
G1 X116.552 Y156.938 E.02194
G1 X115.552 Y156.938 E.01755
G1 X114.552 Y156.938 E.01316
G1 X113.552 Y156.938 E.00878
G1 X112.552 Y156.938 E.00439
G1 X111.642 Y156.938 E.07986
;WIPE_START
G1 F9600
G1 X111.552 Y156.938 E-.01603
G1 X107.151 Y156.938 E-.78397
;WIPE_END
G1 X131.552 Y157.524 F12000
G1 Z6.78
G1 E.8 F1800
G1 F2661
G1 X130.6 Y157.524 Z6.797 E.00398
G1 X129.647 Y157.524 Z6.814 E.00797
G1 X128.695 Y157.524 Z6.831 E.01194
G1 X127.743 Y157.524 Z6.849 E.01591
G1 X126.79 Y157.524 Z6.866 E.01991
G1 X125.838 Y157.524 Z6.883 E.02387
G1 X124.885 Y157.524 Z6.9 E.02788
G1 X123.933 Y157.524 Z6.917 E.03183
G1 X122.981 Y157.524 Z6.934 E.03581
G1 X122.028 Y157.524 Z6.951 E.03983
G1 X121.076 Y157.524 Z6.969 E.04376
G1 X120.124 Y157.524 Z6.986 E.04774
G1 X119.171 Y157.524 Z7.003 E.05178
G1 X118.219 Y157.524 Z7.02 E.0557
G1 X117.266 Y157.524 Z7.037 E.05974
G1 X116.314 Y157.524 Z7.054 E.06366
G1 X115.362 Y157.524 Z7.071 E.06764
G1 X114.409 Y157.524 Z7.089 E.07169
G1 X113.457 Y157.524 Z7.106 E.07559
G1 X112.504 Y157.524 Z7.123 E.07966
G1 X111.552 Y157.524 Z7.14 E.08355
G1 X61.101 Y157.524 E4.42771
;WIDTH:0.69779
G1 X60.722 Y157.402 E.03698
G1 X60.506 Y157.186 E.02837
G1 X60.416 Y156.938 E.0245
;WIDTH:0.676864
G1 X60.384 Y156.645 E.02645
;WIDTH:0.663629
G1 X60.384 Y50.905 E9.28002
;WIDTH:0.69779
G1 X60.506 Y50.526 E.03698
G1 X60.722 Y50.31 E.02837
G1 X60.97 Y50.22 E.0245
;WIDTH:0.676864
G1 X61.263 Y50.188 E.02645
;WIDTH:0.663627
G1 X161.993 Y50.189 E8.8403
;WIDTH:0.697761
G1 X162.271 Y50.259 E.02662
;WIDTH:0.70246
G1 X162.462 Y50.369 E.02062
G1 X162.634 Y50.577 E.02526
;WIDTH:0.69779
G1 X162.72 Y51.067 E.0462
;WIDTH:0.663629
G1 X162.72 Y156.807 E9.28002
;WIDTH:0.697789
G1 X162.598 Y157.186 E.03698
G1 X162.382 Y157.402 E.02837
G1 X162.049 Y157.513 E.0326
;WIDTH:0.672463
G1 X161.841 Y157.524 E.01856
;WIDTH:0.663629
G1 X131.552 Y157.524 E2.65824
G1 X130.6 Y157.524 E.07957
G1 X129.647 Y157.524 E.07567
G1 X128.695 Y157.524 E.07161
G1 X127.743 Y157.524 E.06764
G1 X126.79 Y157.524 E.06372
G1 X125.838 Y157.524 E.05968
G1 X124.885 Y157.524 E.05576
G1 X123.933 Y157.524 E.05172
G1 X122.981 Y157.524 E.04774
G1 X122.028 Y157.524 E.04381
G1 X121.076 Y157.524 E.03979
G1 X120.124 Y157.524 E.03581
G1 X119.171 Y157.524 E.03186
G1 X118.219 Y157.524 E.02785
G1 X117.266 Y157.524 E.0239
G1 X116.314 Y157.524 E.01989
G1 X115.362 Y157.524 E.01591
G1 X114.409 Y157.524 E.01195
G1 X113.457 Y157.524 E.00796
G1 X112.504 Y157.524 E.00398
G1 X111.642 Y157.524 E.07565
;LAYER_CHANGE
;Z:7.5
;HEIGHT:0.36
;BEFORE_LAYER_CHANGE
G92 E0
;7.5


;WIPE_START
G1 F9600
G1 X111.552 Y157.524 E-.01603
G1 X107.151 Y157.524 E-.78397
;WIPE_END
G1 Z7.5 F12000
;AFTER_LAYER_CHANGE
;7.5
G1 X131.552 Y156.938
G1 Z7.14
G1 E.8 F1800
G1 F2661
G1 X130.552 Y156.938 Z7.158 E.00439
G1 X129.552 Y156.938 Z7.176 E.00878
G1 X128.552 Y156.938 Z7.194 E.01316
G1 X127.552 Y156.938 Z7.212 E.01755
G1 X126.552 Y156.938 Z7.23 E.02194
G1 X125.552 Y156.938 Z7.248 E.02633
G1 X124.552 Y156.938 Z7.266 E.03072
G1 X123.552 Y156.938 Z7.284 E.03511
G1 X122.552 Y156.938 Z7.302 E.03949
G1 X121.552 Y156.938 Z7.32 E.04388
G1 X120.552 Y156.938 Z7.338 E.04827
G1 X119.552 Y156.938 Z7.356 E.05266
G1 X118.552 Y156.938 Z7.374 E.05705
G1 X117.552 Y156.938 Z7.392 E.06143
G1 X116.552 Y156.938 Z7.41 E.06582
G1 X115.552 Y156.938 Z7.428 E.07021
G1 X114.552 Y156.938 Z7.446 E.0746
G1 X113.552 Y156.938 Z7.464 E.07899
G1 X112.552 Y156.938 Z7.482 E.08337
G1 X111.552 Y156.938 Z7.5 E.08776
G1 X61.263 Y156.938 E4.4135
;WIDTH:0.69779
G1 X61.082 Y156.896 E.01726
G1 X60.97 Y156.736 E.01814
;WIDTH:0.66363
G1 X60.97 Y51.067 E9.27381
;WIDTH:0.697791
G1 X61.012 Y50.886 E.01726
G1 X61.172 Y50.774 E.01814
;WIDTH:0.663627
G1 X161.841 Y50.775 E8.83495
;WIDTH:0.697761
G1 X162.02 Y50.814 E.01701
G1 X162.092 Y50.886 E.00946
G1 X162.134 Y51.067 E.01726
;WIDTH:0.663629
G1 X162.134 Y156.645 E9.26581
;WIDTH:0.69779
G1 X162.092 Y156.826 E.01726
G1 X162.022 Y156.896 E.00919
G1 X161.841 Y156.938 E.01726
;WIDTH:0.663629
G1 X131.552 Y156.938 E2.65824
G1 X130.552 Y156.938 E.08337
G1 X129.552 Y156.938 E.07899
G1 X128.552 Y156.938 E.0746
G1 X127.552 Y156.938 E.07021
G1 X126.552 Y156.938 E.06582
G1 X125.552 Y156.938 E.06143
G1 X124.552 Y156.938 E.05705
G1 X123.552 Y156.938 E.05266
G1 X122.552 Y156.938 E.04827
G1 X121.552 Y156.938 E.04388
G1 X120.552 Y156.938 E.03949
G1 X119.552 Y156.938 E.03511
G1 X118.552 Y156.938 E.03072
G1 X117.552 Y156.938 E.02633
G1 X116.552 Y156.938 E.02194
G1 X115.552 Y156.938 E.01755
G1 X114.552 Y156.938 E.01316
G1 X113.552 Y156.938 E.00878
G1 X112.552 Y156.938 E.00439
G1 X111.642 Y156.938 E.07986
;WIPE_START
G1 F9600
G1 X111.552 Y156.938 E-.01603
G1 X107.151 Y156.938 E-.78397
;WIPE_END
G1 X131.552 Y157.524 F12000
G1 Z7.14
G1 E.8 F1800
G1 F2661
G1 X130.552 Y157.524 Z7.158 E.00439
G1 X129.552 Y157.524 Z7.176 E.00878
G1 X128.552 Y157.524 Z7.194 E.01316
G1 X127.552 Y157.524 Z7.212 E.01755
G1 X126.552 Y157.524 Z7.23 E.02194
G1 X125.552 Y157.524 Z7.248 E.02633
G1 X124.552 Y157.524 Z7.266 E.03072
G1 X123.552 Y157.524 Z7.284 E.03511
G1 X122.552 Y157.524 Z7.302 E.03949
G1 X121.552 Y157.524 Z7.32 E.04388
G1 X120.552 Y157.524 Z7.338 E.04827
G1 X119.552 Y157.524 Z7.356 E.05266
G1 X118.552 Y157.524 Z7.374 E.05705
G1 X117.552 Y157.524 Z7.392 E.06143
G1 X116.552 Y157.524 Z7.41 E.06582
G1 X115.552 Y157.524 Z7.428 E.07021
G1 X114.552 Y157.524 Z7.446 E.0746
G1 X113.552 Y157.524 Z7.464 E.07899
G1 X112.552 Y157.524 Z7.482 E.08337
G1 X111.552 Y157.524 Z7.5 E.08776
G1 X61.101 Y157.524 E4.42771
;WIDTH:0.69779
G1 X60.722 Y157.402 E.03698
G1 X60.506 Y157.186 E.02837
G1 X60.416 Y156.938 E.0245
;WIDTH:0.676864
G1 X60.384 Y156.645 E.02645
;WIDTH:0.66363
G1 X60.384 Y50.905 E9.28004
;WIDTH:0.697791
G1 X60.506 Y50.526 E.03698
G1 X60.722 Y50.31 E.02837
G1 X60.97 Y50.22 E.0245
;WIDTH:0.676864
G1 X61.263 Y50.188 E.02645
;WIDTH:0.663627
G1 X161.995 Y50.189 E8.84048
;WIDTH:0.697761
G1 X162.271 Y50.259 E.02644
;WIDTH:0.70246
G1 X162.462 Y50.369 E.02062
G1 X162.634 Y50.577 E.02526
;WIDTH:0.69779
G1 X162.72 Y51.067 E.0462
;WIDTH:0.663629
G1 X162.72 Y156.807 E9.28002
;WIDTH:0.69779
G1 X162.598 Y157.186 E.03698
G1 X162.382 Y157.402 E.02837
G1 X162.049 Y157.513 E.0326
;WIDTH:0.672463
G1 X161.841 Y157.524 E.01856
;WIDTH:0.663629
G1 X131.552 Y157.524 E2.65824
G1 X130.552 Y157.524 E.08337
G1 X129.552 Y157.524 E.07899
G1 X128.552 Y157.524 E.0746
G1 X127.552 Y157.524 E.07021
G1 X126.552 Y157.524 E.06582
G1 X125.552 Y157.524 E.06143
G1 X124.552 Y157.524 E.05705
G1 X123.552 Y157.524 E.05266
G1 X122.552 Y157.524 E.04827
G1 X121.552 Y157.524 E.04388
G1 X120.552 Y157.524 E.03949
G1 X119.552 Y157.524 E.03511
G1 X118.552 Y157.524 E.03072
G1 X117.552 Y157.524 E.02633
G1 X116.552 Y157.524 E.02194
G1 X115.552 Y157.524 E.01755
G1 X114.552 Y157.524 E.01316
G1 X113.552 Y157.524 E.00878
G1 X112.552 Y157.524 E.00439
G1 X111.642 Y157.524 E.07986
;LAYER_CHANGE
;Z:7.86
;HEIGHT:0.36
;BEFORE_LAYER_CHANGE
G92 E0
;7.86


;WIPE_START
G1 F9600
G1 X111.552 Y157.524 E-.01603
G1 X107.151 Y157.524 E-.78397
;WIPE_END
G1 Z7.86 F12000
;AFTER_LAYER_CHANGE
;7.86
G1 X131.552 Y156.938
G1 Z7.5
G1 E.8 F1800
G1 F2661
G1 X130.552 Y156.938 Z7.518 E.00439
G1 X129.552 Y156.938 Z7.536 E.00878
G1 X128.552 Y156.938 Z7.554 E.01316
G1 X127.552 Y156.938 Z7.572 E.01755
G1 X126.552 Y156.938 Z7.59 E.02194
G1 X125.552 Y156.938 Z7.608 E.02633
G1 X124.552 Y156.938 Z7.626 E.03072
G1 X123.552 Y156.938 Z7.644 E.03511
G1 X122.552 Y156.938 Z7.662 E.03949
G1 X121.552 Y156.938 Z7.68 E.04388
G1 X120.552 Y156.938 Z7.698 E.04827
G1 X119.552 Y156.938 Z7.716 E.05266
G1 X118.552 Y156.938 Z7.734 E.05705
G1 X117.552 Y156.938 Z7.752 E.06143
G1 X116.552 Y156.938 Z7.77 E.06582
G1 X115.552 Y156.938 Z7.788 E.07021
G1 X114.552 Y156.938 Z7.806 E.0746
G1 X113.552 Y156.938 Z7.824 E.07899
G1 X112.552 Y156.938 Z7.842 E.08337
G1 X111.552 Y156.938 Z7.86 E.08776
G1 X61.263 Y156.938 E4.4135
;WIDTH:0.69779
G1 X61.082 Y156.896 E.01726
G1 X60.97 Y156.736 E.01814
;WIDTH:0.66363
G1 X60.97 Y51.067 E9.27381
;WIDTH:0.697791
G1 X61.012 Y50.886 E.01726
;WIDTH:0.702463
G1 X61.218 Y50.774 E.02194
;WIDTH:0.663627
G1 X161.841 Y50.775 E8.83091
;WIDTH:0.69776
G1 X162.019 Y50.814 E.01692
G1 X162.092 Y50.886 E.00952
G1 X162.134 Y51.067 E.01726
;WIDTH:0.663629
G1 X162.134 Y156.645 E9.26581
;WIDTH:0.69779
G1 X162.092 Y156.826 E.01726
G1 X162.022 Y156.896 E.00919
G1 X161.841 Y156.938 E.01726
;WIDTH:0.663629
G1 X131.552 Y156.938 E2.65824
G1 X130.552 Y156.938 E.08337
G1 X129.552 Y156.938 E.07899
G1 X128.552 Y156.938 E.0746
G1 X127.552 Y156.938 E.07021
G1 X126.552 Y156.938 E.06582
G1 X125.552 Y156.938 E.06143
G1 X124.552 Y156.938 E.05705
G1 X123.552 Y156.938 E.05266
G1 X122.552 Y156.938 E.04827
G1 X121.552 Y156.938 E.04388
G1 X120.552 Y156.938 E.03949
G1 X119.552 Y156.938 E.03511
G1 X118.552 Y156.938 E.03072
G1 X117.552 Y156.938 E.02633
G1 X116.552 Y156.938 E.02194
G1 X115.552 Y156.938 E.01755
G1 X114.552 Y156.938 E.01316
G1 X113.552 Y156.938 E.00878
G1 X112.552 Y156.938 E.00439
G1 X111.642 Y156.938 E.07986
;WIPE_START
G1 F9600
G1 X111.552 Y156.938 E-.01603
G1 X107.151 Y156.938 E-.78397
;WIPE_END
G1 X131.552 Y157.524 F12000
G1 Z7.5
G1 E.8 F1800
G1 F2661
G1 X130.552 Y157.524 Z7.518 E.00439
G1 X129.552 Y157.524 Z7.536 E.00878
G1 X128.552 Y157.524 Z7.554 E.01316
G1 X127.552 Y157.524 Z7.572 E.01755
G1 X126.552 Y157.524 Z7.59 E.02194
G1 X125.552 Y157.524 Z7.608 E.02633
G1 X124.552 Y157.524 Z7.626 E.03072
G1 X123.552 Y157.524 Z7.644 E.03511
G1 X122.552 Y157.524 Z7.662 E.03949
G1 X121.552 Y157.524 Z7.68 E.04388
G1 X120.552 Y157.524 Z7.698 E.04827
G1 X119.552 Y157.524 Z7.716 E.05266
G1 X118.552 Y157.524 Z7.734 E.05705
G1 X117.552 Y157.524 Z7.752 E.06143
G1 X116.552 Y157.524 Z7.77 E.06582
G1 X115.552 Y157.524 Z7.788 E.07021
G1 X114.552 Y157.524 Z7.806 E.0746
G1 X113.552 Y157.524 Z7.824 E.07899
G1 X112.552 Y157.524 Z7.842 E.08337
G1 X111.552 Y157.524 Z7.86 E.08776
G1 X61.101 Y157.524 E4.42771
;WIDTH:0.69779
G1 X60.722 Y157.402 E.03698
G1 X60.506 Y157.186 E.02837
G1 X60.416 Y156.938 E.0245
;WIDTH:0.676865
G1 X60.384 Y156.645 E.02645
;WIDTH:0.66363
G1 X60.384 Y50.905 E9.28004
;WIDTH:0.697791
G1 X60.506 Y50.526 E.03698
G1 X60.722 Y50.31 E.02837
G1 X60.97 Y50.22 E.0245
;WIDTH:0.676864
G1 X61.263 Y50.188 E.02645
;WIDTH:0.663627
G1 X161.996 Y50.189 E8.84057
;WIDTH:0.69776
G1 X162.271 Y50.258 E.02633
;WIDTH:0.70246
G1 X162.462 Y50.369 E.02067
G1 X162.634 Y50.577 E.02526
;WIDTH:0.69779
G1 X162.72 Y51.067 E.0462
;WIDTH:0.663629
G1 X162.72 Y156.807 E9.28002
;WIDTH:0.697791
G1 X162.598 Y157.186 E.03698
G1 X162.382 Y157.402 E.02837
G1 X162.049 Y157.513 E.0326
;WIDTH:0.672463
G1 X161.841 Y157.524 E.01856
;WIDTH:0.663629
G1 X131.552 Y157.524 E2.65824
G1 X130.552 Y157.524 E.08337
G1 X129.552 Y157.524 E.07899
G1 X128.552 Y157.524 E.0746
G1 X127.552 Y157.524 E.07021
G1 X126.552 Y157.524 E.06582
G1 X125.552 Y157.524 E.06143
G1 X124.552 Y157.524 E.05705
G1 X123.552 Y157.524 E.05266
G1 X122.552 Y157.524 E.04827
G1 X121.552 Y157.524 E.04388
G1 X120.552 Y157.524 E.03949
G1 X119.552 Y157.524 E.03511
G1 X118.552 Y157.524 E.03072
G1 X117.552 Y157.524 E.02633
G1 X116.552 Y157.524 E.02194
G1 X115.552 Y157.524 E.01755
G1 X114.552 Y157.524 E.01316
G1 X113.552 Y157.524 E.00878
G1 X112.552 Y157.524 E.00439
G1 X111.642 Y157.524 E.07986
;LAYER_CHANGE
;Z:8.22
;HEIGHT:0.36
;BEFORE_LAYER_CHANGE
G92 E0
;8.22


;WIPE_START
G1 F9600
G1 X111.552 Y157.524 E-.01603
G1 X107.151 Y157.524 E-.78397
;WIPE_END
G1 Z8.22 F12000
;AFTER_LAYER_CHANGE
;8.22
G1 X131.552 Y156.938
G1 Z7.86
G1 E.8 F1800
G1 F2661
G1 X130.552 Y156.938 Z7.878 E.00439
G1 X129.552 Y156.938 Z7.896 E.00878
G1 X128.552 Y156.938 Z7.914 E.01316
G1 X127.552 Y156.938 Z7.932 E.01755
G1 X126.552 Y156.938 Z7.95 E.02194
G1 X125.552 Y156.938 Z7.968 E.02633
G1 X124.552 Y156.938 Z7.986 E.03072
G1 X123.552 Y156.938 Z8.004 E.03511
G1 X122.552 Y156.938 Z8.022 E.03949
G1 X121.552 Y156.938 Z8.04 E.04388
G1 X120.552 Y156.938 Z8.058 E.04827
G1 X119.552 Y156.938 Z8.076 E.05266
G1 X118.552 Y156.938 Z8.094 E.05705
G1 X117.552 Y156.938 Z8.112 E.06143
G1 X116.552 Y156.938 Z8.13 E.06582
G1 X115.552 Y156.938 Z8.148 E.07021
G1 X114.552 Y156.938 Z8.166 E.0746
G1 X113.552 Y156.938 Z8.184 E.07899
G1 X112.552 Y156.938 Z8.202 E.08337
G1 X111.552 Y156.938 Z8.22 E.08776
G1 X61.263 Y156.938 E4.4135
;WIDTH:0.697791
G1 X61.082 Y156.896 E.01726
G1 X60.97 Y156.736 E.01814
;WIDTH:0.663629
G1 X60.97 Y51.067 E9.27379
;WIDTH:0.697791
G1 X61.012 Y50.886 E.01726
G1 X61.172 Y50.774 E.01814
;WIDTH:0.663627
G1 X161.841 Y50.775 E8.83495
;WIDTH:0.69776
G1 X162.019 Y50.813 E.0169
G1 X162.092 Y50.886 E.00959
G1 X162.134 Y51.067 E.01726
;WIDTH:0.663629
G1 X162.134 Y156.645 E9.26581
;WIDTH:0.69779
G1 X162.092 Y156.826 E.01726
G1 X162.022 Y156.896 E.00919
G1 X161.841 Y156.938 E.01726
;WIDTH:0.663629
G1 X131.552 Y156.938 E2.65824
G1 X130.552 Y156.938 E.08337
G1 X129.552 Y156.938 E.07899
G1 X128.552 Y156.938 E.0746
G1 X127.552 Y156.938 E.07021
G1 X126.552 Y156.938 E.06582
G1 X125.552 Y156.938 E.06143
G1 X124.552 Y156.938 E.05705
G1 X123.552 Y156.938 E.05266
G1 X122.552 Y156.938 E.04827
G1 X121.552 Y156.938 E.04388
G1 X120.552 Y156.938 E.03949
G1 X119.552 Y156.938 E.03511
G1 X118.552 Y156.938 E.03072
G1 X117.552 Y156.938 E.02633
G1 X116.552 Y156.938 E.02194
G1 X115.552 Y156.938 E.01755
G1 X114.552 Y156.938 E.01316
G1 X113.552 Y156.938 E.00878
G1 X112.552 Y156.938 E.00439
G1 X111.642 Y156.938 E.07986
;WIPE_START
G1 F9600
G1 X111.552 Y156.938 E-.01603
G1 X107.151 Y156.938 E-.78397
;WIPE_END
G1 X131.552 Y157.524 F12000
G1 Z7.86
G1 E.8 F1800
G1 F2661
G1 X130.552 Y157.524 Z7.878 E.00439
G1 X129.552 Y157.524 Z7.896 E.00878
G1 X128.552 Y157.524 Z7.914 E.01316
G1 X127.552 Y157.524 Z7.932 E.01755
G1 X126.552 Y157.524 Z7.95 E.02194
G1 X125.552 Y157.524 Z7.968 E.02633
G1 X124.552 Y157.524 Z7.986 E.03072
G1 X123.552 Y157.524 Z8.004 E.03511
G1 X122.552 Y157.524 Z8.022 E.03949
G1 X121.552 Y157.524 Z8.04 E.04388
G1 X120.552 Y157.524 Z8.058 E.04827
G1 X119.552 Y157.524 Z8.076 E.05266
G1 X118.552 Y157.524 Z8.094 E.05705
G1 X117.552 Y157.524 Z8.112 E.06143
G1 X116.552 Y157.524 Z8.13 E.06582
G1 X115.552 Y157.524 Z8.148 E.07021
G1 X114.552 Y157.524 Z8.166 E.0746
G1 X113.552 Y157.524 Z8.184 E.07899
G1 X112.552 Y157.524 Z8.202 E.08337
G1 X111.552 Y157.524 Z8.22 E.08776
G1 X61.101 Y157.524 E4.42771
;WIDTH:0.697791
G1 X60.722 Y157.402 E.03698
G1 X60.506 Y157.186 E.02837
G1 X60.416 Y156.938 E.0245
;WIDTH:0.676864
G1 X60.384 Y156.645 E.02645
;WIDTH:0.663629
G1 X60.384 Y50.905 E9.28002
;WIDTH:0.697791
G1 X60.506 Y50.526 E.03698
G1 X60.722 Y50.31 E.02837
G1 X60.97 Y50.22 E.0245
;WIDTH:0.676864
G1 X61.263 Y50.188 E.02645
;WIDTH:0.663627
G1 X161.998 Y50.189 E8.84074
;WIDTH:0.69776
G1 X162.272 Y50.258 E.02624
;WIDTH:0.70246
G1 X162.462 Y50.369 E.02059
G1 X162.634 Y50.577 E.02526
;WIDTH:0.697791
G1 X162.72 Y51.067 E.0462
;WIDTH:0.663629
G1 X162.72 Y156.807 E9.28002
;WIDTH:0.697791
G1 X162.598 Y157.186 E.03698
G1 X162.382 Y157.402 E.02837
G1 X162.049 Y157.513 E.0326
;WIDTH:0.672463
G1 X161.841 Y157.524 E.01856
;WIDTH:0.663629
G1 X131.552 Y157.524 E2.65824
G1 X130.552 Y157.524 E.08337
G1 X129.552 Y157.524 E.07899
G1 X128.552 Y157.524 E.0746
G1 X127.552 Y157.524 E.07021
G1 X126.552 Y157.524 E.06582
G1 X125.552 Y157.524 E.06143
G1 X124.552 Y157.524 E.05705
G1 X123.552 Y157.524 E.05266
G1 X122.552 Y157.524 E.04827
G1 X121.552 Y157.524 E.04388
G1 X120.552 Y157.524 E.03949
G1 X119.552 Y157.524 E.03511
G1 X118.552 Y157.524 E.03072
G1 X117.552 Y157.524 E.02633
G1 X116.552 Y157.524 E.02194
G1 X115.552 Y157.524 E.01755
G1 X114.552 Y157.524 E.01316
G1 X113.552 Y157.524 E.00878
G1 X112.552 Y157.524 E.00439
G1 X111.642 Y157.524 E.07986
;LAYER_CHANGE
;Z:8.58
;HEIGHT:0.36
;BEFORE_LAYER_CHANGE
G92 E0
;8.58


;WIPE_START
G1 F9600
G1 X111.552 Y157.524 E-.01603
G1 X107.151 Y157.524 E-.78397
;WIPE_END
G1 Z8.58 F12000
;AFTER_LAYER_CHANGE
;8.58
G1 X131.552 Y156.938
G1 Z8.22
G1 E.8 F1800
G1 F2661
G1 X130.552 Y156.938 Z8.238 E.00439
G1 X129.552 Y156.938 Z8.256 E.00878
G1 X128.552 Y156.938 Z8.274 E.01316
G1 X127.552 Y156.938 Z8.292 E.01755
G1 X126.552 Y156.938 Z8.31 E.02194
G1 X125.552 Y156.938 Z8.328 E.02633
G1 X124.552 Y156.938 Z8.346 E.03072
G1 X123.552 Y156.938 Z8.364 E.03511
G1 X122.552 Y156.938 Z8.382 E.03949
G1 X121.552 Y156.938 Z8.4 E.04388
G1 X120.552 Y156.938 Z8.418 E.04827
G1 X119.552 Y156.938 Z8.436 E.05266
G1 X118.552 Y156.938 Z8.454 E.05705
G1 X117.552 Y156.938 Z8.472 E.06143
G1 X116.552 Y156.938 Z8.49 E.06582
G1 X115.552 Y156.938 Z8.508 E.07021
G1 X114.552 Y156.938 Z8.526 E.0746
G1 X113.552 Y156.938 Z8.544 E.07899
G1 X112.552 Y156.938 Z8.562 E.08337
G1 X111.552 Y156.938 Z8.58 E.08776
G1 X61.263 Y156.938 E4.4135
;WIDTH:0.69779
G1 X61.082 Y156.896 E.01726
G1 X60.97 Y156.736 E.01814
;WIDTH:0.663629
G1 X60.97 Y51.067 E9.27379
;WIDTH:0.697791
G1 X61.012 Y50.886 E.01726
G1 X61.172 Y50.774 E.01814
;WIDTH:0.663627
G1 X161.841 Y50.775 E8.83495
;WIDTH:0.697759
G1 X162.019 Y50.813 E.0169
G1 X162.092 Y50.886 E.00959
G1 X162.134 Y51.067 E.01726
;WIDTH:0.663629
G1 X162.134 Y156.645 E9.26581
;WIDTH:0.69779
G1 X162.092 Y156.826 E.01726
G1 X162.022 Y156.896 E.00919
G1 X161.841 Y156.938 E.01726
;WIDTH:0.663629
G1 X131.552 Y156.938 E2.65824
G1 X130.552 Y156.938 E.08337
G1 X129.552 Y156.938 E.07899
G1 X128.552 Y156.938 E.0746
G1 X127.552 Y156.938 E.07021
G1 X126.552 Y156.938 E.06582
G1 X125.552 Y156.938 E.06143
G1 X124.552 Y156.938 E.05705
G1 X123.552 Y156.938 E.05266
G1 X122.552 Y156.938 E.04827
G1 X121.552 Y156.938 E.04388
G1 X120.552 Y156.938 E.03949
G1 X119.552 Y156.938 E.03511
G1 X118.552 Y156.938 E.03072
G1 X117.552 Y156.938 E.02633
G1 X116.552 Y156.938 E.02194
G1 X115.552 Y156.938 E.01755
G1 X114.552 Y156.938 E.01316
G1 X113.552 Y156.938 E.00878
G1 X112.552 Y156.938 E.00439
G1 X111.642 Y156.938 E.07986
;WIPE_START
G1 F9600
G1 X111.552 Y156.938 E-.01603
G1 X107.151 Y156.938 E-.78397
;WIPE_END
G1 X131.552 Y157.524 F12000
G1 Z8.22
G1 E.8 F1800
G1 F2661
G1 X130.6 Y157.524 Z8.237 E.00398
G1 X129.647 Y157.524 Z8.254 E.00797
G1 X128.695 Y157.524 Z8.271 E.01194
G1 X127.743 Y157.524 Z8.289 E.01591
G1 X126.79 Y157.524 Z8.306 E.01991
G1 X125.838 Y157.524 Z8.323 E.02387
G1 X124.885 Y157.524 Z8.34 E.02788
G1 X123.933 Y157.524 Z8.357 E.03183
G1 X122.981 Y157.524 Z8.374 E.03581
G1 X122.028 Y157.524 Z8.391 E.03983
G1 X121.076 Y157.524 Z8.409 E.04376
G1 X120.124 Y157.524 Z8.426 E.04774
G1 X119.171 Y157.524 Z8.443 E.05178
G1 X118.219 Y157.524 Z8.46 E.0557
G1 X117.266 Y157.524 Z8.477 E.05974
G1 X116.314 Y157.524 Z8.494 E.06366
G1 X115.362 Y157.524 Z8.511 E.06764
G1 X114.409 Y157.524 Z8.529 E.07169
G1 X113.457 Y157.524 Z8.546 E.07559
G1 X112.504 Y157.524 Z8.563 E.07966
G1 X111.552 Y157.524 Z8.58 E.08355
G1 X61.101 Y157.524 E4.42771
;WIDTH:0.697791
G1 X60.722 Y157.402 E.03698
G1 X60.506 Y157.186 E.02837
G1 X60.416 Y156.938 E.0245
;WIDTH:0.676864
G1 X60.384 Y156.645 E.02645
;WIDTH:0.663629
G1 X60.384 Y50.905 E9.28002
;WIDTH:0.69779
G1 X60.506 Y50.526 E.03698
G1 X60.722 Y50.31 E.02837
G1 X60.97 Y50.22 E.0245
;WIDTH:0.676865
G1 X61.263 Y50.188 E.02645
;WIDTH:0.663627
G1 X161.999 Y50.189 E8.84083
;WIDTH:0.697759
G1 X162.272 Y50.258 E.02615
;WIDTH:0.70246
G1 X162.462 Y50.369 E.02059
G1 X162.634 Y50.577 E.02526
;WIDTH:0.697791
G1 X162.72 Y51.067 E.0462
;WIDTH:0.663629
G1 X162.72 Y156.807 E9.28002
;WIDTH:0.697789
G1 X162.598 Y157.186 E.03698
G1 X162.382 Y157.402 E.02837
G1 X162.049 Y157.513 E.0326
;WIDTH:0.672463
G1 X161.841 Y157.524 E.01856
;WIDTH:0.663629
G1 X131.552 Y157.524 E2.65824
G1 X130.6 Y157.524 E.07957
G1 X129.647 Y157.524 E.07567
G1 X128.695 Y157.524 E.07161
G1 X127.743 Y157.524 E.06764
G1 X126.79 Y157.524 E.06372
G1 X125.838 Y157.524 E.05968
G1 X124.885 Y157.524 E.05576
G1 X123.933 Y157.524 E.05172
G1 X122.981 Y157.524 E.04774
G1 X122.028 Y157.524 E.04381
G1 X121.076 Y157.524 E.03979
G1 X120.124 Y157.524 E.03581
G1 X119.171 Y157.524 E.03186
G1 X118.219 Y157.524 E.02785
G1 X117.266 Y157.524 E.0239
G1 X116.314 Y157.524 E.01989
G1 X115.362 Y157.524 E.01591
G1 X114.409 Y157.524 E.01195
G1 X113.457 Y157.524 E.00796
G1 X112.504 Y157.524 E.00398
G1 X111.642 Y157.524 E.07565
;LAYER_CHANGE
;Z:8.94
;HEIGHT:0.36
;BEFORE_LAYER_CHANGE
G92 E0
;8.94


;WIPE_START
G1 F9600
G1 X111.552 Y157.524 E-.01603
G1 X107.151 Y157.524 E-.78397
;WIPE_END
G1 Z8.94 F12000
;AFTER_LAYER_CHANGE
;8.94
G1 X131.552 Y156.938
G1 Z8.58
G1 E.8 F1800
G1 F2661
G1 X130.552 Y156.938 Z8.598 E.00439
G1 X129.552 Y156.938 Z8.616 E.00878
G1 X128.552 Y156.938 Z8.634 E.01316
G1 X127.552 Y156.938 Z8.652 E.01755
G1 X126.552 Y156.938 Z8.67 E.02194
G1 X125.552 Y156.938 Z8.688 E.02633
G1 X124.552 Y156.938 Z8.706 E.03072
G1 X123.552 Y156.938 Z8.724 E.03511
G1 X122.552 Y156.938 Z8.742 E.03949
G1 X121.552 Y156.938 Z8.76 E.04388
G1 X120.552 Y156.938 Z8.778 E.04827
G1 X119.552 Y156.938 Z8.796 E.05266
G1 X118.552 Y156.938 Z8.814 E.05705
G1 X117.552 Y156.938 Z8.832 E.06143
G1 X116.552 Y156.938 Z8.85 E.06582
G1 X115.552 Y156.938 Z8.868 E.07021
G1 X114.552 Y156.938 Z8.886 E.0746
G1 X113.552 Y156.938 Z8.904 E.07899
G1 X112.552 Y156.938 Z8.922 E.08337
G1 X111.552 Y156.938 Z8.94 E.08776
G1 X61.263 Y156.938 E4.4135
;WIDTH:0.697791
G1 X61.082 Y156.896 E.01726
G1 X60.97 Y156.736 E.01814
;WIDTH:0.663629
G1 X60.97 Y51.067 E9.27379
;WIDTH:0.697791
G1 X61.012 Y50.886 E.01726
G1 X61.172 Y50.774 E.01814
;WIDTH:0.663626
G1 X161.841 Y50.775 E8.83493
;WIDTH:0.697759
G1 X162.019 Y50.813 E.0169
G1 X162.092 Y50.886 E.00959
G1 X162.134 Y51.067 E.01726
;WIDTH:0.663629
G1 X162.134 Y156.645 E9.26581
;WIDTH:0.69779
G1 X162.092 Y156.826 E.01726
G1 X162.022 Y156.896 E.00919
G1 X161.841 Y156.938 E.01726
;WIDTH:0.663629
G1 X131.552 Y156.938 E2.65824
G1 X130.552 Y156.938 E.08337
G1 X129.552 Y156.938 E.07899
G1 X128.552 Y156.938 E.0746
G1 X127.552 Y156.938 E.07021
G1 X126.552 Y156.938 E.06582
G1 X125.552 Y156.938 E.06143
G1 X124.552 Y156.938 E.05705
G1 X123.552 Y156.938 E.05266
G1 X122.552 Y156.938 E.04827
G1 X121.552 Y156.938 E.04388
G1 X120.552 Y156.938 E.03949
G1 X119.552 Y156.938 E.03511
G1 X118.552 Y156.938 E.03072
G1 X117.552 Y156.938 E.02633
G1 X116.552 Y156.938 E.02194
G1 X115.552 Y156.938 E.01755
G1 X114.552 Y156.938 E.01316
G1 X113.552 Y156.938 E.00878
G1 X112.552 Y156.938 E.00439
G1 X111.642 Y156.938 E.07986
;WIPE_START
G1 F9600
G1 X111.552 Y156.938 E-.01603
G1 X107.151 Y156.938 E-.78397
;WIPE_END
G1 X131.552 Y157.524 F12000
G1 Z8.58
G1 E.8 F1800
G1 F2661
G1 X130.552 Y157.524 Z8.598 E.00439
G1 X129.552 Y157.524 Z8.616 E.00878
G1 X128.552 Y157.524 Z8.634 E.01316
G1 X127.552 Y157.524 Z8.652 E.01755
G1 X126.552 Y157.524 Z8.67 E.02194
G1 X125.552 Y157.524 Z8.688 E.02633
G1 X124.552 Y157.524 Z8.706 E.03072
G1 X123.552 Y157.524 Z8.724 E.03511
G1 X122.552 Y157.524 Z8.742 E.03949
G1 X121.552 Y157.524 Z8.76 E.04388
G1 X120.552 Y157.524 Z8.778 E.04827
G1 X119.552 Y157.524 Z8.796 E.05266
G1 X118.552 Y157.524 Z8.814 E.05705
G1 X117.552 Y157.524 Z8.832 E.06143
G1 X116.552 Y157.524 Z8.85 E.06582
G1 X115.552 Y157.524 Z8.868 E.07021
G1 X114.552 Y157.524 Z8.886 E.0746
G1 X113.552 Y157.524 Z8.904 E.07899
G1 X112.552 Y157.524 Z8.922 E.08337
G1 X111.552 Y157.524 Z8.94 E.08776
G1 X61.101 Y157.524 E4.42771
;WIDTH:0.697791
G1 X60.722 Y157.402 E.03698
G1 X60.506 Y157.186 E.02837
G1 X60.416 Y156.938 E.0245
;WIDTH:0.676863
G1 X60.384 Y156.645 E.02645
;WIDTH:0.663629
G1 X60.384 Y50.905 E9.28002
;WIDTH:0.697791
G1 X60.506 Y50.526 E.03698
G1 X60.722 Y50.31 E.02837
G1 X60.97 Y50.22 E.0245
;WIDTH:0.676864
G1 X61.263 Y50.188 E.02645
;WIDTH:0.663626
G1 X162.001 Y50.19 E8.84099
;WIDTH:0.697759
G1 X162.272 Y50.258 E.02595
;WIDTH:0.70246
G1 X162.462 Y50.369 E.02059
G1 X162.634 Y50.577 E.02526
;WIDTH:0.69779
G1 X162.72 Y51.067 E.0462
;WIDTH:0.663629
G1 X162.72 Y156.807 E9.28002
;WIDTH:0.69779
G1 X162.598 Y157.186 E.03698
G1 X162.382 Y157.402 E.02837
G1 X162.049 Y157.513 E.0326
;WIDTH:0.672463
G1 X161.841 Y157.524 E.01856
;WIDTH:0.663629
G1 X131.552 Y157.524 E2.65824
G1 X130.552 Y157.524 E.08337
G1 X129.552 Y157.524 E.07899
G1 X128.552 Y157.524 E.0746
G1 X127.552 Y157.524 E.07021
G1 X126.552 Y157.524 E.06582
G1 X125.552 Y157.524 E.06143
G1 X124.552 Y157.524 E.05705
G1 X123.552 Y157.524 E.05266
G1 X122.552 Y157.524 E.04827
G1 X121.552 Y157.524 E.04388
G1 X120.552 Y157.524 E.03949
G1 X119.552 Y157.524 E.03511
G1 X118.552 Y157.524 E.03072
G1 X117.552 Y157.524 E.02633
G1 X116.552 Y157.524 E.02194
G1 X115.552 Y157.524 E.01755
G1 X114.552 Y157.524 E.01316
G1 X113.552 Y157.524 E.00878
G1 X112.552 Y157.524 E.00439
G1 X111.642 Y157.524 E.07986
;LAYER_CHANGE
;Z:9.3
;HEIGHT:0.360001
;BEFORE_LAYER_CHANGE
G92 E0
;9.3


;WIPE_START
G1 F9600
G1 X111.552 Y157.524 E-.01603
G1 X107.151 Y157.524 E-.78397
;WIPE_END
G1 Z9.3 F12000
;AFTER_LAYER_CHANGE
;9.3
G1 X131.552 Y156.938
G1 Z8.94
G1 E.8 F1800
G1 F2661
G1 X130.552 Y156.938 Z8.958 E.00439
G1 X129.552 Y156.938 Z8.976 E.00878
G1 X128.552 Y156.938 Z8.994 E.01316
G1 X127.552 Y156.938 Z9.012 E.01755
G1 X126.552 Y156.938 Z9.03 E.02194
G1 X125.552 Y156.938 Z9.048 E.02633
G1 X124.552 Y156.938 Z9.066 E.03072
G1 X123.552 Y156.938 Z9.084 E.03511
G1 X122.552 Y156.938 Z9.102 E.03949
G1 X121.552 Y156.938 Z9.12 E.04388
G1 X120.552 Y156.938 Z9.138 E.04827
G1 X119.552 Y156.938 Z9.156 E.05266
G1 X118.552 Y156.938 Z9.174 E.05705
G1 X117.552 Y156.938 Z9.192 E.06143
G1 X116.552 Y156.938 Z9.21 E.06582
G1 X115.552 Y156.938 Z9.228 E.07021
G1 X114.552 Y156.938 Z9.246 E.0746
G1 X113.552 Y156.938 Z9.264 E.07899
G1 X112.552 Y156.938 Z9.282 E.08337
G1 X111.552 Y156.938 Z9.3 E.08776
G1 X61.263 Y156.938 E4.4135
;WIDTH:0.697791
G1 X61.082 Y156.896 E.01726
G1 X60.97 Y156.736 E.01814
;WIDTH:0.663629
G1 X60.97 Y51.067 E9.27379
;WIDTH:0.69779
G1 X61.012 Y50.886 E.01726
;WIDTH:0.702509
G1 X61.218 Y50.774 E.02194
;WIDTH:0.663626
G1 X161.841 Y50.775 E8.8309
;WIDTH:0.697759
G1 X162.019 Y50.813 E.0169
G1 X162.092 Y50.886 E.00959
G1 X162.134 Y51.067 E.01726
;WIDTH:0.663629
G1 X162.134 Y156.645 E9.26581
;WIDTH:0.69779
G1 X162.092 Y156.826 E.01726
G1 X162.022 Y156.896 E.00919
G1 X161.841 Y156.938 E.01726
;WIDTH:0.663629
G1 X131.552 Y156.938 E2.65824
G1 X130.552 Y156.938 E.08337
G1 X129.552 Y156.938 E.07899
G1 X128.552 Y156.938 E.0746
G1 X127.552 Y156.938 E.07021
G1 X126.552 Y156.938 E.06582
G1 X125.552 Y156.938 E.06143
G1 X124.552 Y156.938 E.05705
G1 X123.552 Y156.938 E.05266
G1 X122.552 Y156.938 E.04827
G1 X121.552 Y156.938 E.04388
G1 X120.552 Y156.938 E.03949
G1 X119.552 Y156.938 E.03511
G1 X118.552 Y156.938 E.03072
G1 X117.552 Y156.938 E.02633
G1 X116.552 Y156.938 E.02194
G1 X115.552 Y156.938 E.01755
G1 X114.552 Y156.938 E.01316
G1 X113.552 Y156.938 E.00878
G1 X112.552 Y156.938 E.00439
G1 X111.642 Y156.938 E.07986
;WIPE_START
G1 F9600
G1 X111.552 Y156.938 E-.01603
G1 X107.151 Y156.938 E-.78397
;WIPE_END
G1 X131.552 Y157.524 F12000
G1 Z8.94
G1 E.8 F1800
G1 F2661
G1 X130.6 Y157.524 Z8.957 E.00398
G1 X129.647 Y157.524 Z8.974 E.00797
G1 X128.695 Y157.524 Z8.991 E.01194
G1 X127.743 Y157.524 Z9.009 E.01591
G1 X126.79 Y157.524 Z9.026 E.01991
G1 X125.838 Y157.524 Z9.043 E.02387
G1 X124.885 Y157.524 Z9.06 E.02788
G1 X123.933 Y157.524 Z9.077 E.03183
G1 X122.981 Y157.524 Z9.094 E.03581
G1 X122.028 Y157.524 Z9.111 E.03983
G1 X121.076 Y157.524 Z9.129 E.04376
G1 X120.124 Y157.524 Z9.146 E.04774
G1 X119.171 Y157.524 Z9.163 E.05178
G1 X118.219 Y157.524 Z9.18 E.0557
G1 X117.266 Y157.524 Z9.197 E.05974
G1 X116.314 Y157.524 Z9.214 E.06366
G1 X115.362 Y157.524 Z9.231 E.06764
G1 X114.409 Y157.524 Z9.249 E.07169
G1 X113.457 Y157.524 Z9.266 E.07559
G1 X112.504 Y157.524 Z9.283 E.07966
G1 X111.552 Y157.524 Z9.3 E.08355
G1 X61.101 Y157.524 E4.42771
;WIDTH:0.697791
G1 X60.722 Y157.402 E.03698
G1 X60.506 Y157.186 E.02837
G1 X60.416 Y156.938 E.0245
;WIDTH:0.676864
G1 X60.384 Y156.645 E.02645
;WIDTH:0.663629
G1 X60.384 Y50.905 E9.28002
;WIDTH:0.697791
G1 X60.506 Y50.526 E.03698
G1 X60.722 Y50.31 E.02837
G1 X60.97 Y50.22 E.0245
;WIDTH:0.676864
G1 X61.263 Y50.188 E.02645
;WIDTH:0.663626
G1 X162.002 Y50.19 E8.84108
;WIDTH:0.697759
G1 X162.272 Y50.258 E.02586
;WIDTH:0.70246
G1 X162.462 Y50.369 E.02059
G1 X162.634 Y50.577 E.02526
;WIDTH:0.69779
G1 X162.72 Y51.067 E.0462
;WIDTH:0.663629
G1 X162.72 Y156.807 E9.28002
;WIDTH:0.697789
G1 X162.598 Y157.186 E.03698
G1 X162.382 Y157.402 E.02837
G1 X162.049 Y157.513 E.0326
;WIDTH:0.672463
G1 X161.841 Y157.524 E.01856
;WIDTH:0.663629
G1 X131.552 Y157.524 E2.65824
G1 X130.6 Y157.524 E.07957
G1 X129.647 Y157.524 E.07567
G1 X128.695 Y157.524 E.07161
G1 X127.743 Y157.524 E.06764
G1 X126.79 Y157.524 E.06372
G1 X125.838 Y157.524 E.05968
G1 X124.885 Y157.524 E.05576
G1 X123.933 Y157.524 E.05172
G1 X122.981 Y157.524 E.04774
G1 X122.028 Y157.524 E.04381
G1 X121.076 Y157.524 E.03979
G1 X120.124 Y157.524 E.03581
G1 X119.171 Y157.524 E.03186
G1 X118.219 Y157.524 E.02785
G1 X117.266 Y157.524 E.0239
G1 X116.314 Y157.524 E.01989
G1 X115.362 Y157.524 E.01591
G1 X114.409 Y157.524 E.01195
G1 X113.457 Y157.524 E.00796
G1 X112.504 Y157.524 E.00398
G1 X111.642 Y157.524 E.07565
;LAYER_CHANGE
;Z:9.66
;HEIGHT:0.36
;BEFORE_LAYER_CHANGE
G92 E0
;9.66


;WIPE_START
G1 F9600
G1 X111.552 Y157.524 E-.01603
G1 X107.151 Y157.524 E-.78397
;WIPE_END
G1 Z9.66 F12000
;AFTER_LAYER_CHANGE
;9.66
G1 X131.552 Y156.938
G1 Z9.3
G1 E.8 F1800
G1 F2661
G1 X130.552 Y156.938 Z9.318 E.00439
G1 X129.552 Y156.938 Z9.336 E.00878
G1 X128.552 Y156.938 Z9.354 E.01316
G1 X127.552 Y156.938 Z9.372 E.01755
G1 X126.552 Y156.938 Z9.39 E.02194
G1 X125.552 Y156.938 Z9.408 E.02633
G1 X124.552 Y156.938 Z9.426 E.03072
G1 X123.552 Y156.938 Z9.444 E.03511
G1 X122.552 Y156.938 Z9.462 E.03949
G1 X121.552 Y156.938 Z9.48 E.04388
G1 X120.552 Y156.938 Z9.498 E.04827
G1 X119.552 Y156.938 Z9.516 E.05266
G1 X118.552 Y156.938 Z9.534 E.05705
G1 X117.552 Y156.938 Z9.552 E.06143
G1 X116.552 Y156.938 Z9.57 E.06582
G1 X115.552 Y156.938 Z9.588 E.07021
G1 X114.552 Y156.938 Z9.606 E.0746
G1 X113.552 Y156.938 Z9.624 E.07899
G1 X112.552 Y156.938 Z9.642 E.08337
G1 X111.552 Y156.938 Z9.66 E.08776
G1 X61.263 Y156.938 E4.4135
;WIDTH:0.69779
G1 X61.082 Y156.896 E.01726
G1 X60.97 Y156.736 E.01814
;WIDTH:0.663629
G1 X60.97 Y51.067 E9.27379
;WIDTH:0.69779
G1 X61.012 Y50.886 E.01726
G1 X61.172 Y50.774 E.01814
;WIDTH:0.663626
G1 X161.841 Y50.775 E8.83493
;WIDTH:0.697758
G1 X162.019 Y50.813 E.0169
G1 X162.092 Y50.886 E.00959
G1 X162.134 Y51.067 E.01726
;WIDTH:0.663629
G1 X162.134 Y156.645 E9.26581
;WIDTH:0.69779
G1 X162.092 Y156.826 E.01726
G1 X162.022 Y156.896 E.00919
G1 X161.841 Y156.938 E.01726
;WIDTH:0.663629
G1 X131.552 Y156.938 E2.65824
G1 X130.552 Y156.938 E.08337
G1 X129.552 Y156.938 E.07899
G1 X128.552 Y156.938 E.0746
G1 X127.552 Y156.938 E.07021
G1 X126.552 Y156.938 E.06582
G1 X125.552 Y156.938 E.06143
G1 X124.552 Y156.938 E.05705
G1 X123.552 Y156.938 E.05266
G1 X122.552 Y156.938 E.04827
G1 X121.552 Y156.938 E.04388
G1 X120.552 Y156.938 E.03949
G1 X119.552 Y156.938 E.03511
G1 X118.552 Y156.938 E.03072
G1 X117.552 Y156.938 E.02633
G1 X116.552 Y156.938 E.02194
G1 X115.552 Y156.938 E.01755
G1 X114.552 Y156.938 E.01316
G1 X113.552 Y156.938 E.00878
G1 X112.552 Y156.938 E.00439
G1 X111.642 Y156.938 E.07986
;WIPE_START
G1 F9600
G1 X111.552 Y156.938 E-.01603
G1 X107.151 Y156.938 E-.78397
;WIPE_END
G1 X131.552 Y157.524 F12000
G1 Z9.3
G1 E.8 F1800
G1 F2661
G1 X130.6 Y157.524 Z9.317 E.00398
G1 X129.647 Y157.524 Z9.334 E.00797
G1 X128.695 Y157.524 Z9.351 E.01194
G1 X127.743 Y157.524 Z9.369 E.01591
G1 X126.79 Y157.524 Z9.386 E.01991
G1 X125.838 Y157.524 Z9.403 E.02387
G1 X124.885 Y157.524 Z9.42 E.02788
G1 X123.933 Y157.524 Z9.437 E.03183
G1 X122.981 Y157.524 Z9.454 E.03581
G1 X122.028 Y157.524 Z9.471 E.03983
G1 X121.076 Y157.524 Z9.489 E.04376
G1 X120.124 Y157.524 Z9.506 E.04774
G1 X119.171 Y157.524 Z9.523 E.05178
G1 X118.219 Y157.524 Z9.54 E.0557
G1 X117.266 Y157.524 Z9.557 E.05974
G1 X116.314 Y157.524 Z9.574 E.06366
G1 X115.362 Y157.524 Z9.591 E.06764
G1 X114.409 Y157.524 Z9.609 E.07169
G1 X113.457 Y157.524 Z9.626 E.07559
G1 X112.504 Y157.524 Z9.643 E.07966
G1 X111.552 Y157.524 Z9.66 E.08355
G1 X61.101 Y157.524 E4.42771
;WIDTH:0.697791
G1 X60.722 Y157.402 E.03698
G1 X60.506 Y157.186 E.02837
G1 X60.416 Y156.938 E.0245
;WIDTH:0.676865
G1 X60.384 Y156.645 E.02645
;WIDTH:0.663629
G1 X60.384 Y50.905 E9.28002
;WIDTH:0.69779
G1 X60.506 Y50.526 E.03698
G1 X60.722 Y50.31 E.02837
G1 X60.97 Y50.22 E.0245
;WIDTH:0.676864
G1 X61.263 Y50.188 E.02645
;WIDTH:0.663626
G1 X162.004 Y50.19 E8.84125
;WIDTH:0.69776
G1 X162.272 Y50.258 E.02568
;WIDTH:0.70246
G1 X162.462 Y50.369 E.02059
G1 X162.634 Y50.577 E.02526
;WIDTH:0.69779
G1 X162.72 Y51.067 E.0462
;WIDTH:0.663629
G1 X162.72 Y156.807 E9.28002
;WIDTH:0.697789
G1 X162.598 Y157.186 E.03698
G1 X162.382 Y157.402 E.02837
G1 X162.049 Y157.513 E.0326
;WIDTH:0.672463
G1 X161.841 Y157.524 E.01856
;WIDTH:0.663629
G1 X131.552 Y157.524 E2.65824
G1 X130.6 Y157.524 E.07957
G1 X129.647 Y157.524 E.07567
G1 X128.695 Y157.524 E.07161
G1 X127.743 Y157.524 E.06764
G1 X126.79 Y157.524 E.06372
G1 X125.838 Y157.524 E.05968
G1 X124.885 Y157.524 E.05576
G1 X123.933 Y157.524 E.05172
G1 X122.981 Y157.524 E.04774
G1 X122.028 Y157.524 E.04381
G1 X121.076 Y157.524 E.03979
G1 X120.124 Y157.524 E.03581
G1 X119.171 Y157.524 E.03186
G1 X118.219 Y157.524 E.02785
G1 X117.266 Y157.524 E.0239
G1 X116.314 Y157.524 E.01989
G1 X115.362 Y157.524 E.01591
G1 X114.409 Y157.524 E.01195
G1 X113.457 Y157.524 E.00796
G1 X112.504 Y157.524 E.00398
G1 X111.642 Y157.524 E.07565
;LAYER_CHANGE
;Z:10.02
;HEIGHT:0.360001
;BEFORE_LAYER_CHANGE
G92 E0
;10.02


;WIPE_START
G1 F9600
G1 X111.552 Y157.524 E-.01603
G1 X107.151 Y157.524 E-.78397
;WIPE_END
G1 Z10.02 F12000
;AFTER_LAYER_CHANGE
;10.02
G1 X131.552 Y156.938
G1 Z9.66
G1 E.8 F1800
G1 F2661
G1 X130.552 Y156.938 Z9.678 E.00439
G1 X129.552 Y156.938 Z9.696 E.00878
G1 X128.552 Y156.938 Z9.714 E.01316
G1 X127.552 Y156.938 Z9.732 E.01755
G1 X126.552 Y156.938 Z9.75 E.02194
G1 X125.552 Y156.938 Z9.768 E.02633
G1 X124.552 Y156.938 Z9.786 E.03072
G1 X123.552 Y156.938 Z9.804 E.03511
G1 X122.552 Y156.938 Z9.822 E.03949
G1 X121.552 Y156.938 Z9.84 E.04388
G1 X120.552 Y156.938 Z9.858 E.04827
G1 X119.552 Y156.938 Z9.876 E.05266
G1 X118.552 Y156.938 Z9.894 E.05705
G1 X117.552 Y156.938 Z9.912 E.06143
G1 X116.552 Y156.938 Z9.93 E.06582
G1 X115.552 Y156.938 Z9.948 E.07021
G1 X114.552 Y156.938 Z9.966 E.0746
G1 X113.552 Y156.938 Z9.984 E.07899
G1 X112.552 Y156.938 Z10.002 E.08337
G1 X111.552 Y156.938 Z10.02 E.08776
G1 X61.263 Y156.938 E4.4135
;WIDTH:0.697791
G1 X61.082 Y156.896 E.01726
G1 X60.97 Y156.736 E.01814
;WIDTH:0.663629
G1 X60.97 Y51.067 E9.27379
;WIDTH:0.69779
G1 X61.012 Y50.886 E.01726
;WIDTH:0.702509
G1 X61.218 Y50.774 E.02194
;WIDTH:0.663626
G1 X161.841 Y50.775 E8.8309
;WIDTH:0.697759
G1 X162.019 Y50.813 E.0169
G1 X162.092 Y50.886 E.00959
G1 X162.134 Y51.067 E.01726
;WIDTH:0.663629
G1 X162.134 Y156.645 E9.26581
;WIDTH:0.697789
G1 X162.092 Y156.826 E.01726
G1 X162.022 Y156.896 E.00919
G1 X161.841 Y156.938 E.01726
;WIDTH:0.663629
G1 X131.552 Y156.938 E2.65824
G1 X130.552 Y156.938 E.08337
G1 X129.552 Y156.938 E.07899
G1 X128.552 Y156.938 E.0746
G1 X127.552 Y156.938 E.07021
G1 X126.552 Y156.938 E.06582
G1 X125.552 Y156.938 E.06143
G1 X124.552 Y156.938 E.05705
G1 X123.552 Y156.938 E.05266
G1 X122.552 Y156.938 E.04827
G1 X121.552 Y156.938 E.04388
G1 X120.552 Y156.938 E.03949
G1 X119.552 Y156.938 E.03511
G1 X118.552 Y156.938 E.03072
G1 X117.552 Y156.938 E.02633
G1 X116.552 Y156.938 E.02194
G1 X115.552 Y156.938 E.01755
G1 X114.552 Y156.938 E.01316
G1 X113.552 Y156.938 E.00878
G1 X112.552 Y156.938 E.00439
G1 X111.642 Y156.938 E.07986
;WIPE_START
G1 F9600
G1 X111.552 Y156.938 E-.01603
G1 X107.151 Y156.938 E-.78397
;WIPE_END
G1 X131.552 Y157.524 F12000
G1 Z9.66
G1 E.8 F1800
G1 F2661
G1 X130.6 Y157.524 Z9.677 E.00398
G1 X129.647 Y157.524 Z9.694 E.00797
G1 X128.695 Y157.524 Z9.711 E.01194
G1 X127.743 Y157.524 Z9.729 E.01591
G1 X126.79 Y157.524 Z9.746 E.01991
G1 X125.838 Y157.524 Z9.763 E.02387
G1 X124.885 Y157.524 Z9.78 E.02788
G1 X123.933 Y157.524 Z9.797 E.03183
G1 X122.981 Y157.524 Z9.814 E.03581
G1 X122.028 Y157.524 Z9.831 E.03983
G1 X121.076 Y157.524 Z9.849 E.04376
G1 X120.124 Y157.524 Z9.866 E.04774
G1 X119.171 Y157.524 Z9.883 E.05178
G1 X118.219 Y157.524 Z9.9 E.0557
G1 X117.266 Y157.524 Z9.917 E.05974
G1 X116.314 Y157.524 Z9.934 E.06366
G1 X115.362 Y157.524 Z9.951 E.06764
G1 X114.409 Y157.524 Z9.969 E.07169
G1 X113.457 Y157.524 Z9.986 E.07559
G1 X112.504 Y157.524 Z10.003 E.07966
G1 X111.552 Y157.524 Z10.02 E.08355
G1 X61.101 Y157.524 E4.42771
;WIDTH:0.697791
G1 X60.722 Y157.402 E.03698
G1 X60.506 Y157.186 E.02837
G1 X60.416 Y156.938 E.0245
;WIDTH:0.676864
G1 X60.384 Y156.645 E.02645
;WIDTH:0.663629
G1 X60.384 Y50.905 E9.28002
;WIDTH:0.69779
G1 X60.506 Y50.526 E.03698
G1 X60.722 Y50.31 E.02837
G1 X60.97 Y50.22 E.0245
;WIDTH:0.676864
G1 X61.263 Y50.188 E.02645
;WIDTH:0.663626
G1 X162.005 Y50.19 E8.84134
;WIDTH:0.697759
G1 X162.272 Y50.258 E.02559
;WIDTH:0.702461
G1 X162.462 Y50.369 E.02059
G1 X162.634 Y50.577 E.02526
;WIDTH:0.69779
G1 X162.72 Y51.067 E.0462
;WIDTH:0.663629
G1 X162.72 Y156.807 E9.28002
;WIDTH:0.697789
G1 X162.598 Y157.186 E.03698
G1 X162.382 Y157.402 E.02837
G1 X162.049 Y157.513 E.0326
;WIDTH:0.672463
G1 X161.841 Y157.524 E.01856
;WIDTH:0.663629
G1 X131.552 Y157.524 E2.65824
G1 X130.6 Y157.524 E.07957
G1 X129.647 Y157.524 E.07567
G1 X128.695 Y157.524 E.07161
G1 X127.743 Y157.524 E.06764
G1 X126.79 Y157.524 E.06372
G1 X125.838 Y157.524 E.05968
G1 X124.885 Y157.524 E.05576
G1 X123.933 Y157.524 E.05172
G1 X122.981 Y157.524 E.04774
G1 X122.028 Y157.524 E.04381
G1 X121.076 Y157.524 E.03979
G1 X120.124 Y157.524 E.03581
G1 X119.171 Y157.524 E.03186
G1 X118.219 Y157.524 E.02785
G1 X117.266 Y157.524 E.0239
G1 X116.314 Y157.524 E.01989
G1 X115.362 Y157.524 E.01591
G1 X114.409 Y157.524 E.01195
G1 X113.457 Y157.524 E.00796
G1 X112.504 Y157.524 E.00398
G1 X111.642 Y157.524 E.07565
;LAYER_CHANGE
;Z:10.38
;HEIGHT:0.36
;BEFORE_LAYER_CHANGE
G92 E0
;10.38


;WIPE_START
G1 F9600
G1 X111.552 Y157.524 E-.01603
G1 X107.151 Y157.524 E-.78397
;WIPE_END
G1 Z10.38 F12000
;AFTER_LAYER_CHANGE
;10.38
G1 X131.552 Y156.938
G1 Z10.02
G1 E.8 F1800
G1 F2661
G1 X130.552 Y156.938 Z10.038 E.00439
G1 X129.552 Y156.938 Z10.056 E.00878
G1 X128.552 Y156.938 Z10.074 E.01316
G1 X127.552 Y156.938 Z10.092 E.01755
G1 X126.552 Y156.938 Z10.11 E.02194
G1 X125.552 Y156.938 Z10.128 E.02633
G1 X124.552 Y156.938 Z10.146 E.03072
G1 X123.552 Y156.938 Z10.164 E.03511
G1 X122.552 Y156.938 Z10.182 E.03949
G1 X121.552 Y156.938 Z10.2 E.04388
G1 X120.552 Y156.938 Z10.218 E.04827
G1 X119.552 Y156.938 Z10.236 E.05266
G1 X118.552 Y156.938 Z10.254 E.05705
G1 X117.552 Y156.938 Z10.272 E.06143
G1 X116.552 Y156.938 Z10.29 E.06582
G1 X115.552 Y156.938 Z10.308 E.07021
G1 X114.552 Y156.938 Z10.326 E.0746
G1 X113.552 Y156.938 Z10.344 E.07899
G1 X112.552 Y156.938 Z10.362 E.08337
G1 X111.552 Y156.938 Z10.38 E.08776
G1 X61.263 Y156.938 E4.4135
;WIDTH:0.697791
G1 X61.082 Y156.896 E.01726
G1 X60.97 Y156.736 E.01814
;WIDTH:0.663629
G1 X60.97 Y51.067 E9.27379
;WIDTH:0.697791
G1 X61.012 Y50.886 E.01726
;WIDTH:0.702509
G1 X61.218 Y50.774 E.02194
;WIDTH:0.663626
G1 X161.841 Y50.775 E8.8309
;WIDTH:0.697759
G1 X162.019 Y50.813 E.0169
G1 X162.092 Y50.886 E.00959
G1 X162.134 Y51.067 E.01726
;WIDTH:0.663629
G1 X162.134 Y156.645 E9.26581
;WIDTH:0.69779
G1 X162.092 Y156.826 E.01726
G1 X162.022 Y156.896 E.00919
G1 X161.841 Y156.938 E.01726
;WIDTH:0.663629
G1 X131.552 Y156.938 E2.65824
G1 X130.552 Y156.938 E.08337
G1 X129.552 Y156.938 E.07899
G1 X128.552 Y156.938 E.0746
G1 X127.552 Y156.938 E.07021
G1 X126.552 Y156.938 E.06582
G1 X125.552 Y156.938 E.06143
G1 X124.552 Y156.938 E.05705
G1 X123.552 Y156.938 E.05266
G1 X122.552 Y156.938 E.04827
G1 X121.552 Y156.938 E.04388
G1 X120.552 Y156.938 E.03949
G1 X119.552 Y156.938 E.03511
G1 X118.552 Y156.938 E.03072
G1 X117.552 Y156.938 E.02633
G1 X116.552 Y156.938 E.02194
G1 X115.552 Y156.938 E.01755
G1 X114.552 Y156.938 E.01316
G1 X113.552 Y156.938 E.00878
G1 X112.552 Y156.938 E.00439
G1 X111.642 Y156.938 E.07986
;WIPE_START
G1 F9600
G1 X111.552 Y156.938 E-.01603
G1 X107.151 Y156.938 E-.78397
;WIPE_END
G1 X131.552 Y157.524 F12000
G1 Z10.02
G1 E.8 F1800
G1 F2661
G1 X130.6 Y157.524 Z10.037 E.00398
G1 X129.647 Y157.524 Z10.054 E.00797
G1 X128.695 Y157.524 Z10.071 E.01194
G1 X127.743 Y157.524 Z10.089 E.01591
G1 X126.79 Y157.524 Z10.106 E.01991
G1 X125.838 Y157.524 Z10.123 E.02387
G1 X124.885 Y157.524 Z10.14 E.02788
G1 X123.933 Y157.524 Z10.157 E.03183
G1 X122.981 Y157.524 Z10.174 E.03581
G1 X122.028 Y157.524 Z10.191 E.03983
G1 X121.076 Y157.524 Z10.209 E.04376
G1 X120.124 Y157.524 Z10.226 E.04774
G1 X119.171 Y157.524 Z10.243 E.05178
G1 X118.219 Y157.524 Z10.26 E.0557
G1 X117.266 Y157.524 Z10.277 E.05974
G1 X116.314 Y157.524 Z10.294 E.06366
G1 X115.362 Y157.524 Z10.311 E.06764
G1 X114.409 Y157.524 Z10.329 E.07169
G1 X113.457 Y157.524 Z10.346 E.07559
G1 X112.504 Y157.524 Z10.363 E.07966
G1 X111.552 Y157.524 Z10.38 E.08355
G1 X61.101 Y157.524 E4.42771
;WIDTH:0.69779
G1 X60.722 Y157.402 E.03698
G1 X60.506 Y157.186 E.02837
G1 X60.416 Y156.938 E.0245
;WIDTH:0.676864
G1 X60.384 Y156.645 E.02645
;WIDTH:0.663629
G1 X60.384 Y50.905 E9.28002
;WIDTH:0.69779
G1 X60.506 Y50.526 E.03698
G1 X60.722 Y50.31 E.02837
G1 X60.97 Y50.22 E.0245
;WIDTH:0.676864
G1 X61.263 Y50.188 E.02645
;WIDTH:0.663626
G1 X162.006 Y50.19 E8.84143
;WIDTH:0.69776
G1 X162.272 Y50.257 E.02548
;WIDTH:0.702461
G1 X162.462 Y50.369 E.02064
G1 X162.634 Y50.577 E.02526
;WIDTH:0.69779
G1 X162.72 Y51.067 E.0462
;WIDTH:0.663629
G1 X162.72 Y156.807 E9.28002
;WIDTH:0.697789
G1 X162.598 Y157.186 E.03698
G1 X162.382 Y157.402 E.02837
G1 X162.049 Y157.513 E.0326
;WIDTH:0.672463
G1 X161.841 Y157.524 E.01856
;WIDTH:0.663629
G1 X131.552 Y157.524 E2.65824
G1 X130.6 Y157.524 E.07957
G1 X129.647 Y157.524 E.07567
G1 X128.695 Y157.524 E.07161
G1 X127.743 Y157.524 E.06764
G1 X126.79 Y157.524 E.06372
G1 X125.838 Y157.524 E.05968
G1 X124.885 Y157.524 E.05576
G1 X123.933 Y157.524 E.05172
G1 X122.981 Y157.524 E.04774
G1 X122.028 Y157.524 E.04381
G1 X121.076 Y157.524 E.03979
G1 X120.124 Y157.524 E.03581
G1 X119.171 Y157.524 E.03186
G1 X118.219 Y157.524 E.02785
G1 X117.266 Y157.524 E.0239
G1 X116.314 Y157.524 E.01989
G1 X115.362 Y157.524 E.01591
G1 X114.409 Y157.524 E.01195
G1 X113.457 Y157.524 E.00796
G1 X112.504 Y157.524 E.00398
G1 X111.642 Y157.524 E.07565
;LAYER_CHANGE
;Z:10.74
;HEIGHT:0.36
;BEFORE_LAYER_CHANGE
G92 E0
;10.74


;WIPE_START
G1 F9600
G1 X111.552 Y157.524 E-.01603
G1 X107.151 Y157.524 E-.78397
;WIPE_END
G1 Z10.74 F12000
;AFTER_LAYER_CHANGE
;10.74
G1 X131.552 Y156.938
G1 Z10.38
G1 E.8 F1800
G1 F2661
G1 X130.552 Y156.938 Z10.398 E.00439
G1 X129.552 Y156.938 Z10.416 E.00878
G1 X128.552 Y156.938 Z10.434 E.01316
G1 X127.552 Y156.938 Z10.452 E.01755
G1 X126.552 Y156.938 Z10.47 E.02194
G1 X125.552 Y156.938 Z10.488 E.02633
G1 X124.552 Y156.938 Z10.506 E.03072
G1 X123.552 Y156.938 Z10.524 E.03511
G1 X122.552 Y156.938 Z10.542 E.03949
G1 X121.552 Y156.938 Z10.56 E.04388
G1 X120.552 Y156.938 Z10.578 E.04827
G1 X119.552 Y156.938 Z10.596 E.05266
G1 X118.552 Y156.938 Z10.614 E.05705
G1 X117.552 Y156.938 Z10.632 E.06143
G1 X116.552 Y156.938 Z10.65 E.06582
G1 X115.552 Y156.938 Z10.668 E.07021
G1 X114.552 Y156.938 Z10.686 E.0746
G1 X113.552 Y156.938 Z10.704 E.07899
G1 X112.552 Y156.938 Z10.722 E.08337
G1 X111.552 Y156.938 Z10.74 E.08776
G1 X61.263 Y156.938 E4.4135
;WIDTH:0.69779
G1 X61.082 Y156.896 E.01726
G1 X60.97 Y156.736 E.01814
;WIDTH:0.663629
G1 X60.97 Y51.067 E9.27379
;WIDTH:0.697791
G1 X61.012 Y50.886 E.01726
G1 X61.082 Y50.816 E.00919
G1 X61.191 Y50.774 E.01085
;WIDTH:0.663626
G1 X161.841 Y50.775 E8.83327
;WIDTH:0.697759
G1 X162.019 Y50.813 E.0169
G1 X162.092 Y50.886 E.00959
G1 X162.134 Y51.067 E.01726
;WIDTH:0.663629
G1 X162.134 Y156.645 E9.26581
;WIDTH:0.697789
G1 X162.092 Y156.826 E.01726
G1 X162.022 Y156.896 E.00919
G1 X161.841 Y156.938 E.01726
;WIDTH:0.663629
G1 X131.552 Y156.938 E2.65824
G1 X130.552 Y156.938 E.08337
G1 X129.552 Y156.938 E.07899
G1 X128.552 Y156.938 E.0746
G1 X127.552 Y156.938 E.07021
G1 X126.552 Y156.938 E.06582
G1 X125.552 Y156.938 E.06143
G1 X124.552 Y156.938 E.05705
G1 X123.552 Y156.938 E.05266
G1 X122.552 Y156.938 E.04827
G1 X121.552 Y156.938 E.04388
G1 X120.552 Y156.938 E.03949
G1 X119.552 Y156.938 E.03511
G1 X118.552 Y156.938 E.03072
G1 X117.552 Y156.938 E.02633
G1 X116.552 Y156.938 E.02194
G1 X115.552 Y156.938 E.01755
G1 X114.552 Y156.938 E.01316
G1 X113.552 Y156.938 E.00878
G1 X112.552 Y156.938 E.00439
G1 X111.642 Y156.938 E.07986
;WIPE_START
G1 F9600
G1 X111.552 Y156.938 E-.01603
G1 X107.151 Y156.938 E-.78397
;WIPE_END
G1 X131.552 Y157.524 F12000
G1 Z10.38
G1 E.8 F1800
G1 F2661
G1 X130.6 Y157.524 Z10.397 E.00398
G1 X129.647 Y157.524 Z10.414 E.00797
G1 X128.695 Y157.524 Z10.431 E.01194
G1 X127.743 Y157.524 Z10.449 E.01591
G1 X126.79 Y157.524 Z10.466 E.01991
G1 X125.838 Y157.524 Z10.483 E.02387
G1 X124.885 Y157.524 Z10.5 E.02788
G1 X123.933 Y157.524 Z10.517 E.03183
G1 X122.981 Y157.524 Z10.534 E.03581
G1 X122.028 Y157.524 Z10.551 E.03983
G1 X121.076 Y157.524 Z10.569 E.04376
G1 X120.124 Y157.524 Z10.586 E.04774
G1 X119.171 Y157.524 Z10.603 E.05178
G1 X118.219 Y157.524 Z10.62 E.0557
G1 X117.266 Y157.524 Z10.637 E.05974
G1 X116.314 Y157.524 Z10.654 E.06366
G1 X115.362 Y157.524 Z10.671 E.06764
G1 X114.409 Y157.524 Z10.689 E.07169
G1 X113.457 Y157.524 Z10.706 E.07559
G1 X112.504 Y157.524 Z10.723 E.07966
G1 X111.552 Y157.524 Z10.74 E.08355
G1 X61.101 Y157.524 E4.42771
;WIDTH:0.697791
G1 X60.722 Y157.402 E.03698
G1 X60.506 Y157.186 E.02837
G1 X60.416 Y156.938 E.0245
;WIDTH:0.676864
G1 X60.384 Y156.645 E.02645
;WIDTH:0.663629
G1 X60.384 Y50.905 E9.28002
;WIDTH:0.697791
G1 X60.506 Y50.526 E.03698
G1 X60.722 Y50.31 E.02837
G1 X60.97 Y50.22 E.0245
;WIDTH:0.676864
G1 X61.263 Y50.188 E.02645
;WIDTH:0.663626
G1 X162.008 Y50.19 E8.8416
;WIDTH:0.69776
G1 X162.272 Y50.257 E.0253
;WIDTH:0.70246
G1 X162.462 Y50.369 E.02064
G1 X162.634 Y50.577 E.02526
;WIDTH:0.69779
G1 X162.72 Y51.067 E.0462
;WIDTH:0.663629
G1 X162.72 Y156.807 E9.28002
;WIDTH:0.69779
G1 X162.598 Y157.186 E.03698
G1 X162.382 Y157.402 E.02837
G1 X162.049 Y157.513 E.0326
;WIDTH:0.672462
G1 X161.841 Y157.524 E.01856
;WIDTH:0.663629
G1 X131.552 Y157.524 E2.65824
G1 X130.6 Y157.524 E.07957
G1 X129.647 Y157.524 E.07567
G1 X128.695 Y157.524 E.07161
G1 X127.743 Y157.524 E.06764
G1 X126.79 Y157.524 E.06372
G1 X125.838 Y157.524 E.05968
G1 X124.885 Y157.524 E.05576
G1 X123.933 Y157.524 E.05172
G1 X122.981 Y157.524 E.04774
G1 X122.028 Y157.524 E.04381
G1 X121.076 Y157.524 E.03979
G1 X120.124 Y157.524 E.03581
G1 X119.171 Y157.524 E.03186
G1 X118.219 Y157.524 E.02785
G1 X117.266 Y157.524 E.0239
G1 X116.314 Y157.524 E.01989
G1 X115.362 Y157.524 E.01591
G1 X114.409 Y157.524 E.01195
G1 X113.457 Y157.524 E.00796
G1 X112.504 Y157.524 E.00398
G1 X111.642 Y157.524 E.07565
;LAYER_CHANGE
;Z:11.1
;HEIGHT:0.360001
;BEFORE_LAYER_CHANGE
G92 E0
;11.1


;WIPE_START
G1 F9600
G1 X111.552 Y157.524 E-.01603
G1 X107.151 Y157.524 E-.78397
;WIPE_END
G1 Z11.1 F12000
;AFTER_LAYER_CHANGE
;11.1
G1 X131.552 Y156.938
G1 Z10.74
G1 E.8 F1800
G1 F2661
G1 X130.552 Y156.938 Z10.758 E.00439
G1 X129.552 Y156.938 Z10.776 E.00878
G1 X128.552 Y156.938 Z10.794 E.01316
G1 X127.552 Y156.938 Z10.812 E.01755
G1 X126.552 Y156.938 Z10.83 E.02194
G1 X125.552 Y156.938 Z10.848 E.02633
G1 X124.552 Y156.938 Z10.866 E.03072
G1 X123.552 Y156.938 Z10.884 E.03511
G1 X122.552 Y156.938 Z10.902 E.03949
G1 X121.552 Y156.938 Z10.92 E.04388
G1 X120.552 Y156.938 Z10.938 E.04827
G1 X119.552 Y156.938 Z10.956 E.05266
G1 X118.552 Y156.938 Z10.974 E.05705
G1 X117.552 Y156.938 Z10.992 E.06143
G1 X116.552 Y156.938 Z11.01 E.06582
G1 X115.552 Y156.938 Z11.028 E.07021
G1 X114.552 Y156.938 Z11.046 E.0746
G1 X113.552 Y156.938 Z11.064 E.07899
G1 X112.552 Y156.938 Z11.082 E.08337
G1 X111.552 Y156.938 Z11.1 E.08776
G1 X61.263 Y156.938 E4.4135
;WIDTH:0.69779
G1 X61.082 Y156.896 E.01726
G1 X60.97 Y156.736 E.01814
;WIDTH:0.663629
G1 X60.97 Y51.067 E9.27379
;WIDTH:0.697791
G1 X61.012 Y50.886 E.01726
G1 X61.082 Y50.816 E.00919
G1 X61.191 Y50.774 E.01085
;WIDTH:0.663626
G1 X161.841 Y50.775 E8.83327
;WIDTH:0.697758
G1 X162.019 Y50.813 E.0169
G1 X162.092 Y50.886 E.00959
G1 X162.134 Y51.067 E.01726
;WIDTH:0.663629
G1 X162.134 Y156.645 E9.26581
;WIDTH:0.697791
G1 X162.092 Y156.826 E.01726
G1 X162.022 Y156.896 E.00919
G1 X161.841 Y156.938 E.01726
;WIDTH:0.663629
G1 X131.552 Y156.938 E2.65824
G1 X130.552 Y156.938 E.08337
G1 X129.552 Y156.938 E.07899
G1 X128.552 Y156.938 E.0746
G1 X127.552 Y156.938 E.07021
G1 X126.552 Y156.938 E.06582
G1 X125.552 Y156.938 E.06143
G1 X124.552 Y156.938 E.05705
G1 X123.552 Y156.938 E.05266
G1 X122.552 Y156.938 E.04827
G1 X121.552 Y156.938 E.04388
G1 X120.552 Y156.938 E.03949
G1 X119.552 Y156.938 E.03511
G1 X118.552 Y156.938 E.03072
G1 X117.552 Y156.938 E.02633
G1 X116.552 Y156.938 E.02194
G1 X115.552 Y156.938 E.01755
G1 X114.552 Y156.938 E.01316
G1 X113.552 Y156.938 E.00878
G1 X112.552 Y156.938 E.00439
G1 X111.642 Y156.938 E.07986
;WIPE_START
G1 F9600
G1 X111.552 Y156.938 E-.01603
G1 X107.151 Y156.938 E-.78397
;WIPE_END
G1 X131.552 Y157.524 F12000
G1 Z10.74
G1 E.8 F1800
G1 F2661
G1 X130.552 Y157.524 Z10.758 E.00439
G1 X129.552 Y157.524 Z10.776 E.00878
G1 X128.552 Y157.524 Z10.794 E.01316
G1 X127.552 Y157.524 Z10.812 E.01755
G1 X126.552 Y157.524 Z10.83 E.02194
G1 X125.552 Y157.524 Z10.848 E.02633
G1 X124.552 Y157.524 Z10.866 E.03072
G1 X123.552 Y157.524 Z10.884 E.03511
G1 X122.552 Y157.524 Z10.902 E.03949
G1 X121.552 Y157.524 Z10.92 E.04388
G1 X120.552 Y157.524 Z10.938 E.04827
G1 X119.552 Y157.524 Z10.956 E.05266
G1 X118.552 Y157.524 Z10.974 E.05705
G1 X117.552 Y157.524 Z10.992 E.06143
G1 X116.552 Y157.524 Z11.01 E.06582
G1 X115.552 Y157.524 Z11.028 E.07021
G1 X114.552 Y157.524 Z11.046 E.0746
G1 X113.552 Y157.524 Z11.064 E.07899
G1 X112.552 Y157.524 Z11.082 E.08337
G1 X111.552 Y157.524 Z11.1 E.08776
G1 X61.101 Y157.524 E4.42771
;WIDTH:0.697791
G1 X60.722 Y157.402 E.03698
G1 X60.506 Y157.186 E.02837
G1 X60.416 Y156.938 E.0245
;WIDTH:0.676864
G1 X60.384 Y156.645 E.02645
;WIDTH:0.663629
G1 X60.384 Y50.905 E9.28002
;WIDTH:0.69779
G1 X60.506 Y50.526 E.03698
G1 X60.722 Y50.31 E.02837
G1 X60.97 Y50.22 E.0245
;WIDTH:0.676864
G1 X61.263 Y50.188 E.02645
;WIDTH:0.663626
G1 X162.009 Y50.19 E8.84169
;WIDTH:0.697761
G1 X162.272 Y50.257 E.02521
;WIDTH:0.70246
G1 X162.462 Y50.369 E.02064
G1 X162.634 Y50.577 E.02526
;WIDTH:0.697789
G1 X162.72 Y51.067 E.0462
;WIDTH:0.663629
G1 X162.72 Y156.807 E9.28002
;WIDTH:0.69779
G1 X162.598 Y157.186 E.03698
G1 X162.382 Y157.402 E.02837
G1 X162.049 Y157.513 E.0326
;WIDTH:0.672463
G1 X161.841 Y157.524 E.01856
;WIDTH:0.663629
G1 X131.552 Y157.524 E2.65824
G1 X130.552 Y157.524 E.08337
G1 X129.552 Y157.524 E.07899
G1 X128.552 Y157.524 E.0746
G1 X127.552 Y157.524 E.07021
G1 X126.552 Y157.524 E.06582
G1 X125.552 Y157.524 E.06143
G1 X124.552 Y157.524 E.05705
G1 X123.552 Y157.524 E.05266
G1 X122.552 Y157.524 E.04827
G1 X121.552 Y157.524 E.04388
G1 X120.552 Y157.524 E.03949
G1 X119.552 Y157.524 E.03511
G1 X118.552 Y157.524 E.03072
G1 X117.552 Y157.524 E.02633
G1 X116.552 Y157.524 E.02194
G1 X115.552 Y157.524 E.01755
G1 X114.552 Y157.524 E.01316
G1 X113.552 Y157.524 E.00878
G1 X112.552 Y157.524 E.00439
G1 X111.642 Y157.524 E.07986
;LAYER_CHANGE
;Z:11.46
;HEIGHT:0.36
;BEFORE_LAYER_CHANGE
G92 E0
;11.46


;WIPE_START
G1 F9600
G1 X111.552 Y157.524 E-.01603
G1 X107.151 Y157.524 E-.78397
;WIPE_END
G1 Z11.46 F12000
;AFTER_LAYER_CHANGE
;11.46
G1 X131.552 Y156.938
G1 Z11.1
G1 E.8 F1800
G1 F2661
G1 X130.552 Y156.938 Z11.118 E.00439
G1 X129.552 Y156.938 Z11.136 E.00878
G1 X128.552 Y156.938 Z11.154 E.01316
G1 X127.552 Y156.938 Z11.172 E.01755
G1 X126.552 Y156.938 Z11.19 E.02194
G1 X125.552 Y156.938 Z11.208 E.02633
G1 X124.552 Y156.938 Z11.226 E.03072
G1 X123.552 Y156.938 Z11.244 E.03511
G1 X122.552 Y156.938 Z11.262 E.03949
G1 X121.552 Y156.938 Z11.28 E.04388
G1 X120.552 Y156.938 Z11.298 E.04827
G1 X119.552 Y156.938 Z11.316 E.05266
G1 X118.552 Y156.938 Z11.334 E.05705
G1 X117.552 Y156.938 Z11.352 E.06143
G1 X116.552 Y156.938 Z11.37 E.06582
G1 X115.552 Y156.938 Z11.388 E.07021
G1 X114.552 Y156.938 Z11.406 E.0746
G1 X113.552 Y156.938 Z11.424 E.07899
G1 X112.552 Y156.938 Z11.442 E.08337
G1 X111.552 Y156.938 Z11.46 E.08776
G1 X61.263 Y156.938 E4.4135
;WIDTH:0.69779
G1 X61.082 Y156.896 E.01726
G1 X60.97 Y156.736 E.01814
;WIDTH:0.663629
G1 X60.97 Y51.067 E9.27379
;WIDTH:0.697791
G1 X61.012 Y50.886 E.01726
G1 X61.082 Y50.816 E.00919
G1 X61.191 Y50.774 E.01085
;WIDTH:0.663626
G1 X161.841 Y50.775 E8.83327
;WIDTH:0.697758
G1 X162.019 Y50.813 E.0169
G1 X162.092 Y50.886 E.00959
G1 X162.134 Y51.067 E.01726
;WIDTH:0.663629
G1 X162.134 Y156.645 E9.26581
;WIDTH:0.69779
G1 X162.092 Y156.826 E.01726
G1 X162.022 Y156.896 E.00919
G1 X161.841 Y156.938 E.01726
;WIDTH:0.663629
G1 X131.552 Y156.938 E2.65824
G1 X130.552 Y156.938 E.08337
G1 X129.552 Y156.938 E.07899
G1 X128.552 Y156.938 E.0746
G1 X127.552 Y156.938 E.07021
G1 X126.552 Y156.938 E.06582
G1 X125.552 Y156.938 E.06143
G1 X124.552 Y156.938 E.05705
G1 X123.552 Y156.938 E.05266
G1 X122.552 Y156.938 E.04827
G1 X121.552 Y156.938 E.04388
G1 X120.552 Y156.938 E.03949
G1 X119.552 Y156.938 E.03511
G1 X118.552 Y156.938 E.03072
G1 X117.552 Y156.938 E.02633
G1 X116.552 Y156.938 E.02194
G1 X115.552 Y156.938 E.01755
G1 X114.552 Y156.938 E.01316
G1 X113.552 Y156.938 E.00878
G1 X112.552 Y156.938 E.00439
G1 X111.642 Y156.938 E.07986
;WIPE_START
G1 F9600
G1 X111.552 Y156.938 E-.01603
G1 X107.151 Y156.938 E-.78397
;WIPE_END
G1 X131.552 Y157.524 F12000
G1 Z11.1
G1 E.8 F1800
G1 F2661
G1 X130.552 Y157.524 Z11.118 E.00439
G1 X129.552 Y157.524 Z11.136 E.00878
G1 X128.552 Y157.524 Z11.154 E.01316
G1 X127.552 Y157.524 Z11.172 E.01755
G1 X126.552 Y157.524 Z11.19 E.02194
G1 X125.552 Y157.524 Z11.208 E.02633
G1 X124.552 Y157.524 Z11.226 E.03072
G1 X123.552 Y157.524 Z11.244 E.03511
G1 X122.552 Y157.524 Z11.262 E.03949
G1 X121.552 Y157.524 Z11.28 E.04388
G1 X120.552 Y157.524 Z11.298 E.04827
G1 X119.552 Y157.524 Z11.316 E.05266
G1 X118.552 Y157.524 Z11.334 E.05705
G1 X117.552 Y157.524 Z11.352 E.06143
G1 X116.552 Y157.524 Z11.37 E.06582
G1 X115.552 Y157.524 Z11.388 E.07021
G1 X114.552 Y157.524 Z11.406 E.0746
G1 X113.552 Y157.524 Z11.424 E.07899
G1 X112.552 Y157.524 Z11.442 E.08337
G1 X111.552 Y157.524 Z11.46 E.08776
G1 X61.101 Y157.524 E4.42771
;WIDTH:0.69779
G1 X60.722 Y157.402 E.03698
G1 X60.506 Y157.186 E.02837
G1 X60.416 Y156.938 E.0245
;WIDTH:0.676865
G1 X60.384 Y156.645 E.02645
;WIDTH:0.663629
G1 X60.384 Y50.905 E9.28002
;WIDTH:0.69779
G1 X60.506 Y50.526 E.03698
G1 X60.722 Y50.31 E.02837
G1 X60.97 Y50.22 E.0245
;WIDTH:0.676864
G1 X61.263 Y50.188 E.02645
;WIDTH:0.663626
G1 X162.011 Y50.19 E8.84187
;WIDTH:0.697763
G1 X162.272 Y50.257 E.02503
;WIDTH:0.70246
G1 X162.462 Y50.369 E.02064
G1 X162.634 Y50.577 E.02526
;WIDTH:0.69779
G1 X162.72 Y51.067 E.0462
;WIDTH:0.663629
G1 X162.72 Y156.807 E9.28002
;WIDTH:0.697789
G1 X162.598 Y157.186 E.03698
G1 X162.382 Y157.402 E.02837
G1 X162.049 Y157.513 E.0326
;WIDTH:0.672463
G1 X161.841 Y157.524 E.01856
;WIDTH:0.663629
G1 X131.552 Y157.524 E2.65824
G1 X130.552 Y157.524 E.08337
G1 X129.552 Y157.524 E.07899
G1 X128.552 Y157.524 E.0746
G1 X127.552 Y157.524 E.07021
G1 X126.552 Y157.524 E.06582
G1 X125.552 Y157.524 E.06143
G1 X124.552 Y157.524 E.05705
G1 X123.552 Y157.524 E.05266
G1 X122.552 Y157.524 E.04827
G1 X121.552 Y157.524 E.04388
G1 X120.552 Y157.524 E.03949
G1 X119.552 Y157.524 E.03511
G1 X118.552 Y157.524 E.03072
G1 X117.552 Y157.524 E.02633
G1 X116.552 Y157.524 E.02194
G1 X115.552 Y157.524 E.01755
G1 X114.552 Y157.524 E.01316
G1 X113.552 Y157.524 E.00878
G1 X112.552 Y157.524 E.00439
G1 X111.642 Y157.524 E.07986
;LAYER_CHANGE
;Z:11.82
;HEIGHT:0.36
;BEFORE_LAYER_CHANGE
G92 E0
;11.82


;WIPE_START
G1 F9600
G1 X111.552 Y157.524 E-.01603
G1 X107.151 Y157.524 E-.78397
;WIPE_END
G1 Z11.82 F12000
;AFTER_LAYER_CHANGE
;11.82
G1 X131.552 Y156.938
G1 Z11.46
G1 E.8 F1800
G1 F2661
G1 X130.552 Y156.938 Z11.478 E.00439
G1 X129.552 Y156.938 Z11.496 E.00878
G1 X128.552 Y156.938 Z11.514 E.01316
G1 X127.552 Y156.938 Z11.532 E.01755
G1 X126.552 Y156.938 Z11.55 E.02194
G1 X125.552 Y156.938 Z11.568 E.02633
G1 X124.552 Y156.938 Z11.586 E.03072
G1 X123.552 Y156.938 Z11.604 E.03511
G1 X122.552 Y156.938 Z11.622 E.03949
G1 X121.552 Y156.938 Z11.64 E.04388
G1 X120.552 Y156.938 Z11.658 E.04827
G1 X119.552 Y156.938 Z11.676 E.05266
G1 X118.552 Y156.938 Z11.694 E.05705
G1 X117.552 Y156.938 Z11.712 E.06143
G1 X116.552 Y156.938 Z11.73 E.06582
G1 X115.552 Y156.938 Z11.748 E.07021
G1 X114.552 Y156.938 Z11.766 E.0746
G1 X113.552 Y156.938 Z11.784 E.07899
G1 X112.552 Y156.938 Z11.802 E.08337
G1 X111.552 Y156.938 Z11.82 E.08776
G1 X61.263 Y156.938 E4.4135
;WIDTH:0.697791
G1 X61.082 Y156.896 E.01726
G1 X60.97 Y156.736 E.01814
;WIDTH:0.663629
G1 X60.97 Y51.067 E9.27379
;WIDTH:0.697791
G1 X61.012 Y50.886 E.01726
;WIDTH:0.702509
G1 X61.218 Y50.774 E.02194
;WIDTH:0.663626
G1 X161.841 Y50.775 E8.8309
;WIDTH:0.697759
G1 X162.019 Y50.813 E.0169
G1 X162.092 Y50.886 E.00959
G1 X162.134 Y51.067 E.01726
;WIDTH:0.663629
G1 X162.134 Y156.645 E9.26581
;WIDTH:0.69779
G1 X162.092 Y156.826 E.01726
G1 X162.022 Y156.896 E.00919
G1 X161.841 Y156.938 E.01726
;WIDTH:0.663629
G1 X131.552 Y156.938 E2.65824
G1 X130.552 Y156.938 E.08337
G1 X129.552 Y156.938 E.07899
G1 X128.552 Y156.938 E.0746
G1 X127.552 Y156.938 E.07021
G1 X126.552 Y156.938 E.06582
G1 X125.552 Y156.938 E.06143
G1 X124.552 Y156.938 E.05705
G1 X123.552 Y156.938 E.05266
G1 X122.552 Y156.938 E.04827
G1 X121.552 Y156.938 E.04388
G1 X120.552 Y156.938 E.03949
G1 X119.552 Y156.938 E.03511
G1 X118.552 Y156.938 E.03072
G1 X117.552 Y156.938 E.02633
G1 X116.552 Y156.938 E.02194
G1 X115.552 Y156.938 E.01755
G1 X114.552 Y156.938 E.01316
G1 X113.552 Y156.938 E.00878
G1 X112.552 Y156.938 E.00439
G1 X111.642 Y156.938 E.07986
;WIPE_START
G1 F9600
G1 X111.552 Y156.938 E-.01603
G1 X107.151 Y156.938 E-.78397
;WIPE_END
G1 X131.552 Y157.524 F12000
G1 Z11.46
G1 E.8 F1800
G1 F2661
G1 X130.552 Y157.524 Z11.478 E.00439
G1 X129.552 Y157.524 Z11.496 E.00878
G1 X128.552 Y157.524 Z11.514 E.01316
G1 X127.552 Y157.524 Z11.532 E.01755
G1 X126.552 Y157.524 Z11.55 E.02194
G1 X125.552 Y157.524 Z11.568 E.02633
G1 X124.552 Y157.524 Z11.586 E.03072
G1 X123.552 Y157.524 Z11.604 E.03511
G1 X122.552 Y157.524 Z11.622 E.03949
G1 X121.552 Y157.524 Z11.64 E.04388
G1 X120.552 Y157.524 Z11.658 E.04827
G1 X119.552 Y157.524 Z11.676 E.05266
G1 X118.552 Y157.524 Z11.694 E.05705
G1 X117.552 Y157.524 Z11.712 E.06143
G1 X116.552 Y157.524 Z11.73 E.06582
G1 X115.552 Y157.524 Z11.748 E.07021
G1 X114.552 Y157.524 Z11.766 E.0746
G1 X113.552 Y157.524 Z11.784 E.07899
G1 X112.552 Y157.524 Z11.802 E.08337
G1 X111.552 Y157.524 Z11.82 E.08776
G1 X61.101 Y157.524 E4.42771
;WIDTH:0.697791
G1 X60.722 Y157.402 E.03698
G1 X60.506 Y157.186 E.02837
G1 X60.416 Y156.938 E.0245
;WIDTH:0.676863
G1 X60.384 Y156.645 E.02645
;WIDTH:0.663629
G1 X60.384 Y50.905 E9.28002
;WIDTH:0.69779
G1 X60.506 Y50.526 E.03698
G1 X60.722 Y50.31 E.02837
G1 X60.97 Y50.22 E.0245
;WIDTH:0.676864
G1 X61.263 Y50.188 E.02645
;WIDTH:0.663626
G1 X162.012 Y50.19 E8.84195
;WIDTH:0.697764
G1 X162.272 Y50.257 E.02494
;WIDTH:0.70246
G1 X162.462 Y50.369 E.02064
G1 X162.634 Y50.577 E.02526
;WIDTH:0.697789
G1 X162.72 Y51.067 E.0462
;WIDTH:0.663629
G1 X162.72 Y156.807 E9.28002
;WIDTH:0.69779
G1 X162.598 Y157.186 E.03698
G1 X162.382 Y157.402 E.02837
G1 X162.049 Y157.513 E.0326
;WIDTH:0.672463
G1 X161.841 Y157.524 E.01856
;WIDTH:0.663629
G1 X131.552 Y157.524 E2.65824
G1 X130.552 Y157.524 E.08337
G1 X129.552 Y157.524 E.07899
G1 X128.552 Y157.524 E.0746
G1 X127.552 Y157.524 E.07021
G1 X126.552 Y157.524 E.06582
G1 X125.552 Y157.524 E.06143
G1 X124.552 Y157.524 E.05705
G1 X123.552 Y157.524 E.05266
G1 X122.552 Y157.524 E.04827
G1 X121.552 Y157.524 E.04388
G1 X120.552 Y157.524 E.03949
G1 X119.552 Y157.524 E.03511
G1 X118.552 Y157.524 E.03072
G1 X117.552 Y157.524 E.02633
G1 X116.552 Y157.524 E.02194
G1 X115.552 Y157.524 E.01755
G1 X114.552 Y157.524 E.01316
G1 X113.552 Y157.524 E.00878
G1 X112.552 Y157.524 E.00439
G1 X111.642 Y157.524 E.07986
;LAYER_CHANGE
;Z:12.18
;HEIGHT:0.360001
;BEFORE_LAYER_CHANGE
G92 E0
;12.18


;WIPE_START
G1 F9600
G1 X111.552 Y157.524 E-.01603
G1 X107.151 Y157.524 E-.78397
;WIPE_END
G1 Z12.18 F12000
;AFTER_LAYER_CHANGE
;12.18
G1 X131.552 Y156.938
G1 Z11.82
G1 E.8 F1800
G1 F2661
G1 X130.552 Y156.938 Z11.838 E.00439
G1 X129.552 Y156.938 Z11.856 E.00878
G1 X128.552 Y156.938 Z11.874 E.01316
G1 X127.552 Y156.938 Z11.892 E.01755
G1 X126.552 Y156.938 Z11.91 E.02194
G1 X125.552 Y156.938 Z11.928 E.02633
G1 X124.552 Y156.938 Z11.946 E.03072
G1 X123.552 Y156.938 Z11.964 E.03511
G1 X122.552 Y156.938 Z11.982 E.03949
G1 X121.552 Y156.938 Z12 E.04388
G1 X120.552 Y156.938 Z12.018 E.04827
G1 X119.552 Y156.938 Z12.036 E.05266
G1 X118.552 Y156.938 Z12.054 E.05705
G1 X117.552 Y156.938 Z12.072 E.06143
G1 X116.552 Y156.938 Z12.09 E.06582
G1 X115.552 Y156.938 Z12.108 E.07021
G1 X114.552 Y156.938 Z12.126 E.0746
G1 X113.552 Y156.938 Z12.144 E.07899
G1 X112.552 Y156.938 Z12.162 E.08337
G1 X111.552 Y156.938 Z12.18 E.08776
G1 X61.263 Y156.938 E4.4135
;WIDTH:0.697791
G1 X61.082 Y156.896 E.01726
G1 X60.97 Y156.736 E.01814
;WIDTH:0.663629
G1 X60.97 Y51.067 E9.27379
;WIDTH:0.69779
G1 X61.012 Y50.886 E.01726
;WIDTH:0.70251
G1 X61.218 Y50.774 E.02194
;WIDTH:0.663625
G1 X161.841 Y50.775 E8.83088
;WIDTH:0.697759
G1 X162.019 Y50.813 E.0169
G1 X162.092 Y50.886 E.00959
G1 X162.134 Y51.067 E.01726
;WIDTH:0.663629
G1 X162.134 Y156.645 E9.26581
;WIDTH:0.697789
G1 X162.092 Y156.826 E.01726
G1 X162.022 Y156.896 E.00919
G1 X161.841 Y156.938 E.01726
;WIDTH:0.663629
G1 X131.552 Y156.938 E2.65824
G1 X130.552 Y156.938 E.08337
G1 X129.552 Y156.938 E.07899
G1 X128.552 Y156.938 E.0746
G1 X127.552 Y156.938 E.07021
G1 X126.552 Y156.938 E.06582
G1 X125.552 Y156.938 E.06143
G1 X124.552 Y156.938 E.05705
G1 X123.552 Y156.938 E.05266
G1 X122.552 Y156.938 E.04827
G1 X121.552 Y156.938 E.04388
G1 X120.552 Y156.938 E.03949
G1 X119.552 Y156.938 E.03511
G1 X118.552 Y156.938 E.03072
G1 X117.552 Y156.938 E.02633
G1 X116.552 Y156.938 E.02194
G1 X115.552 Y156.938 E.01755
G1 X114.552 Y156.938 E.01316
G1 X113.552 Y156.938 E.00878
G1 X112.552 Y156.938 E.00439
G1 X111.642 Y156.938 E.07986
;WIPE_START
G1 F9600
G1 X111.552 Y156.938 E-.01603
G1 X107.151 Y156.938 E-.78397
;WIPE_END
G1 X131.552 Y157.524 F12000
G1 Z11.82
G1 E.8 F1800
G1 F2661
G1 X130.552 Y157.524 Z11.838 E.00439
G1 X129.552 Y157.524 Z11.856 E.00878
G1 X128.552 Y157.524 Z11.874 E.01316
G1 X127.552 Y157.524 Z11.892 E.01755
G1 X126.552 Y157.524 Z11.91 E.02194
G1 X125.552 Y157.524 Z11.928 E.02633
G1 X124.552 Y157.524 Z11.946 E.03072
G1 X123.552 Y157.524 Z11.964 E.03511
G1 X122.552 Y157.524 Z11.982 E.03949
G1 X121.552 Y157.524 Z12 E.04388
G1 X120.552 Y157.524 Z12.018 E.04827
G1 X119.552 Y157.524 Z12.036 E.05266
G1 X118.552 Y157.524 Z12.054 E.05705
G1 X117.552 Y157.524 Z12.072 E.06143
G1 X116.552 Y157.524 Z12.09 E.06582
G1 X115.552 Y157.524 Z12.108 E.07021
G1 X114.552 Y157.524 Z12.126 E.0746
G1 X113.552 Y157.524 Z12.144 E.07899
G1 X112.552 Y157.524 Z12.162 E.08337
G1 X111.552 Y157.524 Z12.18 E.08776
G1 X61.101 Y157.524 E4.42771
;WIDTH:0.697791
G1 X60.722 Y157.402 E.03698
G1 X60.506 Y157.186 E.02837
G1 X60.416 Y156.938 E.0245
;WIDTH:0.676864
G1 X60.384 Y156.645 E.02645
;WIDTH:0.663629
G1 X60.384 Y50.905 E9.28002
;WIDTH:0.69779
G1 X60.506 Y50.526 E.03698
G1 X60.722 Y50.31 E.02837
G1 X60.97 Y50.22 E.0245
;WIDTH:0.676863
G1 X61.263 Y50.188 E.02645
;WIDTH:0.663625
G1 X162.013 Y50.19 E8.84203
;WIDTH:0.697765
G1 X162.272 Y50.257 E.02485
;WIDTH:0.70246
G1 X162.462 Y50.369 E.02064
G1 X162.634 Y50.577 E.02526
;WIDTH:0.697789
G1 X162.72 Y51.067 E.0462
;WIDTH:0.663629
G1 X162.72 Y156.807 E9.28002
;WIDTH:0.697789
G1 X162.598 Y157.186 E.03698
G1 X162.382 Y157.402 E.02837
G1 X162.049 Y157.513 E.0326
;WIDTH:0.672463
G1 X161.841 Y157.524 E.01856
;WIDTH:0.663629
G1 X131.552 Y157.524 E2.65824
G1 X130.552 Y157.524 E.08337
G1 X129.552 Y157.524 E.07899
G1 X128.552 Y157.524 E.0746
G1 X127.552 Y157.524 E.07021
G1 X126.552 Y157.524 E.06582
G1 X125.552 Y157.524 E.06143
G1 X124.552 Y157.524 E.05705
G1 X123.552 Y157.524 E.05266
G1 X122.552 Y157.524 E.04827
G1 X121.552 Y157.524 E.04388
G1 X120.552 Y157.524 E.03949
G1 X119.552 Y157.524 E.03511
G1 X118.552 Y157.524 E.03072
G1 X117.552 Y157.524 E.02633
G1 X116.552 Y157.524 E.02194
G1 X115.552 Y157.524 E.01755
G1 X114.552 Y157.524 E.01316
G1 X113.552 Y157.524 E.00878
G1 X112.552 Y157.524 E.00439
G1 X111.642 Y157.524 E.07986
;LAYER_CHANGE
;Z:12.54
;HEIGHT:0.36
;BEFORE_LAYER_CHANGE
G92 E0
;12.54


;WIPE_START
G1 F9600
G1 X111.552 Y157.524 E-.01603
G1 X107.151 Y157.524 E-.78397
;WIPE_END
G1 Z12.54 F12000
;AFTER_LAYER_CHANGE
;12.54
G1 X131.552 Y156.938
G1 Z12.18
G1 E.8 F1800
G1 F2661
G1 X130.552 Y156.938 Z12.198 E.00439
G1 X129.552 Y156.938 Z12.216 E.00878
G1 X128.552 Y156.938 Z12.234 E.01316
G1 X127.552 Y156.938 Z12.252 E.01755
G1 X126.552 Y156.938 Z12.27 E.02194
G1 X125.552 Y156.938 Z12.288 E.02633
G1 X124.552 Y156.938 Z12.306 E.03072
G1 X123.552 Y156.938 Z12.324 E.03511
G1 X122.552 Y156.938 Z12.342 E.03949
G1 X121.552 Y156.938 Z12.36 E.04388
G1 X120.552 Y156.938 Z12.378 E.04827
G1 X119.552 Y156.938 Z12.396 E.05266
G1 X118.552 Y156.938 Z12.414 E.05705
G1 X117.552 Y156.938 Z12.432 E.06143
G1 X116.552 Y156.938 Z12.45 E.06582
G1 X115.552 Y156.938 Z12.468 E.07021
G1 X114.552 Y156.938 Z12.486 E.0746
G1 X113.552 Y156.938 Z12.504 E.07899
G1 X112.552 Y156.938 Z12.522 E.08337
G1 X111.552 Y156.938 Z12.54 E.08776
G1 X61.263 Y156.938 E4.4135
;WIDTH:0.69779
G1 X61.082 Y156.896 E.01726
G1 X60.97 Y156.736 E.01814
;WIDTH:0.663629
G1 X60.97 Y51.067 E9.27379
;WIDTH:0.69779
G1 X61.012 Y50.886 E.01726
;WIDTH:0.702509
G1 X61.218 Y50.774 E.02194
;WIDTH:0.663625
G1 X161.841 Y50.775 E8.83088
;WIDTH:0.697758
G1 X162.019 Y50.813 E.0169
G1 X162.092 Y50.886 E.00959
G1 X162.134 Y51.067 E.01726
;WIDTH:0.663629
G1 X162.134 Y156.645 E9.26581
;WIDTH:0.69779
G1 X162.092 Y156.826 E.01726
G1 X162.022 Y156.896 E.00919
G1 X161.841 Y156.938 E.01726
;WIDTH:0.663629
G1 X131.552 Y156.938 E2.65824
G1 X130.552 Y156.938 E.08337
G1 X129.552 Y156.938 E.07899
G1 X128.552 Y156.938 E.0746
G1 X127.552 Y156.938 E.07021
G1 X126.552 Y156.938 E.06582
G1 X125.552 Y156.938 E.06143
G1 X124.552 Y156.938 E.05705
G1 X123.552 Y156.938 E.05266
G1 X122.552 Y156.938 E.04827
G1 X121.552 Y156.938 E.04388
G1 X120.552 Y156.938 E.03949
G1 X119.552 Y156.938 E.03511
G1 X118.552 Y156.938 E.03072
G1 X117.552 Y156.938 E.02633
G1 X116.552 Y156.938 E.02194
G1 X115.552 Y156.938 E.01755
G1 X114.552 Y156.938 E.01316
G1 X113.552 Y156.938 E.00878
G1 X112.552 Y156.938 E.00439
G1 X111.642 Y156.938 E.07986
;WIPE_START
G1 F9600
G1 X111.552 Y156.938 E-.01603
G1 X107.151 Y156.938 E-.78397
;WIPE_END
G1 X131.552 Y157.524 F12000
G1 Z12.18
G1 E.8 F1800
G1 F2661
G1 X130.552 Y157.524 Z12.198 E.00439
G1 X129.552 Y157.524 Z12.216 E.00878
G1 X128.552 Y157.524 Z12.234 E.01316
G1 X127.552 Y157.524 Z12.252 E.01755
G1 X126.552 Y157.524 Z12.27 E.02194
G1 X125.552 Y157.524 Z12.288 E.02633
G1 X124.552 Y157.524 Z12.306 E.03072
G1 X123.552 Y157.524 Z12.324 E.03511
G1 X122.552 Y157.524 Z12.342 E.03949
G1 X121.552 Y157.524 Z12.36 E.04388
G1 X120.552 Y157.524 Z12.378 E.04827
G1 X119.552 Y157.524 Z12.396 E.05266
G1 X118.552 Y157.524 Z12.414 E.05705
G1 X117.552 Y157.524 Z12.432 E.06143
G1 X116.552 Y157.524 Z12.45 E.06582
G1 X115.552 Y157.524 Z12.468 E.07021
G1 X114.552 Y157.524 Z12.486 E.0746
G1 X113.552 Y157.524 Z12.504 E.07899
G1 X112.552 Y157.524 Z12.522 E.08337
G1 X111.552 Y157.524 Z12.54 E.08776
G1 X61.101 Y157.524 E4.42771
;WIDTH:0.697791
G1 X60.722 Y157.402 E.03698
G1 X60.506 Y157.186 E.02837
G1 X60.416 Y156.938 E.0245
;WIDTH:0.676864
G1 X60.384 Y156.645 E.02645
;WIDTH:0.663629
G1 X60.384 Y50.905 E9.28002
;WIDTH:0.69779
G1 X60.506 Y50.526 E.03698
G1 X60.722 Y50.31 E.02837
G1 X60.97 Y50.22 E.0245
;WIDTH:0.676864
G1 X61.263 Y50.188 E.02645
;WIDTH:0.663625
G1 X162.015 Y50.19 E8.8422
;WIDTH:0.697767
G1 X162.272 Y50.256 E.02464
;WIDTH:0.702459
G1 X162.462 Y50.369 E.02069
G1 X162.634 Y50.577 E.02526
;WIDTH:0.69779
G1 X162.72 Y51.067 E.0462
;WIDTH:0.663629
G1 X162.72 Y156.807 E9.28002
;WIDTH:0.69779
G1 X162.598 Y157.186 E.03698
G1 X162.382 Y157.402 E.02837
G1 X162.049 Y157.513 E.0326
;WIDTH:0.672463
G1 X161.841 Y157.524 E.01856
;WIDTH:0.663629
G1 X131.552 Y157.524 E2.65824
G1 X130.552 Y157.524 E.08337
G1 X129.552 Y157.524 E.07899
G1 X128.552 Y157.524 E.0746
G1 X127.552 Y157.524 E.07021
G1 X126.552 Y157.524 E.06582
G1 X125.552 Y157.524 E.06143
G1 X124.552 Y157.524 E.05705
G1 X123.552 Y157.524 E.05266
G1 X122.552 Y157.524 E.04827
G1 X121.552 Y157.524 E.04388
G1 X120.552 Y157.524 E.03949
G1 X119.552 Y157.524 E.03511
G1 X118.552 Y157.524 E.03072
G1 X117.552 Y157.524 E.02633
G1 X116.552 Y157.524 E.02194
G1 X115.552 Y157.524 E.01755
G1 X114.552 Y157.524 E.01316
G1 X113.552 Y157.524 E.00878
G1 X112.552 Y157.524 E.00439
G1 X111.642 Y157.524 E.07986
;LAYER_CHANGE
;Z:12.9
;HEIGHT:0.36
;BEFORE_LAYER_CHANGE
G92 E0
;12.9


;WIPE_START
G1 F9600
G1 X111.552 Y157.524 E-.01603
G1 X107.151 Y157.524 E-.78397
;WIPE_END
G1 Z12.9 F12000
;AFTER_LAYER_CHANGE
;12.9
G1 X131.552 Y156.938
G1 Z12.54
G1 E.8 F1800
G1 F2661
G1 X130.552 Y156.938 Z12.558 E.00439
G1 X129.552 Y156.938 Z12.576 E.00878
G1 X128.552 Y156.938 Z12.594 E.01316
G1 X127.552 Y156.938 Z12.612 E.01755
G1 X126.552 Y156.938 Z12.63 E.02194
G1 X125.552 Y156.938 Z12.648 E.02633
G1 X124.552 Y156.938 Z12.666 E.03072
G1 X123.552 Y156.938 Z12.684 E.03511
G1 X122.552 Y156.938 Z12.702 E.03949
G1 X121.552 Y156.938 Z12.72 E.04388
G1 X120.552 Y156.938 Z12.738 E.04827
G1 X119.552 Y156.938 Z12.756 E.05266
G1 X118.552 Y156.938 Z12.774 E.05705
G1 X117.552 Y156.938 Z12.792 E.06143
G1 X116.552 Y156.938 Z12.81 E.06582
G1 X115.552 Y156.938 Z12.828 E.07021
G1 X114.552 Y156.938 Z12.846 E.0746
G1 X113.552 Y156.938 Z12.864 E.07899
G1 X112.552 Y156.938 Z12.882 E.08337
G1 X111.552 Y156.938 Z12.9 E.08776
G1 X61.263 Y156.938 E4.4135
;WIDTH:0.697791
G1 X61.082 Y156.896 E.01726
G1 X60.97 Y156.736 E.01814
;WIDTH:0.663629
G1 X60.97 Y51.067 E9.27379
;WIDTH:0.697791
G1 X61.012 Y50.886 E.01726
;WIDTH:0.702509
G1 X61.218 Y50.774 E.02194
;WIDTH:0.663625
G1 X161.841 Y50.775 E8.83088
;WIDTH:0.697758
G1 X162.019 Y50.813 E.0169
G1 X162.092 Y50.886 E.00959
G1 X162.134 Y51.067 E.01726
;WIDTH:0.663629
G1 X162.134 Y156.645 E9.26581
;WIDTH:0.69779
G1 X162.092 Y156.826 E.01726
G1 X162.022 Y156.896 E.00919
G1 X161.841 Y156.938 E.01726
;WIDTH:0.663629
G1 X131.552 Y156.938 E2.65824
G1 X130.552 Y156.938 E.08337
G1 X129.552 Y156.938 E.07899
G1 X128.552 Y156.938 E.0746
G1 X127.552 Y156.938 E.07021
G1 X126.552 Y156.938 E.06582
G1 X125.552 Y156.938 E.06143
G1 X124.552 Y156.938 E.05705
G1 X123.552 Y156.938 E.05266
G1 X122.552 Y156.938 E.04827
G1 X121.552 Y156.938 E.04388
G1 X120.552 Y156.938 E.03949
G1 X119.552 Y156.938 E.03511
G1 X118.552 Y156.938 E.03072
G1 X117.552 Y156.938 E.02633
G1 X116.552 Y156.938 E.02194
G1 X115.552 Y156.938 E.01755
G1 X114.552 Y156.938 E.01316
G1 X113.552 Y156.938 E.00878
G1 X112.552 Y156.938 E.00439
G1 X111.642 Y156.938 E.07986
;WIPE_START
G1 F9600
G1 X111.552 Y156.938 E-.01603
G1 X107.151 Y156.938 E-.78397
;WIPE_END
G1 X131.552 Y157.524 F12000
G1 Z12.54
G1 E.8 F1800
G1 F2661
G1 X130.552 Y157.524 Z12.558 E.00439
G1 X129.552 Y157.524 Z12.576 E.00878
G1 X128.552 Y157.524 Z12.594 E.01316
G1 X127.552 Y157.524 Z12.612 E.01755
G1 X126.552 Y157.524 Z12.63 E.02194
G1 X125.552 Y157.524 Z12.648 E.02633
G1 X124.552 Y157.524 Z12.666 E.03072
G1 X123.552 Y157.524 Z12.684 E.03511
G1 X122.552 Y157.524 Z12.702 E.03949
G1 X121.552 Y157.524 Z12.72 E.04388
G1 X120.552 Y157.524 Z12.738 E.04827
G1 X119.552 Y157.524 Z12.756 E.05266
G1 X118.552 Y157.524 Z12.774 E.05705
G1 X117.552 Y157.524 Z12.792 E.06143
G1 X116.552 Y157.524 Z12.81 E.06582
G1 X115.552 Y157.524 Z12.828 E.07021
G1 X114.552 Y157.524 Z12.846 E.0746
G1 X113.552 Y157.524 Z12.864 E.07899
G1 X112.552 Y157.524 Z12.882 E.08337
G1 X111.552 Y157.524 Z12.9 E.08776
G1 X61.101 Y157.524 E4.42771
;WIDTH:0.697791
G1 X60.722 Y157.402 E.03698
G1 X60.506 Y157.186 E.02837
G1 X60.416 Y156.938 E.0245
;WIDTH:0.676864
G1 X60.384 Y156.645 E.02645
;WIDTH:0.663629
G1 X60.384 Y50.905 E9.28002
;WIDTH:0.69779
G1 X60.506 Y50.526 E.03698
G1 X60.722 Y50.31 E.02837
G1 X60.97 Y50.22 E.0245
;WIDTH:0.676864
G1 X61.263 Y50.188 E.02645
;WIDTH:0.663625
G1 X162.016 Y50.19 E8.84229
;WIDTH:0.697769
G1 X162.272 Y50.256 E.02455
;WIDTH:0.70246
G1 X162.462 Y50.369 E.02069
G1 X162.634 Y50.577 E.02526
;WIDTH:0.697789
G1 X162.72 Y51.067 E.0462
;WIDTH:0.663629
G1 X162.72 Y156.807 E9.28002
;WIDTH:0.69779
G1 X162.598 Y157.186 E.03698
G1 X162.382 Y157.402 E.02837
G1 X162.049 Y157.513 E.0326
;WIDTH:0.672463
G1 X161.841 Y157.524 E.01856
;WIDTH:0.663629
G1 X131.552 Y157.524 E2.65824
G1 X130.552 Y157.524 E.08337
G1 X129.552 Y157.524 E.07899
G1 X128.552 Y157.524 E.0746
G1 X127.552 Y157.524 E.07021
G1 X126.552 Y157.524 E.06582
G1 X125.552 Y157.524 E.06143
G1 X124.552 Y157.524 E.05705
G1 X123.552 Y157.524 E.05266
G1 X122.552 Y157.524 E.04827
G1 X121.552 Y157.524 E.04388
G1 X120.552 Y157.524 E.03949
G1 X119.552 Y157.524 E.03511
G1 X118.552 Y157.524 E.03072
G1 X117.552 Y157.524 E.02633
G1 X116.552 Y157.524 E.02194
G1 X115.552 Y157.524 E.01755
G1 X114.552 Y157.524 E.01316
G1 X113.552 Y157.524 E.00878
G1 X112.552 Y157.524 E.00439
G1 X111.642 Y157.524 E.07986
;LAYER_CHANGE
;Z:13.26
;HEIGHT:0.360001
;BEFORE_LAYER_CHANGE
G92 E0
;13.26


;WIPE_START
G1 F9600
G1 X111.552 Y157.524 E-.01603
G1 X107.151 Y157.524 E-.78397
;WIPE_END
G1 Z13.26 F12000
;AFTER_LAYER_CHANGE
;13.26
G1 X131.552 Y156.938
G1 Z12.9
G1 E.8 F1800
G1 F2661
G1 X130.552 Y156.938 Z12.918 E.00439
G1 X129.552 Y156.938 Z12.936 E.00878
G1 X128.552 Y156.938 Z12.954 E.01316
G1 X127.552 Y156.938 Z12.972 E.01755
G1 X126.552 Y156.938 Z12.99 E.02194
G1 X125.552 Y156.938 Z13.008 E.02633
G1 X124.552 Y156.938 Z13.026 E.03072
G1 X123.552 Y156.938 Z13.044 E.03511
G1 X122.552 Y156.938 Z13.062 E.03949
G1 X121.552 Y156.938 Z13.08 E.04388
G1 X120.552 Y156.938 Z13.098 E.04827
G1 X119.552 Y156.938 Z13.116 E.05266
G1 X118.552 Y156.938 Z13.134 E.05705
G1 X117.552 Y156.938 Z13.152 E.06143
G1 X116.552 Y156.938 Z13.17 E.06582
G1 X115.552 Y156.938 Z13.188 E.07021
G1 X114.552 Y156.938 Z13.206 E.0746
G1 X113.552 Y156.938 Z13.224 E.07899
G1 X112.552 Y156.938 Z13.242 E.08337
G1 X111.552 Y156.938 Z13.26 E.08776
G1 X61.263 Y156.938 E4.4135
;WIDTH:0.697791
G1 X61.082 Y156.896 E.01726
G1 X60.97 Y156.736 E.01814
;WIDTH:0.663629
G1 X60.97 Y51.067 E9.27379
;WIDTH:0.69779
G1 X61.012 Y50.886 E.01726
;WIDTH:0.702509
G1 X61.218 Y50.774 E.02194
;WIDTH:0.663625
G1 X161.841 Y50.775 E8.83088
;WIDTH:0.697758
G1 X162.019 Y50.813 E.0169
G1 X162.092 Y50.886 E.00959
G1 X162.134 Y51.067 E.01726
;WIDTH:0.663629
G1 X162.134 Y156.645 E9.26581
;WIDTH:0.69779
G1 X162.092 Y156.826 E.01726
G1 X162.022 Y156.896 E.00919
G1 X161.841 Y156.938 E.01726
;WIDTH:0.663629
G1 X131.552 Y156.938 E2.65824
G1 X130.552 Y156.938 E.08337
G1 X129.552 Y156.938 E.07899
G1 X128.552 Y156.938 E.0746
G1 X127.552 Y156.938 E.07021
G1 X126.552 Y156.938 E.06582
G1 X125.552 Y156.938 E.06143
G1 X124.552 Y156.938 E.05705
G1 X123.552 Y156.938 E.05266
G1 X122.552 Y156.938 E.04827
G1 X121.552 Y156.938 E.04388
G1 X120.552 Y156.938 E.03949
G1 X119.552 Y156.938 E.03511
G1 X118.552 Y156.938 E.03072
G1 X117.552 Y156.938 E.02633
G1 X116.552 Y156.938 E.02194
G1 X115.552 Y156.938 E.01755
G1 X114.552 Y156.938 E.01316
G1 X113.552 Y156.938 E.00878
G1 X112.552 Y156.938 E.00439
G1 X111.642 Y156.938 E.07986
;WIPE_START
G1 F9600
G1 X111.552 Y156.938 E-.01603
G1 X107.151 Y156.938 E-.78397
;WIPE_END
G1 X131.552 Y157.524 F12000
G1 Z12.9
G1 E.8 F1800
G1 F2661
G1 X130.552 Y157.524 Z12.918 E.00439
G1 X129.552 Y157.524 Z12.936 E.00878
G1 X128.552 Y157.524 Z12.954 E.01316
G1 X127.552 Y157.524 Z12.972 E.01755
G1 X126.552 Y157.524 Z12.99 E.02194
G1 X125.552 Y157.524 Z13.008 E.02633
G1 X124.552 Y157.524 Z13.026 E.03072
G1 X123.552 Y157.524 Z13.044 E.03511
G1 X122.552 Y157.524 Z13.062 E.03949
G1 X121.552 Y157.524 Z13.08 E.04388
G1 X120.552 Y157.524 Z13.098 E.04827
G1 X119.552 Y157.524 Z13.116 E.05266
G1 X118.552 Y157.524 Z13.134 E.05705
G1 X117.552 Y157.524 Z13.152 E.06143
G1 X116.552 Y157.524 Z13.17 E.06582
G1 X115.552 Y157.524 Z13.188 E.07021
G1 X114.552 Y157.524 Z13.206 E.0746
G1 X113.552 Y157.524 Z13.224 E.07899
G1 X112.552 Y157.524 Z13.242 E.08337
G1 X111.552 Y157.524 Z13.26 E.08776
G1 X61.101 Y157.524 E4.42771
;WIDTH:0.69779
G1 X60.722 Y157.402 E.03698
G1 X60.506 Y157.186 E.02837
G1 X60.416 Y156.938 E.0245
;WIDTH:0.676864
G1 X60.384 Y156.645 E.02645
;WIDTH:0.663629
G1 X60.384 Y50.905 E9.28002
;WIDTH:0.697791
G1 X60.506 Y50.526 E.03698
G1 X60.722 Y50.31 E.02837
G1 X60.97 Y50.22 E.0245
;WIDTH:0.676864
G1 X61.263 Y50.188 E.02645
;WIDTH:0.663625
G1 X162.017 Y50.191 E8.84238
;WIDTH:0.697771
G1 X162.272 Y50.256 E.02444
;WIDTH:0.702459
G1 X162.462 Y50.369 E.02069
G1 X162.634 Y50.577 E.02526
;WIDTH:0.69779
G1 X162.72 Y51.067 E.0462
;WIDTH:0.663629
G1 X162.72 Y156.807 E9.28002
;WIDTH:0.697789
G1 X162.598 Y157.186 E.03698
G1 X162.382 Y157.402 E.02837
G1 X162.049 Y157.513 E.0326
;WIDTH:0.672463
G1 X161.841 Y157.524 E.01856
;WIDTH:0.663629
G1 X131.552 Y157.524 E2.65824
G1 X130.552 Y157.524 E.08337
G1 X129.552 Y157.524 E.07899
G1 X128.552 Y157.524 E.0746
G1 X127.552 Y157.524 E.07021
G1 X126.552 Y157.524 E.06582
G1 X125.552 Y157.524 E.06143
G1 X124.552 Y157.524 E.05705
G1 X123.552 Y157.524 E.05266
G1 X122.552 Y157.524 E.04827
G1 X121.552 Y157.524 E.04388
G1 X120.552 Y157.524 E.03949
G1 X119.552 Y157.524 E.03511
G1 X118.552 Y157.524 E.03072
G1 X117.552 Y157.524 E.02633
G1 X116.552 Y157.524 E.02194
G1 X115.552 Y157.524 E.01755
G1 X114.552 Y157.524 E.01316
G1 X113.552 Y157.524 E.00878
G1 X112.552 Y157.524 E.00439
G1 X111.642 Y157.524 E.07986
;LAYER_CHANGE
;Z:13.62
;HEIGHT:0.36
;BEFORE_LAYER_CHANGE
G92 E0
;13.62


;WIPE_START
G1 F9600
G1 X111.552 Y157.524 E-.01603
G1 X107.151 Y157.524 E-.78397
;WIPE_END
G1 Z13.62 F12000
;AFTER_LAYER_CHANGE
;13.62
G1 X131.552 Y156.938
G1 Z13.26
G1 E.8 F1800
G1 F2661
G1 X130.552 Y156.938 Z13.278 E.00439
G1 X129.552 Y156.938 Z13.296 E.00878
G1 X128.552 Y156.938 Z13.314 E.01316
G1 X127.552 Y156.938 Z13.332 E.01755
G1 X126.552 Y156.938 Z13.35 E.02194
G1 X125.552 Y156.938 Z13.368 E.02633
G1 X124.552 Y156.938 Z13.386 E.03072
G1 X123.552 Y156.938 Z13.404 E.03511
G1 X122.552 Y156.938 Z13.422 E.03949
G1 X121.552 Y156.938 Z13.44 E.04388
G1 X120.552 Y156.938 Z13.458 E.04827
G1 X119.552 Y156.938 Z13.476 E.05266
G1 X118.552 Y156.938 Z13.494 E.05705
G1 X117.552 Y156.938 Z13.512 E.06143
G1 X116.552 Y156.938 Z13.53 E.06582
G1 X115.552 Y156.938 Z13.548 E.07021
G1 X114.552 Y156.938 Z13.566 E.0746
G1 X113.552 Y156.938 Z13.584 E.07899
G1 X112.552 Y156.938 Z13.602 E.08337
G1 X111.552 Y156.938 Z13.62 E.08776
G1 X61.263 Y156.938 E4.4135
;WIDTH:0.697791
G1 X61.082 Y156.896 E.01726
G1 X60.97 Y156.736 E.01814
;WIDTH:0.663629
G1 X60.97 Y51.067 E9.27379
;WIDTH:0.697791
G1 X61.012 Y50.886 E.01726
G1 X61.172 Y50.774 E.01814
;WIDTH:0.663625
G1 X161.841 Y50.775 E8.83492
;WIDTH:0.69776
G1 X162.019 Y50.813 E.0169
G1 X162.092 Y50.886 E.00959
G1 X162.134 Y51.067 E.01726
;WIDTH:0.663629
G1 X162.134 Y156.645 E9.26581
;WIDTH:0.69779
G1 X162.092 Y156.826 E.01726
G1 X162.022 Y156.896 E.00919
G1 X161.841 Y156.938 E.01726
;WIDTH:0.663629
G1 X131.552 Y156.938 E2.65824
G1 X130.552 Y156.938 E.08337
G1 X129.552 Y156.938 E.07899
G1 X128.552 Y156.938 E.0746
G1 X127.552 Y156.938 E.07021
G1 X126.552 Y156.938 E.06582
G1 X125.552 Y156.938 E.06143
G1 X124.552 Y156.938 E.05705
G1 X123.552 Y156.938 E.05266
G1 X122.552 Y156.938 E.04827
G1 X121.552 Y156.938 E.04388
G1 X120.552 Y156.938 E.03949
G1 X119.552 Y156.938 E.03511
G1 X118.552 Y156.938 E.03072
G1 X117.552 Y156.938 E.02633
G1 X116.552 Y156.938 E.02194
G1 X115.552 Y156.938 E.01755
G1 X114.552 Y156.938 E.01316
G1 X113.552 Y156.938 E.00878
G1 X112.552 Y156.938 E.00439
G1 X111.642 Y156.938 E.07986
;WIPE_START
G1 F9600
G1 X111.552 Y156.938 E-.01603
G1 X107.151 Y156.938 E-.78397
;WIPE_END
G1 X131.552 Y157.524 F12000
G1 Z13.26
G1 E.8 F1800
G1 F2661
G1 X130.6 Y157.524 Z13.277 E.00398
G1 X129.647 Y157.524 Z13.294 E.00797
G1 X128.695 Y157.524 Z13.311 E.01194
G1 X127.743 Y157.524 Z13.329 E.01591
G1 X126.79 Y157.524 Z13.346 E.01991
G1 X125.838 Y157.524 Z13.363 E.02387
G1 X124.885 Y157.524 Z13.38 E.02788
G1 X123.933 Y157.524 Z13.397 E.03183
G1 X122.981 Y157.524 Z13.414 E.03581
G1 X122.028 Y157.524 Z13.431 E.03983
G1 X121.076 Y157.524 Z13.449 E.04376
G1 X120.124 Y157.524 Z13.466 E.04774
G1 X119.171 Y157.524 Z13.483 E.05178
G1 X118.219 Y157.524 Z13.5 E.0557
G1 X117.266 Y157.524 Z13.517 E.05974
G1 X116.314 Y157.524 Z13.534 E.06366
G1 X115.362 Y157.524 Z13.551 E.06764
G1 X114.409 Y157.524 Z13.569 E.07169
G1 X113.457 Y157.524 Z13.586 E.07559
G1 X112.504 Y157.524 Z13.603 E.07966
G1 X111.552 Y157.524 Z13.62 E.08355
G1 X61.101 Y157.524 E4.42771
;WIDTH:0.69779
G1 X60.722 Y157.402 E.03698
G1 X60.506 Y157.186 E.02837
G1 X60.416 Y156.938 E.0245
;WIDTH:0.676864
G1 X60.384 Y156.645 E.02645
;WIDTH:0.663629
G1 X60.384 Y50.905 E9.28002
;WIDTH:0.69779
G1 X60.506 Y50.526 E.03698
G1 X60.722 Y50.31 E.02837
G1 X60.97 Y50.22 E.0245
;WIDTH:0.676864
G1 X61.263 Y50.188 E.02645
;WIDTH:0.663625
G1 X162.016 Y50.19 E8.84229
;WIDTH:0.697769
G1 X162.272 Y50.256 E.02455
;WIDTH:0.70246
G1 X162.462 Y50.369 E.02069
G1 X162.634 Y50.577 E.02526
;WIDTH:0.69779
G1 X162.72 Y51.067 E.0462
;WIDTH:0.663629
G1 X162.72 Y156.807 E9.28002
;WIDTH:0.69779
G1 X162.598 Y157.186 E.03698
G1 X162.382 Y157.402 E.02837
G1 X162.049 Y157.513 E.0326
;WIDTH:0.672463
G1 X161.841 Y157.524 E.01856
;WIDTH:0.663629
G1 X131.552 Y157.524 E2.65824
G1 X130.6 Y157.524 E.07957
G1 X129.647 Y157.524 E.07567
G1 X128.695 Y157.524 E.07161
G1 X127.743 Y157.524 E.06764
G1 X126.79 Y157.524 E.06372
G1 X125.838 Y157.524 E.05968
G1 X124.885 Y157.524 E.05576
G1 X123.933 Y157.524 E.05172
G1 X122.981 Y157.524 E.04774
G1 X122.028 Y157.524 E.04381
G1 X121.076 Y157.524 E.03979
G1 X120.124 Y157.524 E.03581
G1 X119.171 Y157.524 E.03186
G1 X118.219 Y157.524 E.02785
G1 X117.266 Y157.524 E.0239
G1 X116.314 Y157.524 E.01989
G1 X115.362 Y157.524 E.01591
G1 X114.409 Y157.524 E.01195
G1 X113.457 Y157.524 E.00796
G1 X112.504 Y157.524 E.00398
G1 X111.642 Y157.524 E.07565
;LAYER_CHANGE
;Z:13.98
;HEIGHT:0.36
;BEFORE_LAYER_CHANGE
G92 E0
;13.98


;WIPE_START
G1 F9600
G1 X111.552 Y157.524 E-.01603
G1 X107.151 Y157.524 E-.78397
;WIPE_END
G1 Z13.98 F12000
;AFTER_LAYER_CHANGE
;13.98
G1 X131.552 Y156.938
G1 Z13.62
G1 E.8 F1800
G1 F2661
G1 X130.552 Y156.938 Z13.638 E.00439
G1 X129.552 Y156.938 Z13.656 E.00878
G1 X128.552 Y156.938 Z13.674 E.01316
G1 X127.552 Y156.938 Z13.692 E.01755
G1 X126.552 Y156.938 Z13.71 E.02194
G1 X125.552 Y156.938 Z13.728 E.02633
G1 X124.552 Y156.938 Z13.746 E.03072
G1 X123.552 Y156.938 Z13.764 E.03511
G1 X122.552 Y156.938 Z13.782 E.03949
G1 X121.552 Y156.938 Z13.8 E.04388
G1 X120.552 Y156.938 Z13.818 E.04827
G1 X119.552 Y156.938 Z13.836 E.05266
G1 X118.552 Y156.938 Z13.854 E.05705
G1 X117.552 Y156.938 Z13.872 E.06143
G1 X116.552 Y156.938 Z13.89 E.06582
G1 X115.552 Y156.938 Z13.908 E.07021
G1 X114.552 Y156.938 Z13.926 E.0746
G1 X113.552 Y156.938 Z13.944 E.07899
G1 X112.552 Y156.938 Z13.962 E.08337
G1 X111.552 Y156.938 Z13.98 E.08776
G1 X61.263 Y156.938 E4.4135
;WIDTH:0.69779
G1 X61.082 Y156.896 E.01726
G1 X60.97 Y156.736 E.01814
;WIDTH:0.663629
G1 X60.97 Y51.067 E9.27379
;WIDTH:0.697791
G1 X61.012 Y50.886 E.01726
;WIDTH:0.70251
G1 X61.218 Y50.774 E.02194
;WIDTH:0.663625
G1 X161.841 Y50.775 E8.83088
;WIDTH:0.697759
G1 X162.019 Y50.813 E.0169
G1 X162.092 Y50.886 E.00959
G1 X162.134 Y51.067 E.01726
;WIDTH:0.663629
G1 X162.134 Y156.645 E9.26581
;WIDTH:0.697789
G1 X162.092 Y156.826 E.01726
G1 X162.022 Y156.896 E.00919
G1 X161.841 Y156.938 E.01726
;WIDTH:0.663629
G1 X131.552 Y156.938 E2.65824
G1 X130.552 Y156.938 E.08337
G1 X129.552 Y156.938 E.07899
G1 X128.552 Y156.938 E.0746
G1 X127.552 Y156.938 E.07021
G1 X126.552 Y156.938 E.06582
G1 X125.552 Y156.938 E.06143
G1 X124.552 Y156.938 E.05705
G1 X123.552 Y156.938 E.05266
G1 X122.552 Y156.938 E.04827
G1 X121.552 Y156.938 E.04388
G1 X120.552 Y156.938 E.03949
G1 X119.552 Y156.938 E.03511
G1 X118.552 Y156.938 E.03072
G1 X117.552 Y156.938 E.02633
G1 X116.552 Y156.938 E.02194
G1 X115.552 Y156.938 E.01755
G1 X114.552 Y156.938 E.01316
G1 X113.552 Y156.938 E.00878
G1 X112.552 Y156.938 E.00439
G1 X111.642 Y156.938 E.07986
;WIPE_START
G1 F9600
G1 X111.552 Y156.938 E-.01603
G1 X107.151 Y156.938 E-.78397
;WIPE_END
G1 X131.552 Y157.524 F12000
G1 Z13.62
G1 E.8 F1800
G1 F2661
G1 X130.552 Y157.524 Z13.638 E.00439
G1 X129.552 Y157.524 Z13.656 E.00878
G1 X128.552 Y157.524 Z13.674 E.01316
G1 X127.552 Y157.524 Z13.692 E.01755
G1 X126.552 Y157.524 Z13.71 E.02194
G1 X125.552 Y157.524 Z13.728 E.02633
G1 X124.552 Y157.524 Z13.746 E.03072
G1 X123.552 Y157.524 Z13.764 E.03511
G1 X122.552 Y157.524 Z13.782 E.03949
G1 X121.552 Y157.524 Z13.8 E.04388
G1 X120.552 Y157.524 Z13.818 E.04827
G1 X119.552 Y157.524 Z13.836 E.05266
G1 X118.552 Y157.524 Z13.854 E.05705
G1 X117.552 Y157.524 Z13.872 E.06143
G1 X116.552 Y157.524 Z13.89 E.06582
G1 X115.552 Y157.524 Z13.908 E.07021
G1 X114.552 Y157.524 Z13.926 E.0746
G1 X113.552 Y157.524 Z13.944 E.07899
G1 X112.552 Y157.524 Z13.962 E.08337
G1 X111.552 Y157.524 Z13.98 E.08776
G1 X61.101 Y157.524 E4.42771
;WIDTH:0.69779
G1 X60.722 Y157.402 E.03698
G1 X60.506 Y157.186 E.02837
G1 X60.416 Y156.938 E.0245
;WIDTH:0.676864
G1 X60.384 Y156.645 E.02645
;WIDTH:0.663629
G1 X60.384 Y50.905 E9.28002
;WIDTH:0.697791
G1 X60.506 Y50.526 E.03698
G1 X60.722 Y50.31 E.02837
G1 X60.97 Y50.22 E.0245
;WIDTH:0.676864
G1 X61.263 Y50.188 E.02645
;WIDTH:0.663625
G1 X162.015 Y50.19 E8.8422
;WIDTH:0.697768
G1 X162.272 Y50.256 E.02464
;WIDTH:0.70246
G1 X162.462 Y50.369 E.02069
G1 X162.634 Y50.577 E.02526
;WIDTH:0.69779
G1 X162.72 Y51.067 E.0462
;WIDTH:0.663629
G1 X162.72 Y156.807 E9.28002
;WIDTH:0.697789
G1 X162.598 Y157.186 E.03698
G1 X162.382 Y157.402 E.02837
G1 X162.049 Y157.513 E.0326
;WIDTH:0.672463
G1 X161.841 Y157.524 E.01856
;WIDTH:0.663629
G1 X131.552 Y157.524 E2.65824
G1 X130.552 Y157.524 E.08337
G1 X129.552 Y157.524 E.07899
G1 X128.552 Y157.524 E.0746
G1 X127.552 Y157.524 E.07021
G1 X126.552 Y157.524 E.06582
G1 X125.552 Y157.524 E.06143
G1 X124.552 Y157.524 E.05705
G1 X123.552 Y157.524 E.05266
G1 X122.552 Y157.524 E.04827
G1 X121.552 Y157.524 E.04388
G1 X120.552 Y157.524 E.03949
G1 X119.552 Y157.524 E.03511
G1 X118.552 Y157.524 E.03072
G1 X117.552 Y157.524 E.02633
G1 X116.552 Y157.524 E.02194
G1 X115.552 Y157.524 E.01755
G1 X114.552 Y157.524 E.01316
G1 X113.552 Y157.524 E.00878
G1 X112.552 Y157.524 E.00439
G1 X111.642 Y157.524 E.07986
;LAYER_CHANGE
;Z:14.34
;HEIGHT:0.360001
;BEFORE_LAYER_CHANGE
G92 E0
;14.34


;WIPE_START
G1 F9600
G1 X111.552 Y157.524 E-.01603
G1 X107.151 Y157.524 E-.78397
;WIPE_END
G1 Z14.34 F12000
;AFTER_LAYER_CHANGE
;14.34
G1 X131.552 Y156.938
G1 Z13.98
G1 E.8 F1800
G1 F2661
G1 X130.552 Y156.938 Z13.998 E.00439
G1 X129.552 Y156.938 Z14.016 E.00878
G1 X128.552 Y156.938 Z14.034 E.01316
G1 X127.552 Y156.938 Z14.052 E.01755
G1 X126.552 Y156.938 Z14.07 E.02194
G1 X125.552 Y156.938 Z14.088 E.02633
G1 X124.552 Y156.938 Z14.106 E.03072
G1 X123.552 Y156.938 Z14.124 E.03511
G1 X122.552 Y156.938 Z14.142 E.03949
G1 X121.552 Y156.938 Z14.16 E.04388
G1 X120.552 Y156.938 Z14.178 E.04827
G1 X119.552 Y156.938 Z14.196 E.05266
G1 X118.552 Y156.938 Z14.214 E.05705
G1 X117.552 Y156.938 Z14.232 E.06143
G1 X116.552 Y156.938 Z14.25 E.06582
G1 X115.552 Y156.938 Z14.268 E.07021
G1 X114.552 Y156.938 Z14.286 E.0746
G1 X113.552 Y156.938 Z14.304 E.07899
G1 X112.552 Y156.938 Z14.322 E.08337
G1 X111.552 Y156.938 Z14.34 E.08776
G1 X61.263 Y156.938 E4.4135
;WIDTH:0.697791
G1 X61.082 Y156.896 E.01726
G1 X60.97 Y156.736 E.01814
;WIDTH:0.663629
G1 X60.97 Y51.067 E9.27379
;WIDTH:0.697791
G1 X61.012 Y50.886 E.01726
;WIDTH:0.70251
G1 X61.218 Y50.774 E.02194
;WIDTH:0.663625
G1 X161.841 Y50.775 E8.83088
;WIDTH:0.697758
G1 X162.019 Y50.813 E.0169
G1 X162.092 Y50.886 E.00959
G1 X162.134 Y51.067 E.01726
;WIDTH:0.663629
G1 X162.134 Y156.645 E9.26581
;WIDTH:0.69779
G1 X162.092 Y156.826 E.01726
G1 X162.022 Y156.896 E.00919
G1 X161.841 Y156.938 E.01726
;WIDTH:0.663629
G1 X131.552 Y156.938 E2.65824
G1 X130.552 Y156.938 E.08337
G1 X129.552 Y156.938 E.07899
G1 X128.552 Y156.938 E.0746
G1 X127.552 Y156.938 E.07021
G1 X126.552 Y156.938 E.06582
G1 X125.552 Y156.938 E.06143
G1 X124.552 Y156.938 E.05705
G1 X123.552 Y156.938 E.05266
G1 X122.552 Y156.938 E.04827
G1 X121.552 Y156.938 E.04388
G1 X120.552 Y156.938 E.03949
G1 X119.552 Y156.938 E.03511
G1 X118.552 Y156.938 E.03072
G1 X117.552 Y156.938 E.02633
G1 X116.552 Y156.938 E.02194
G1 X115.552 Y156.938 E.01755
G1 X114.552 Y156.938 E.01316
G1 X113.552 Y156.938 E.00878
G1 X112.552 Y156.938 E.00439
G1 X111.642 Y156.938 E.07986
;WIPE_START
G1 F9600
G1 X111.552 Y156.938 E-.01603
G1 X107.151 Y156.938 E-.78397
;WIPE_END
G1 X131.552 Y157.524 F12000
G1 Z13.98
G1 E.8 F1800
G1 F2661
G1 X130.552 Y157.524 Z13.998 E.00439
G1 X129.552 Y157.524 Z14.016 E.00878
G1 X128.552 Y157.524 Z14.034 E.01316
G1 X127.552 Y157.524 Z14.052 E.01755
G1 X126.552 Y157.524 Z14.07 E.02194
G1 X125.552 Y157.524 Z14.088 E.02633
G1 X124.552 Y157.524 Z14.106 E.03072
G1 X123.552 Y157.524 Z14.124 E.03511
G1 X122.552 Y157.524 Z14.142 E.03949
G1 X121.552 Y157.524 Z14.16 E.04388
G1 X120.552 Y157.524 Z14.178 E.04827
G1 X119.552 Y157.524 Z14.196 E.05266
G1 X118.552 Y157.524 Z14.214 E.05705
G1 X117.552 Y157.524 Z14.232 E.06143
G1 X116.552 Y157.524 Z14.25 E.06582
G1 X115.552 Y157.524 Z14.268 E.07021
G1 X114.552 Y157.524 Z14.286 E.0746
G1 X113.552 Y157.524 Z14.304 E.07899
G1 X112.552 Y157.524 Z14.322 E.08337
G1 X111.552 Y157.524 Z14.34 E.08776
G1 X61.101 Y157.524 E4.42771
;WIDTH:0.697791
G1 X60.722 Y157.402 E.03698
G1 X60.506 Y157.186 E.02837
G1 X60.416 Y156.938 E.0245
;WIDTH:0.676864
G1 X60.384 Y156.645 E.02645
;WIDTH:0.663629
G1 X60.384 Y50.905 E9.28002
;WIDTH:0.69779
G1 X60.506 Y50.526 E.03698
G1 X60.722 Y50.31 E.02837
G1 X60.97 Y50.22 E.0245
;WIDTH:0.676864
G1 X61.263 Y50.188 E.02645
;WIDTH:0.663625
G1 X162.013 Y50.19 E8.84203
;WIDTH:0.697764
G1 X162.272 Y50.257 E.02485
;WIDTH:0.70246
G1 X162.462 Y50.369 E.02064
G1 X162.634 Y50.577 E.02526
;WIDTH:0.69779
G1 X162.72 Y51.067 E.0462
;WIDTH:0.663629
G1 X162.72 Y156.807 E9.28002
;WIDTH:0.69779
G1 X162.598 Y157.186 E.03698
G1 X162.382 Y157.402 E.02837
G1 X162.049 Y157.513 E.0326
;WIDTH:0.672463
G1 X161.841 Y157.524 E.01856
;WIDTH:0.663629
G1 X131.552 Y157.524 E2.65824
G1 X130.552 Y157.524 E.08337
G1 X129.552 Y157.524 E.07899
G1 X128.552 Y157.524 E.0746
G1 X127.552 Y157.524 E.07021
G1 X126.552 Y157.524 E.06582
G1 X125.552 Y157.524 E.06143
G1 X124.552 Y157.524 E.05705
G1 X123.552 Y157.524 E.05266
G1 X122.552 Y157.524 E.04827
G1 X121.552 Y157.524 E.04388
G1 X120.552 Y157.524 E.03949
G1 X119.552 Y157.524 E.03511
G1 X118.552 Y157.524 E.03072
G1 X117.552 Y157.524 E.02633
G1 X116.552 Y157.524 E.02194
G1 X115.552 Y157.524 E.01755
G1 X114.552 Y157.524 E.01316
G1 X113.552 Y157.524 E.00878
G1 X112.552 Y157.524 E.00439
G1 X111.642 Y157.524 E.07986
;LAYER_CHANGE
;Z:14.7
;HEIGHT:0.36
;BEFORE_LAYER_CHANGE
G92 E0
;14.7


;WIPE_START
G1 F9600
G1 X111.552 Y157.524 E-.01603
G1 X107.151 Y157.524 E-.78397
;WIPE_END
G1 Z14.7 F12000
;AFTER_LAYER_CHANGE
;14.7
G1 X131.552 Y156.938
G1 Z14.34
G1 E.8 F1800
G1 F2661
G1 X130.552 Y156.938 Z14.358 E.00439
G1 X129.552 Y156.938 Z14.376 E.00878
G1 X128.552 Y156.938 Z14.394 E.01316
G1 X127.552 Y156.938 Z14.412 E.01755
G1 X126.552 Y156.938 Z14.43 E.02194
G1 X125.552 Y156.938 Z14.448 E.02633
G1 X124.552 Y156.938 Z14.466 E.03072
G1 X123.552 Y156.938 Z14.484 E.03511
G1 X122.552 Y156.938 Z14.502 E.03949
G1 X121.552 Y156.938 Z14.52 E.04388
G1 X120.552 Y156.938 Z14.538 E.04827
G1 X119.552 Y156.938 Z14.556 E.05266
G1 X118.552 Y156.938 Z14.574 E.05705
G1 X117.552 Y156.938 Z14.592 E.06143
G1 X116.552 Y156.938 Z14.61 E.06582
G1 X115.552 Y156.938 Z14.628 E.07021
G1 X114.552 Y156.938 Z14.646 E.0746
G1 X113.552 Y156.938 Z14.664 E.07899
G1 X112.552 Y156.938 Z14.682 E.08337
G1 X111.552 Y156.938 Z14.7 E.08776
G1 X61.263 Y156.938 E4.4135
;WIDTH:0.697791
G1 X61.082 Y156.896 E.01726
G1 X60.97 Y156.736 E.01814
;WIDTH:0.663629
G1 X60.97 Y51.067 E9.27379
;WIDTH:0.697791
G1 X61.012 Y50.886 E.01726
;WIDTH:0.702509
G1 X61.218 Y50.774 E.02194
;WIDTH:0.663626
G1 X161.841 Y50.775 E8.8309
;WIDTH:0.697759
G1 X162.019 Y50.813 E.0169
G1 X162.092 Y50.886 E.00959
G1 X162.134 Y51.067 E.01726
;WIDTH:0.663629
G1 X162.134 Y156.645 E9.26581
;WIDTH:0.69779
G1 X162.092 Y156.826 E.01726
G1 X162.022 Y156.896 E.00919
G1 X161.841 Y156.938 E.01726
;WIDTH:0.663629
G1 X131.552 Y156.938 E2.65824
G1 X130.552 Y156.938 E.08337
G1 X129.552 Y156.938 E.07899
G1 X128.552 Y156.938 E.0746
G1 X127.552 Y156.938 E.07021
G1 X126.552 Y156.938 E.06582
G1 X125.552 Y156.938 E.06143
G1 X124.552 Y156.938 E.05705
G1 X123.552 Y156.938 E.05266
G1 X122.552 Y156.938 E.04827
G1 X121.552 Y156.938 E.04388
G1 X120.552 Y156.938 E.03949
G1 X119.552 Y156.938 E.03511
G1 X118.552 Y156.938 E.03072
G1 X117.552 Y156.938 E.02633
G1 X116.552 Y156.938 E.02194
G1 X115.552 Y156.938 E.01755
G1 X114.552 Y156.938 E.01316
G1 X113.552 Y156.938 E.00878
G1 X112.552 Y156.938 E.00439
G1 X111.642 Y156.938 E.07986
;WIPE_START
G1 F9600
G1 X111.552 Y156.938 E-.01603
G1 X107.151 Y156.938 E-.78397
;WIPE_END
G1 X131.552 Y157.524 F12000
G1 Z14.34
G1 E.8 F1800
G1 F2661
G1 X130.552 Y157.524 Z14.358 E.00439
G1 X129.552 Y157.524 Z14.376 E.00878
G1 X128.552 Y157.524 Z14.394 E.01316
G1 X127.552 Y157.524 Z14.412 E.01755
G1 X126.552 Y157.524 Z14.43 E.02194
G1 X125.552 Y157.524 Z14.448 E.02633
G1 X124.552 Y157.524 Z14.466 E.03072
G1 X123.552 Y157.524 Z14.484 E.03511
G1 X122.552 Y157.524 Z14.502 E.03949
G1 X121.552 Y157.524 Z14.52 E.04388
G1 X120.552 Y157.524 Z14.538 E.04827
G1 X119.552 Y157.524 Z14.556 E.05266
G1 X118.552 Y157.524 Z14.574 E.05705
G1 X117.552 Y157.524 Z14.592 E.06143
G1 X116.552 Y157.524 Z14.61 E.06582
G1 X115.552 Y157.524 Z14.628 E.07021
G1 X114.552 Y157.524 Z14.646 E.0746
G1 X113.552 Y157.524 Z14.664 E.07899
G1 X112.552 Y157.524 Z14.682 E.08337
G1 X111.552 Y157.524 Z14.7 E.08776
G1 X61.101 Y157.524 E4.42771
;WIDTH:0.697791
G1 X60.722 Y157.402 E.03698
G1 X60.506 Y157.186 E.02837
G1 X60.416 Y156.938 E.0245
;WIDTH:0.676864
G1 X60.384 Y156.645 E.02645
;WIDTH:0.663629
G1 X60.384 Y50.905 E9.28002
;WIDTH:0.69779
G1 X60.506 Y50.526 E.03698
G1 X60.722 Y50.31 E.02837
G1 X60.97 Y50.22 E.0245
;WIDTH:0.676865
G1 X61.263 Y50.188 E.02645
;WIDTH:0.663626
G1 X162.011 Y50.19 E8.84187
;WIDTH:0.697763
G1 X162.272 Y50.257 E.02503
;WIDTH:0.702461
G1 X162.462 Y50.369 E.02064
G1 X162.634 Y50.577 E.02526
;WIDTH:0.69779
G1 X162.72 Y51.067 E.0462
;WIDTH:0.663629
G1 X162.72 Y156.807 E9.28002
;WIDTH:0.69779
G1 X162.598 Y157.186 E.03698
G1 X162.382 Y157.402 E.02837
G1 X162.049 Y157.513 E.0326
;WIDTH:0.672463
G1 X161.841 Y157.524 E.01856
;WIDTH:0.663629
G1 X131.552 Y157.524 E2.65824
G1 X130.552 Y157.524 E.08337
G1 X129.552 Y157.524 E.07899
G1 X128.552 Y157.524 E.0746
G1 X127.552 Y157.524 E.07021
G1 X126.552 Y157.524 E.06582
G1 X125.552 Y157.524 E.06143
G1 X124.552 Y157.524 E.05705
G1 X123.552 Y157.524 E.05266
G1 X122.552 Y157.524 E.04827
G1 X121.552 Y157.524 E.04388
G1 X120.552 Y157.524 E.03949
G1 X119.552 Y157.524 E.03511
G1 X118.552 Y157.524 E.03072
G1 X117.552 Y157.524 E.02633
G1 X116.552 Y157.524 E.02194
G1 X115.552 Y157.524 E.01755
G1 X114.552 Y157.524 E.01316
G1 X113.552 Y157.524 E.00878
G1 X112.552 Y157.524 E.00439
G1 X111.642 Y157.524 E.07986
;LAYER_CHANGE
;Z:15.06
;HEIGHT:0.360001
;BEFORE_LAYER_CHANGE
G92 E0
;15.06


;WIPE_START
G1 F9600
G1 X111.552 Y157.524 E-.01603
G1 X107.151 Y157.524 E-.78397
;WIPE_END
G1 Z15.06 F12000
;AFTER_LAYER_CHANGE
;15.06
G1 X131.552 Y156.938
G1 Z14.7
G1 E.8 F1800
G1 F2661
G1 X130.552 Y156.938 Z14.718 E.00439
G1 X129.552 Y156.938 Z14.736 E.00878
G1 X128.552 Y156.938 Z14.754 E.01316
G1 X127.552 Y156.938 Z14.772 E.01755
G1 X126.552 Y156.938 Z14.79 E.02194
G1 X125.552 Y156.938 Z14.808 E.02633
G1 X124.552 Y156.938 Z14.826 E.03072
G1 X123.552 Y156.938 Z14.844 E.03511
G1 X122.552 Y156.938 Z14.862 E.03949
G1 X121.552 Y156.938 Z14.88 E.04388
G1 X120.552 Y156.938 Z14.898 E.04827
G1 X119.552 Y156.938 Z14.916 E.05266
G1 X118.552 Y156.938 Z14.934 E.05705
G1 X117.552 Y156.938 Z14.952 E.06143
G1 X116.552 Y156.938 Z14.97 E.06582
G1 X115.552 Y156.938 Z14.988 E.07021
G1 X114.552 Y156.938 Z15.006 E.0746
G1 X113.552 Y156.938 Z15.024 E.07899
G1 X112.552 Y156.938 Z15.042 E.08337
G1 X111.552 Y156.938 Z15.06 E.08776
G1 X61.263 Y156.938 E4.4135
;WIDTH:0.697791
G1 X61.082 Y156.896 E.01726
G1 X60.97 Y156.736 E.01814
;WIDTH:0.663629
G1 X60.97 Y51.067 E9.27379
;WIDTH:0.697791
G1 X61.012 Y50.886 E.01726
;WIDTH:0.702509
G1 X61.218 Y50.774 E.02194
;WIDTH:0.663626
G1 X161.841 Y50.775 E8.8309
;WIDTH:0.697758
G1 X162.019 Y50.813 E.0169
G1 X162.092 Y50.886 E.00959
G1 X162.134 Y51.067 E.01726
;WIDTH:0.663629
G1 X162.134 Y156.645 E9.26581
;WIDTH:0.69779
G1 X162.092 Y156.826 E.01726
G1 X162.022 Y156.896 E.00919
G1 X161.841 Y156.938 E.01726
;WIDTH:0.663629
G1 X131.552 Y156.938 E2.65824
G1 X130.552 Y156.938 E.08337
G1 X129.552 Y156.938 E.07899
G1 X128.552 Y156.938 E.0746
G1 X127.552 Y156.938 E.07021
G1 X126.552 Y156.938 E.06582
G1 X125.552 Y156.938 E.06143
G1 X124.552 Y156.938 E.05705
G1 X123.552 Y156.938 E.05266
G1 X122.552 Y156.938 E.04827
G1 X121.552 Y156.938 E.04388
G1 X120.552 Y156.938 E.03949
G1 X119.552 Y156.938 E.03511
G1 X118.552 Y156.938 E.03072
G1 X117.552 Y156.938 E.02633
G1 X116.552 Y156.938 E.02194
G1 X115.552 Y156.938 E.01755
G1 X114.552 Y156.938 E.01316
G1 X113.552 Y156.938 E.00878
G1 X112.552 Y156.938 E.00439
G1 X111.642 Y156.938 E.07986
;WIPE_START
G1 F9600
G1 X111.552 Y156.938 E-.01603
G1 X107.151 Y156.938 E-.78397
;WIPE_END
G1 X131.552 Y157.524 F12000
G1 Z14.7
G1 E.8 F1800
G1 F2661
G1 X130.552 Y157.524 Z14.718 E.00439
G1 X129.552 Y157.524 Z14.736 E.00878
G1 X128.552 Y157.524 Z14.754 E.01316
G1 X127.552 Y157.524 Z14.772 E.01755
G1 X126.552 Y157.524 Z14.79 E.02194
G1 X125.552 Y157.524 Z14.808 E.02633
G1 X124.552 Y157.524 Z14.826 E.03072
G1 X123.552 Y157.524 Z14.844 E.03511
G1 X122.552 Y157.524 Z14.862 E.03949
G1 X121.552 Y157.524 Z14.88 E.04388
G1 X120.552 Y157.524 Z14.898 E.04827
G1 X119.552 Y157.524 Z14.916 E.05266
G1 X118.552 Y157.524 Z14.934 E.05705
G1 X117.552 Y157.524 Z14.952 E.06143
G1 X116.552 Y157.524 Z14.97 E.06582
G1 X115.552 Y157.524 Z14.988 E.07021
G1 X114.552 Y157.524 Z15.006 E.0746
G1 X113.552 Y157.524 Z15.024 E.07899
G1 X112.552 Y157.524 Z15.042 E.08337
G1 X111.552 Y157.524 Z15.06 E.08776
G1 X61.101 Y157.524 E4.42771
;WIDTH:0.697791
G1 X60.722 Y157.402 E.03698
G1 X60.506 Y157.186 E.02837
G1 X60.416 Y156.938 E.0245
;WIDTH:0.676864
G1 X60.384 Y156.645 E.02645
;WIDTH:0.663629
G1 X60.384 Y50.905 E9.28002
;WIDTH:0.697791
G1 X60.506 Y50.526 E.03698
G1 X60.722 Y50.31 E.02837
G1 X60.97 Y50.22 E.0245
;WIDTH:0.676864
G1 X61.263 Y50.188 E.02645
;WIDTH:0.663626
G1 X162.01 Y50.19 E8.84178
;WIDTH:0.697762
G1 X162.272 Y50.257 E.02512
;WIDTH:0.702459
G1 X162.462 Y50.369 E.02064
G1 X162.634 Y50.577 E.02526
;WIDTH:0.69779
G1 X162.72 Y51.067 E.0462
;WIDTH:0.663629
G1 X162.72 Y156.807 E9.28002
;WIDTH:0.69779
G1 X162.598 Y157.186 E.03698
G1 X162.382 Y157.402 E.02837
G1 X162.049 Y157.513 E.0326
;WIDTH:0.672463
G1 X161.841 Y157.524 E.01856
;WIDTH:0.663629
G1 X131.552 Y157.524 E2.65824
G1 X130.552 Y157.524 E.08337
G1 X129.552 Y157.524 E.07899
G1 X128.552 Y157.524 E.0746
G1 X127.552 Y157.524 E.07021
G1 X126.552 Y157.524 E.06582
G1 X125.552 Y157.524 E.06143
G1 X124.552 Y157.524 E.05705
G1 X123.552 Y157.524 E.05266
G1 X122.552 Y157.524 E.04827
G1 X121.552 Y157.524 E.04388
G1 X120.552 Y157.524 E.03949
G1 X119.552 Y157.524 E.03511
G1 X118.552 Y157.524 E.03072
G1 X117.552 Y157.524 E.02633
G1 X116.552 Y157.524 E.02194
G1 X115.552 Y157.524 E.01755
G1 X114.552 Y157.524 E.01316
G1 X113.552 Y157.524 E.00878
G1 X112.552 Y157.524 E.00439
G1 X111.642 Y157.524 E.07986
;LAYER_CHANGE
;Z:15.42
;HEIGHT:0.36
;BEFORE_LAYER_CHANGE
G92 E0
;15.42


;WIPE_START
G1 F9600
G1 X111.552 Y157.524 E-.01603
G1 X107.151 Y157.524 E-.78397
;WIPE_END
G1 Z15.42 F12000
;AFTER_LAYER_CHANGE
;15.42
G1 X131.552 Y156.938
G1 Z15.06
G1 E.8 F1800
G1 F2661
G1 X130.552 Y156.938 Z15.078 E.00439
G1 X129.552 Y156.938 Z15.096 E.00878
G1 X128.552 Y156.938 Z15.114 E.01316
G1 X127.552 Y156.938 Z15.132 E.01755
G1 X126.552 Y156.938 Z15.15 E.02194
G1 X125.552 Y156.938 Z15.168 E.02633
G1 X124.552 Y156.938 Z15.186 E.03072
G1 X123.552 Y156.938 Z15.204 E.03511
G1 X122.552 Y156.938 Z15.222 E.03949
G1 X121.552 Y156.938 Z15.24 E.04388
G1 X120.552 Y156.938 Z15.258 E.04827
G1 X119.552 Y156.938 Z15.276 E.05266
G1 X118.552 Y156.938 Z15.294 E.05705
G1 X117.552 Y156.938 Z15.312 E.06143
G1 X116.552 Y156.938 Z15.33 E.06582
G1 X115.552 Y156.938 Z15.348 E.07021
G1 X114.552 Y156.938 Z15.366 E.0746
G1 X113.552 Y156.938 Z15.384 E.07899
G1 X112.552 Y156.938 Z15.402 E.08337
G1 X111.552 Y156.938 Z15.42 E.08776
G1 X61.263 Y156.938 E4.4135
;WIDTH:0.69779
G1 X61.082 Y156.896 E.01726
G1 X60.97 Y156.736 E.01814
;WIDTH:0.663629
G1 X60.97 Y51.067 E9.27379
;WIDTH:0.697791
G1 X61.012 Y50.886 E.01726
;WIDTH:0.702509
G1 X61.218 Y50.774 E.02194
;WIDTH:0.663626
G1 X161.841 Y50.775 E8.8309
;WIDTH:0.697758
G1 X162.019 Y50.813 E.0169
G1 X162.092 Y50.886 E.00959
G1 X162.134 Y51.067 E.01726
;WIDTH:0.663629
G1 X162.134 Y156.645 E9.26581
;WIDTH:0.69779
G1 X162.092 Y156.826 E.01726
G1 X162.022 Y156.896 E.00919
G1 X161.841 Y156.938 E.01726
;WIDTH:0.663629
G1 X131.552 Y156.938 E2.65824
G1 X130.552 Y156.938 E.08337
G1 X129.552 Y156.938 E.07899
G1 X128.552 Y156.938 E.0746
G1 X127.552 Y156.938 E.07021
G1 X126.552 Y156.938 E.06582
G1 X125.552 Y156.938 E.06143
G1 X124.552 Y156.938 E.05705
G1 X123.552 Y156.938 E.05266
G1 X122.552 Y156.938 E.04827
G1 X121.552 Y156.938 E.04388
G1 X120.552 Y156.938 E.03949
G1 X119.552 Y156.938 E.03511
G1 X118.552 Y156.938 E.03072
G1 X117.552 Y156.938 E.02633
G1 X116.552 Y156.938 E.02194
G1 X115.552 Y156.938 E.01755
G1 X114.552 Y156.938 E.01316
G1 X113.552 Y156.938 E.00878
G1 X112.552 Y156.938 E.00439
G1 X111.642 Y156.938 E.07986
;WIPE_START
G1 F9600
G1 X111.552 Y156.938 E-.01603
G1 X107.151 Y156.938 E-.78397
;WIPE_END
G1 X131.552 Y157.524 F12000
G1 Z15.06
G1 E.8 F1800
G1 F2661
G1 X130.552 Y157.524 Z15.078 E.00439
G1 X129.552 Y157.524 Z15.096 E.00878
G1 X128.552 Y157.524 Z15.114 E.01316
G1 X127.552 Y157.524 Z15.132 E.01755
G1 X126.552 Y157.524 Z15.15 E.02194
G1 X125.552 Y157.524 Z15.168 E.02633
G1 X124.552 Y157.524 Z15.186 E.03072
G1 X123.552 Y157.524 Z15.204 E.03511
G1 X122.552 Y157.524 Z15.222 E.03949
G1 X121.552 Y157.524 Z15.24 E.04388
G1 X120.552 Y157.524 Z15.258 E.04827
G1 X119.552 Y157.524 Z15.276 E.05266
G1 X118.552 Y157.524 Z15.294 E.05705
G1 X117.552 Y157.524 Z15.312 E.06143
G1 X116.552 Y157.524 Z15.33 E.06582
G1 X115.552 Y157.524 Z15.348 E.07021
G1 X114.552 Y157.524 Z15.366 E.0746
G1 X113.552 Y157.524 Z15.384 E.07899
G1 X112.552 Y157.524 Z15.402 E.08337
G1 X111.552 Y157.524 Z15.42 E.08776
G1 X61.101 Y157.524 E4.42771
;WIDTH:0.697791
G1 X60.722 Y157.402 E.03698
G1 X60.506 Y157.186 E.02837
G1 X60.416 Y156.938 E.0245
;WIDTH:0.676865
G1 X60.384 Y156.645 E.02645
;WIDTH:0.663629
G1 X60.384 Y50.905 E9.28002
;WIDTH:0.69779
G1 X60.506 Y50.526 E.03698
G1 X60.722 Y50.31 E.02837
G1 X60.97 Y50.22 E.0245
;WIDTH:0.676864
G1 X61.263 Y50.188 E.02645
;WIDTH:0.663626
G1 X162.008 Y50.19 E8.8416
;WIDTH:0.697761
G1 X162.272 Y50.257 E.0253
;WIDTH:0.70246
G1 X162.462 Y50.369 E.02064
G1 X162.634 Y50.577 E.02526
;WIDTH:0.697789
G1 X162.72 Y51.067 E.0462
;WIDTH:0.663629
G1 X162.72 Y156.807 E9.28002
;WIDTH:0.697789
G1 X162.598 Y157.186 E.03698
G1 X162.382 Y157.402 E.02837
G1 X162.049 Y157.513 E.0326
;WIDTH:0.672463
G1 X161.841 Y157.524 E.01856
;WIDTH:0.663629
G1 X131.552 Y157.524 E2.65824
G1 X130.552 Y157.524 E.08337
G1 X129.552 Y157.524 E.07899
G1 X128.552 Y157.524 E.0746
G1 X127.552 Y157.524 E.07021
G1 X126.552 Y157.524 E.06582
G1 X125.552 Y157.524 E.06143
G1 X124.552 Y157.524 E.05705
G1 X123.552 Y157.524 E.05266
G1 X122.552 Y157.524 E.04827
G1 X121.552 Y157.524 E.04388
G1 X120.552 Y157.524 E.03949
G1 X119.552 Y157.524 E.03511
G1 X118.552 Y157.524 E.03072
G1 X117.552 Y157.524 E.02633
G1 X116.552 Y157.524 E.02194
G1 X115.552 Y157.524 E.01755
G1 X114.552 Y157.524 E.01316
G1 X113.552 Y157.524 E.00878
G1 X112.552 Y157.524 E.00439
G1 X111.642 Y157.524 E.07986
;LAYER_CHANGE
;Z:15.78
;HEIGHT:0.36
;BEFORE_LAYER_CHANGE
G92 E0
;15.78


;WIPE_START
G1 F9600
G1 X111.552 Y157.524 E-.01603
G1 X107.151 Y157.524 E-.78397
;WIPE_END
G1 Z15.78 F12000
;AFTER_LAYER_CHANGE
;15.78
G1 X131.552 Y156.938
G1 Z15.42
G1 E.8 F1800
G1 F2661
G1 X130.552 Y156.938 Z15.438 E.00439
G1 X129.552 Y156.938 Z15.456 E.00878
G1 X128.552 Y156.938 Z15.474 E.01316
G1 X127.552 Y156.938 Z15.492 E.01755
G1 X126.552 Y156.938 Z15.51 E.02194
G1 X125.552 Y156.938 Z15.528 E.02633
G1 X124.552 Y156.938 Z15.546 E.03072
G1 X123.552 Y156.938 Z15.564 E.03511
G1 X122.552 Y156.938 Z15.582 E.03949
G1 X121.552 Y156.938 Z15.6 E.04388
G1 X120.552 Y156.938 Z15.618 E.04827
G1 X119.552 Y156.938 Z15.636 E.05266
G1 X118.552 Y156.938 Z15.654 E.05705
G1 X117.552 Y156.938 Z15.672 E.06143
G1 X116.552 Y156.938 Z15.69 E.06582
G1 X115.552 Y156.938 Z15.708 E.07021
G1 X114.552 Y156.938 Z15.726 E.0746
G1 X113.552 Y156.938 Z15.744 E.07899
G1 X112.552 Y156.938 Z15.762 E.08337
G1 X111.552 Y156.938 Z15.78 E.08776
G1 X61.263 Y156.938 E4.4135
;WIDTH:0.697791
G1 X61.082 Y156.896 E.01726
G1 X60.97 Y156.736 E.01814
;WIDTH:0.663629
G1 X60.97 Y51.067 E9.27379
;WIDTH:0.697791
G1 X61.012 Y50.886 E.01726
;WIDTH:0.70251
G1 X61.218 Y50.774 E.02194
;WIDTH:0.663626
G1 X161.841 Y50.775 E8.8309
;WIDTH:0.697758
G1 X162.019 Y50.813 E.0169
G1 X162.092 Y50.886 E.00959
G1 X162.134 Y51.067 E.01726
;WIDTH:0.663629
G1 X162.134 Y156.645 E9.26581
;WIDTH:0.69779
G1 X162.092 Y156.826 E.01726
G1 X162.022 Y156.896 E.00919
G1 X161.841 Y156.938 E.01726
;WIDTH:0.663629
G1 X131.552 Y156.938 E2.65824
G1 X130.552 Y156.938 E.08337
G1 X129.552 Y156.938 E.07899
G1 X128.552 Y156.938 E.0746
G1 X127.552 Y156.938 E.07021
G1 X126.552 Y156.938 E.06582
G1 X125.552 Y156.938 E.06143
G1 X124.552 Y156.938 E.05705
G1 X123.552 Y156.938 E.05266
G1 X122.552 Y156.938 E.04827
G1 X121.552 Y156.938 E.04388
G1 X120.552 Y156.938 E.03949
G1 X119.552 Y156.938 E.03511
G1 X118.552 Y156.938 E.03072
G1 X117.552 Y156.938 E.02633
G1 X116.552 Y156.938 E.02194
G1 X115.552 Y156.938 E.01755
G1 X114.552 Y156.938 E.01316
G1 X113.552 Y156.938 E.00878
G1 X112.552 Y156.938 E.00439
G1 X111.642 Y156.938 E.07986
;WIPE_START
G1 F9600
G1 X111.552 Y156.938 E-.01603
G1 X107.151 Y156.938 E-.78397
;WIPE_END
G1 X131.552 Y157.524 F12000
G1 Z15.42
G1 E.8 F1800
G1 F2661
G1 X130.552 Y157.524 Z15.438 E.00439
G1 X129.552 Y157.524 Z15.456 E.00878
G1 X128.552 Y157.524 Z15.474 E.01316
G1 X127.552 Y157.524 Z15.492 E.01755
G1 X126.552 Y157.524 Z15.51 E.02194
G1 X125.552 Y157.524 Z15.528 E.02633
G1 X124.552 Y157.524 Z15.546 E.03072
G1 X123.552 Y157.524 Z15.564 E.03511
G1 X122.552 Y157.524 Z15.582 E.03949
G1 X121.552 Y157.524 Z15.6 E.04388
G1 X120.552 Y157.524 Z15.618 E.04827
G1 X119.552 Y157.524 Z15.636 E.05266
G1 X118.552 Y157.524 Z15.654 E.05705
G1 X117.552 Y157.524 Z15.672 E.06143
G1 X116.552 Y157.524 Z15.69 E.06582
G1 X115.552 Y157.524 Z15.708 E.07021
G1 X114.552 Y157.524 Z15.726 E.0746
G1 X113.552 Y157.524 Z15.744 E.07899
G1 X112.552 Y157.524 Z15.762 E.08337
G1 X111.552 Y157.524 Z15.78 E.08776
G1 X61.101 Y157.524 E4.42771
;WIDTH:0.697791
G1 X60.722 Y157.402 E.03698
G1 X60.506 Y157.186 E.02837
G1 X60.416 Y156.938 E.0245
;WIDTH:0.676864
G1 X60.384 Y156.645 E.02645
;WIDTH:0.663629
G1 X60.384 Y50.905 E9.28002
;WIDTH:0.697791
G1 X60.506 Y50.526 E.03698
G1 X60.722 Y50.31 E.02837
G1 X60.97 Y50.22 E.0245
;WIDTH:0.676864
G1 X61.263 Y50.188 E.02645
;WIDTH:0.663626
G1 X162.006 Y50.19 E8.84143
;WIDTH:0.69776
G1 X162.272 Y50.257 E.02548
;WIDTH:0.702459
G1 X162.462 Y50.369 E.02064
G1 X162.634 Y50.577 E.02526
;WIDTH:0.69779
G1 X162.72 Y51.067 E.0462
;WIDTH:0.663629
G1 X162.72 Y156.807 E9.28002
;WIDTH:0.69779
G1 X162.598 Y157.186 E.03698
G1 X162.382 Y157.402 E.02837
G1 X162.049 Y157.513 E.0326
;WIDTH:0.672463
G1 X161.841 Y157.524 E.01856
;WIDTH:0.663629
G1 X131.552 Y157.524 E2.65824
G1 X130.552 Y157.524 E.08337
G1 X129.552 Y157.524 E.07899
G1 X128.552 Y157.524 E.0746
G1 X127.552 Y157.524 E.07021
G1 X126.552 Y157.524 E.06582
G1 X125.552 Y157.524 E.06143
G1 X124.552 Y157.524 E.05705
G1 X123.552 Y157.524 E.05266
G1 X122.552 Y157.524 E.04827
G1 X121.552 Y157.524 E.04388
G1 X120.552 Y157.524 E.03949
G1 X119.552 Y157.524 E.03511
G1 X118.552 Y157.524 E.03072
G1 X117.552 Y157.524 E.02633
G1 X116.552 Y157.524 E.02194
G1 X115.552 Y157.524 E.01755
G1 X114.552 Y157.524 E.01316
G1 X113.552 Y157.524 E.00878
G1 X112.552 Y157.524 E.00439
G1 X111.642 Y157.524 E.07986
;LAYER_CHANGE
;Z:16.14
;HEIGHT:0.36
;BEFORE_LAYER_CHANGE
G92 E0
;16.14


;WIPE_START
G1 F9600
G1 X111.552 Y157.524 E-.01603
G1 X107.151 Y157.524 E-.78397
;WIPE_END
G1 Z16.14 F12000
;AFTER_LAYER_CHANGE
;16.14
G1 X131.552 Y156.938
G1 Z15.78
G1 E.8 F1800
G1 F2661
G1 X130.552 Y156.938 Z15.798 E.00439
G1 X129.552 Y156.938 Z15.816 E.00878
G1 X128.552 Y156.938 Z15.834 E.01316
G1 X127.552 Y156.938 Z15.852 E.01755
G1 X126.552 Y156.938 Z15.87 E.02194
G1 X125.552 Y156.938 Z15.888 E.02633
G1 X124.552 Y156.938 Z15.906 E.03072
G1 X123.552 Y156.938 Z15.924 E.03511
G1 X122.552 Y156.938 Z15.942 E.03949
G1 X121.552 Y156.938 Z15.96 E.04388
G1 X120.552 Y156.938 Z15.978 E.04827
G1 X119.552 Y156.938 Z15.996 E.05266
G1 X118.552 Y156.938 Z16.014 E.05705
G1 X117.552 Y156.938 Z16.032 E.06143
G1 X116.552 Y156.938 Z16.05 E.06582
G1 X115.552 Y156.938 Z16.068 E.07021
G1 X114.552 Y156.938 Z16.086 E.0746
G1 X113.552 Y156.938 Z16.104 E.07899
G1 X112.552 Y156.938 Z16.122 E.08337
G1 X111.552 Y156.938 Z16.14 E.08776
G1 X61.263 Y156.938 E4.4135
;WIDTH:0.697791
G1 X61.082 Y156.896 E.01726
G1 X60.97 Y156.736 E.01814
;WIDTH:0.663629
G1 X60.97 Y51.067 E9.27379
;WIDTH:0.69779
G1 X61.012 Y50.886 E.01726
G1 X61.172 Y50.774 E.01814
;WIDTH:0.663626
G1 X161.841 Y50.775 E8.83493
;WIDTH:0.697759
G1 X162.019 Y50.813 E.0169
G1 X162.092 Y50.886 E.00959
G1 X162.134 Y51.067 E.01726
;WIDTH:0.663629
G1 X162.134 Y156.645 E9.26581
;WIDTH:0.69779
G1 X162.092 Y156.826 E.01726
G1 X162.022 Y156.896 E.00919
G1 X161.841 Y156.938 E.01726
;WIDTH:0.663629
G1 X131.552 Y156.938 E2.65824
G1 X130.552 Y156.938 E.08337
G1 X129.552 Y156.938 E.07899
G1 X128.552 Y156.938 E.0746
G1 X127.552 Y156.938 E.07021
G1 X126.552 Y156.938 E.06582
G1 X125.552 Y156.938 E.06143
G1 X124.552 Y156.938 E.05705
G1 X123.552 Y156.938 E.05266
G1 X122.552 Y156.938 E.04827
G1 X121.552 Y156.938 E.04388
G1 X120.552 Y156.938 E.03949
G1 X119.552 Y156.938 E.03511
G1 X118.552 Y156.938 E.03072
G1 X117.552 Y156.938 E.02633
G1 X116.552 Y156.938 E.02194
G1 X115.552 Y156.938 E.01755
G1 X114.552 Y156.938 E.01316
G1 X113.552 Y156.938 E.00878
G1 X112.552 Y156.938 E.00439
G1 X111.642 Y156.938 E.07986
;WIPE_START
G1 F9600
G1 X111.552 Y156.938 E-.01603
G1 X107.151 Y156.938 E-.78397
;WIPE_END
G1 X131.552 Y157.524 F12000
G1 Z15.78
G1 E.8 F1800
G1 F2661
G1 X130.6 Y157.524 Z15.797 E.00398
G1 X129.647 Y157.524 Z15.814 E.00797
G1 X128.695 Y157.524 Z15.831 E.01194
G1 X127.743 Y157.524 Z15.849 E.01591
G1 X126.79 Y157.524 Z15.866 E.01991
G1 X125.838 Y157.524 Z15.883 E.02387
G1 X124.885 Y157.524 Z15.9 E.02788
G1 X123.933 Y157.524 Z15.917 E.03183
G1 X122.981 Y157.524 Z15.934 E.03581
G1 X122.028 Y157.524 Z15.951 E.03983
G1 X121.076 Y157.524 Z15.969 E.04376
G1 X120.124 Y157.524 Z15.986 E.04774
G1 X119.171 Y157.524 Z16.003 E.05178
G1 X118.219 Y157.524 Z16.02 E.0557
G1 X117.266 Y157.524 Z16.037 E.05974
G1 X116.314 Y157.524 Z16.054 E.06366
G1 X115.362 Y157.524 Z16.071 E.06764
G1 X114.409 Y157.524 Z16.089 E.07169
G1 X113.457 Y157.524 Z16.106 E.07559
G1 X112.504 Y157.524 Z16.123 E.07966
G1 X111.552 Y157.524 Z16.14 E.08355
G1 X61.101 Y157.524 E4.42771
;WIDTH:0.697791
G1 X60.722 Y157.402 E.03698
G1 X60.506 Y157.186 E.02837
G1 X60.416 Y156.938 E.0245
;WIDTH:0.676864
G1 X60.384 Y156.645 E.02645
;WIDTH:0.663629
G1 X60.384 Y50.905 E9.28002
;WIDTH:0.697791
G1 X60.506 Y50.526 E.03698
G1 X60.722 Y50.31 E.02837
G1 X60.97 Y50.22 E.0245
;WIDTH:0.676864
G1 X61.263 Y50.188 E.02645
;WIDTH:0.663626
G1 X162.004 Y50.19 E8.84125
;WIDTH:0.69776
G1 X162.272 Y50.258 E.02568
;WIDTH:0.70246
G1 X162.462 Y50.369 E.02059
G1 X162.634 Y50.577 E.02526
;WIDTH:0.69779
G1 X162.72 Y51.067 E.0462
;WIDTH:0.663629
G1 X162.72 Y156.807 E9.28002
;WIDTH:0.69779
G1 X162.598 Y157.186 E.03698
G1 X162.382 Y157.402 E.02837
G1 X162.049 Y157.513 E.0326
;WIDTH:0.672463
G1 X161.841 Y157.524 E.01856
;WIDTH:0.663629
G1 X131.552 Y157.524 E2.65824
G1 X130.6 Y157.524 E.07957
G1 X129.647 Y157.524 E.07567
G1 X128.695 Y157.524 E.07161
G1 X127.743 Y157.524 E.06764
G1 X126.79 Y157.524 E.06372
G1 X125.838 Y157.524 E.05968
G1 X124.885 Y157.524 E.05576
G1 X123.933 Y157.524 E.05172
G1 X122.981 Y157.524 E.04774
G1 X122.028 Y157.524 E.04381
G1 X121.076 Y157.524 E.03979
G1 X120.124 Y157.524 E.03581
G1 X119.171 Y157.524 E.03186
G1 X118.219 Y157.524 E.02785
G1 X117.266 Y157.524 E.0239
G1 X116.314 Y157.524 E.01989
G1 X115.362 Y157.524 E.01591
G1 X114.409 Y157.524 E.01195
G1 X113.457 Y157.524 E.00796
G1 X112.504 Y157.524 E.00398
G1 X111.642 Y157.524 E.07565
;LAYER_CHANGE
;Z:16.5
;HEIGHT:0.360001
;BEFORE_LAYER_CHANGE
G92 E0
;16.5


;WIPE_START
G1 F9600
G1 X111.552 Y157.524 E-.01603
G1 X107.151 Y157.524 E-.78397
;WIPE_END
G1 Z16.5 F12000
;AFTER_LAYER_CHANGE
;16.5
G1 X131.552 Y156.938
G1 Z16.14
G1 E.8 F1800
G1 F2661
G1 X130.552 Y156.938 Z16.158 E.00439
G1 X129.552 Y156.938 Z16.176 E.00878
G1 X128.552 Y156.938 Z16.194 E.01316
G1 X127.552 Y156.938 Z16.212 E.01755
G1 X126.552 Y156.938 Z16.23 E.02194
G1 X125.552 Y156.938 Z16.248 E.02633
G1 X124.552 Y156.938 Z16.266 E.03072
G1 X123.552 Y156.938 Z16.284 E.03511
G1 X122.552 Y156.938 Z16.302 E.03949
G1 X121.552 Y156.938 Z16.32 E.04388
G1 X120.552 Y156.938 Z16.338 E.04827
G1 X119.552 Y156.938 Z16.356 E.05266
G1 X118.552 Y156.938 Z16.374 E.05705
G1 X117.552 Y156.938 Z16.392 E.06143
G1 X116.552 Y156.938 Z16.41 E.06582
G1 X115.552 Y156.938 Z16.428 E.07021
G1 X114.552 Y156.938 Z16.446 E.0746
G1 X113.552 Y156.938 Z16.464 E.07899
G1 X112.552 Y156.938 Z16.482 E.08337
G1 X111.552 Y156.938 Z16.5 E.08776
G1 X61.263 Y156.938 E4.4135
;WIDTH:0.69779
G1 X61.082 Y156.896 E.01726
G1 X60.97 Y156.736 E.01814
;WIDTH:0.663629
G1 X60.97 Y51.067 E9.27379
;WIDTH:0.697791
G1 X61.012 Y50.886 E.01726
G1 X61.172 Y50.774 E.01814
;WIDTH:0.663626
G1 X161.841 Y50.775 E8.83493
;WIDTH:0.697759
G1 X162.019 Y50.813 E.0169
G1 X162.092 Y50.886 E.00959
G1 X162.134 Y51.067 E.01726
;WIDTH:0.663629
G1 X162.134 Y156.645 E9.26581
;WIDTH:0.69779
G1 X162.092 Y156.826 E.01726
G1 X162.022 Y156.896 E.00919
G1 X161.841 Y156.938 E.01726
;WIDTH:0.663629
G1 X131.552 Y156.938 E2.65824
G1 X130.552 Y156.938 E.08337
G1 X129.552 Y156.938 E.07899
G1 X128.552 Y156.938 E.0746
G1 X127.552 Y156.938 E.07021
G1 X126.552 Y156.938 E.06582
G1 X125.552 Y156.938 E.06143
G1 X124.552 Y156.938 E.05705
G1 X123.552 Y156.938 E.05266
G1 X122.552 Y156.938 E.04827
G1 X121.552 Y156.938 E.04388
G1 X120.552 Y156.938 E.03949
G1 X119.552 Y156.938 E.03511
G1 X118.552 Y156.938 E.03072
G1 X117.552 Y156.938 E.02633
G1 X116.552 Y156.938 E.02194
G1 X115.552 Y156.938 E.01755
G1 X114.552 Y156.938 E.01316
G1 X113.552 Y156.938 E.00878
G1 X112.552 Y156.938 E.00439
G1 X111.642 Y156.938 E.07986
;WIPE_START
G1 F9600
G1 X111.552 Y156.938 E-.01603
G1 X107.151 Y156.938 E-.78397
;WIPE_END
G1 X131.552 Y157.524 F12000
G1 Z16.14
G1 E.8 F1800
G1 F2661
G1 X130.6 Y157.524 Z16.157 E.00398
G1 X129.647 Y157.524 Z16.174 E.00797
G1 X128.695 Y157.524 Z16.191 E.01194
G1 X127.743 Y157.524 Z16.209 E.01591
G1 X126.79 Y157.524 Z16.226 E.01991
G1 X125.838 Y157.524 Z16.243 E.02387
G1 X124.885 Y157.524 Z16.26 E.02788
G1 X123.933 Y157.524 Z16.277 E.03183
G1 X122.981 Y157.524 Z16.294 E.03581
G1 X122.028 Y157.524 Z16.311 E.03983
G1 X121.076 Y157.524 Z16.329 E.04376
G1 X120.124 Y157.524 Z16.346 E.04774
G1 X119.171 Y157.524 Z16.363 E.05178
G1 X118.219 Y157.524 Z16.38 E.0557
G1 X117.266 Y157.524 Z16.397 E.05974
G1 X116.314 Y157.524 Z16.414 E.06366
G1 X115.362 Y157.524 Z16.431 E.06764
G1 X114.409 Y157.524 Z16.449 E.07169
G1 X113.457 Y157.524 Z16.466 E.07559
G1 X112.504 Y157.524 Z16.483 E.07966
G1 X111.552 Y157.524 Z16.5 E.08355
G1 X61.101 Y157.524 E4.42771
;WIDTH:0.697791
G1 X60.722 Y157.402 E.03698
G1 X60.506 Y157.186 E.02837
G1 X60.416 Y156.938 E.0245
;WIDTH:0.676864
G1 X60.384 Y156.645 E.02645
;WIDTH:0.663629
G1 X60.384 Y50.905 E9.28002
;WIDTH:0.697791
G1 X60.506 Y50.526 E.03698
G1 X60.722 Y50.31 E.02837
G1 X60.97 Y50.22 E.0245
;WIDTH:0.676864
G1 X61.263 Y50.188 E.02645
;WIDTH:0.663626
G1 X162.003 Y50.19 E8.84116
;WIDTH:0.697759
G1 X162.272 Y50.258 E.02577
;WIDTH:0.70246
G1 X162.462 Y50.369 E.02059
G1 X162.634 Y50.577 E.02526
;WIDTH:0.69779
G1 X162.72 Y51.067 E.0462
;WIDTH:0.663629
G1 X162.72 Y156.807 E9.28002
;WIDTH:0.697789
G1 X162.598 Y157.186 E.03698
G1 X162.382 Y157.402 E.02837
G1 X162.049 Y157.513 E.0326
;WIDTH:0.672462
G1 X161.841 Y157.524 E.01856
;WIDTH:0.663629
G1 X131.552 Y157.524 E2.65824
G1 X130.6 Y157.524 E.07957
G1 X129.647 Y157.524 E.07567
G1 X128.695 Y157.524 E.07161
G1 X127.743 Y157.524 E.06764
G1 X126.79 Y157.524 E.06372
G1 X125.838 Y157.524 E.05968
G1 X124.885 Y157.524 E.05576
G1 X123.933 Y157.524 E.05172
G1 X122.981 Y157.524 E.04774
G1 X122.028 Y157.524 E.04381
G1 X121.076 Y157.524 E.03979
G1 X120.124 Y157.524 E.03581
G1 X119.171 Y157.524 E.03186
G1 X118.219 Y157.524 E.02785
G1 X117.266 Y157.524 E.0239
G1 X116.314 Y157.524 E.01989
G1 X115.362 Y157.524 E.01591
G1 X114.409 Y157.524 E.01195
G1 X113.457 Y157.524 E.00796
G1 X112.504 Y157.524 E.00398
G1 X111.642 Y157.524 E.07565
;LAYER_CHANGE
;Z:16.86
;HEIGHT:0.360001
;BEFORE_LAYER_CHANGE
G92 E0
;16.86


;WIPE_START
G1 F9600
G1 X111.552 Y157.524 E-.01603
G1 X107.151 Y157.524 E-.78397
;WIPE_END
G1 Z16.86 F12000
;AFTER_LAYER_CHANGE
;16.86
G1 X131.552 Y156.938
G1 Z16.5
G1 E.8 F1800
G1 F2661
G1 X130.552 Y156.938 Z16.518 E.00439
G1 X129.552 Y156.938 Z16.536 E.00878
G1 X128.552 Y156.938 Z16.554 E.01316
G1 X127.552 Y156.938 Z16.572 E.01755
G1 X126.552 Y156.938 Z16.59 E.02194
G1 X125.552 Y156.938 Z16.608 E.02633
G1 X124.552 Y156.938 Z16.626 E.03072
G1 X123.552 Y156.938 Z16.644 E.03511
G1 X122.552 Y156.938 Z16.662 E.03949
G1 X121.552 Y156.938 Z16.68 E.04388
G1 X120.552 Y156.938 Z16.698 E.04827
G1 X119.552 Y156.938 Z16.716 E.05266
G1 X118.552 Y156.938 Z16.734 E.05705
G1 X117.552 Y156.938 Z16.752 E.06143
G1 X116.552 Y156.938 Z16.77 E.06582
G1 X115.552 Y156.938 Z16.788 E.07021
G1 X114.552 Y156.938 Z16.806 E.0746
G1 X113.552 Y156.938 Z16.824 E.07899
G1 X112.552 Y156.938 Z16.842 E.08337
G1 X111.552 Y156.938 Z16.86 E.08776
G1 X61.263 Y156.938 E4.4135
;WIDTH:0.69779
G1 X61.082 Y156.896 E.01726
G1 X60.97 Y156.736 E.01814
;WIDTH:0.663629
G1 X60.97 Y51.067 E9.27379
;WIDTH:0.69779
G1 X61.012 Y50.886 E.01726
G1 X61.172 Y50.774 E.01814
;WIDTH:0.663626
G1 X161.841 Y50.775 E8.83493
;WIDTH:0.697759
G1 X162.019 Y50.813 E.0169
G1 X162.092 Y50.886 E.00959
G1 X162.134 Y51.067 E.01726
;WIDTH:0.663629
G1 X162.134 Y156.645 E9.26581
;WIDTH:0.69779
G1 X162.092 Y156.826 E.01726
G1 X162.022 Y156.896 E.00919
G1 X161.841 Y156.938 E.01726
;WIDTH:0.663629
G1 X131.552 Y156.938 E2.65824
G1 X130.552 Y156.938 E.08337
G1 X129.552 Y156.938 E.07899
G1 X128.552 Y156.938 E.0746
G1 X127.552 Y156.938 E.07021
G1 X126.552 Y156.938 E.06582
G1 X125.552 Y156.938 E.06143
G1 X124.552 Y156.938 E.05705
G1 X123.552 Y156.938 E.05266
G1 X122.552 Y156.938 E.04827
G1 X121.552 Y156.938 E.04388
G1 X120.552 Y156.938 E.03949
G1 X119.552 Y156.938 E.03511
G1 X118.552 Y156.938 E.03072
G1 X117.552 Y156.938 E.02633
G1 X116.552 Y156.938 E.02194
G1 X115.552 Y156.938 E.01755
G1 X114.552 Y156.938 E.01316
G1 X113.552 Y156.938 E.00878
G1 X112.552 Y156.938 E.00439
G1 X111.642 Y156.938 E.07986
;WIPE_START
G1 F9600
G1 X111.552 Y156.938 E-.01603
G1 X107.151 Y156.938 E-.78397
;WIPE_END
G1 X131.552 Y157.524 F12000
G1 Z16.5
G1 E.8 F1800
G1 F2661
G1 X130.6 Y157.524 Z16.517 E.00398
G1 X129.647 Y157.524 Z16.534 E.00797
G1 X128.695 Y157.524 Z16.551 E.01194
G1 X127.743 Y157.524 Z16.569 E.01591
G1 X126.79 Y157.524 Z16.586 E.01991
G1 X125.838 Y157.524 Z16.603 E.02387
G1 X124.885 Y157.524 Z16.62 E.02788
G1 X123.933 Y157.524 Z16.637 E.03183
G1 X122.981 Y157.524 Z16.654 E.03581
G1 X122.028 Y157.524 Z16.671 E.03983
G1 X121.076 Y157.524 Z16.689 E.04376
G1 X120.124 Y157.524 Z16.706 E.04774
G1 X119.171 Y157.524 Z16.723 E.05178
G1 X118.219 Y157.524 Z16.74 E.0557
G1 X117.266 Y157.524 Z16.757 E.05974
G1 X116.314 Y157.524 Z16.774 E.06366
G1 X115.362 Y157.524 Z16.791 E.06764
G1 X114.409 Y157.524 Z16.809 E.07169
G1 X113.457 Y157.524 Z16.826 E.07559
G1 X112.504 Y157.524 Z16.843 E.07966
G1 X111.552 Y157.524 Z16.86 E.08355
G1 X61.101 Y157.524 E4.42771
;WIDTH:0.69779
G1 X60.722 Y157.402 E.03698
G1 X60.506 Y157.186 E.02837
G1 X60.416 Y156.938 E.0245
;WIDTH:0.676864
G1 X60.384 Y156.645 E.02645
;WIDTH:0.663629
G1 X60.384 Y50.905 E9.28002
;WIDTH:0.69779
G1 X60.506 Y50.526 E.03698
G1 X60.722 Y50.31 E.02837
G1 X60.97 Y50.22 E.0245
;WIDTH:0.676864
G1 X61.263 Y50.188 E.02645
;WIDTH:0.663626
G1 X162.001 Y50.19 E8.84099
;WIDTH:0.697759
G1 X162.272 Y50.258 E.02595
;WIDTH:0.70246
G1 X162.462 Y50.369 E.02059
G1 X162.634 Y50.577 E.02526
;WIDTH:0.69779
G1 X162.72 Y51.067 E.0462
;WIDTH:0.663629
G1 X162.72 Y156.807 E9.28002
;WIDTH:0.697789
G1 X162.598 Y157.186 E.03698
G1 X162.382 Y157.402 E.02837
G1 X162.049 Y157.513 E.0326
;WIDTH:0.672463
G1 X161.841 Y157.524 E.01856
;WIDTH:0.663629
G1 X131.552 Y157.524 E2.65824
G1 X130.6 Y157.524 E.07957
G1 X129.647 Y157.524 E.07567
G1 X128.695 Y157.524 E.07161
G1 X127.743 Y157.524 E.06764
G1 X126.79 Y157.524 E.06372
G1 X125.838 Y157.524 E.05968
G1 X124.885 Y157.524 E.05576
G1 X123.933 Y157.524 E.05172
G1 X122.981 Y157.524 E.04774
G1 X122.028 Y157.524 E.04381
G1 X121.076 Y157.524 E.03979
G1 X120.124 Y157.524 E.03581
G1 X119.171 Y157.524 E.03186
G1 X118.219 Y157.524 E.02785
G1 X117.266 Y157.524 E.0239
G1 X116.314 Y157.524 E.01989
G1 X115.362 Y157.524 E.01591
G1 X114.409 Y157.524 E.01195
G1 X113.457 Y157.524 E.00796
G1 X112.504 Y157.524 E.00398
G1 X111.642 Y157.524 E.07565
;LAYER_CHANGE
;Z:17.22
;HEIGHT:0.359999
;BEFORE_LAYER_CHANGE
G92 E0
;17.22


;WIPE_START
G1 F9600
G1 X111.552 Y157.524 E-.01603
G1 X107.151 Y157.524 E-.78397
;WIPE_END
G1 Z17.22 F12000
;AFTER_LAYER_CHANGE
;17.22
G1 X131.552 Y156.938
G1 Z16.86
G1 E.8 F1800
G1 F2661
G1 X130.552 Y156.938 Z16.878 E.00439
G1 X129.552 Y156.938 Z16.896 E.00878
G1 X128.552 Y156.938 Z16.914 E.01316
G1 X127.552 Y156.938 Z16.932 E.01755
G1 X126.552 Y156.938 Z16.95 E.02194
G1 X125.552 Y156.938 Z16.968 E.02633
G1 X124.552 Y156.938 Z16.986 E.03072
G1 X123.552 Y156.938 Z17.004 E.03511
G1 X122.552 Y156.938 Z17.022 E.03949
G1 X121.552 Y156.938 Z17.04 E.04388
G1 X120.552 Y156.938 Z17.058 E.04827
G1 X119.552 Y156.938 Z17.076 E.05266
G1 X118.552 Y156.938 Z17.094 E.05705
G1 X117.552 Y156.938 Z17.112 E.06143
G1 X116.552 Y156.938 Z17.13 E.06582
G1 X115.552 Y156.938 Z17.148 E.07021
G1 X114.552 Y156.938 Z17.166 E.0746
G1 X113.552 Y156.938 Z17.184 E.07899
G1 X112.552 Y156.938 Z17.202 E.08337
G1 X111.552 Y156.938 Z17.22 E.08776
G1 X61.263 Y156.938 E4.4135
;WIDTH:0.69779
G1 X61.082 Y156.896 E.01726
G1 X60.97 Y156.736 E.01814
;WIDTH:0.663629
G1 X60.97 Y51.067 E9.27379
;WIDTH:0.69779
G1 X61.012 Y50.886 E.01726
G1 X61.172 Y50.774 E.01814
;WIDTH:0.663627
G1 X161.841 Y50.775 E8.83495
;WIDTH:0.697759
G1 X162.019 Y50.813 E.0169
G1 X162.092 Y50.886 E.00959
G1 X162.134 Y51.067 E.01726
;WIDTH:0.663629
G1 X162.134 Y156.645 E9.26581
;WIDTH:0.69779
G1 X162.092 Y156.826 E.01726
G1 X162.022 Y156.896 E.00919
G1 X161.841 Y156.938 E.01726
;WIDTH:0.663629
G1 X131.552 Y156.938 E2.65824
G1 X130.552 Y156.938 E.08337
G1 X129.552 Y156.938 E.07899
G1 X128.552 Y156.938 E.0746
G1 X127.552 Y156.938 E.07021
G1 X126.552 Y156.938 E.06582
G1 X125.552 Y156.938 E.06143
G1 X124.552 Y156.938 E.05705
G1 X123.552 Y156.938 E.05266
G1 X122.552 Y156.938 E.04827
G1 X121.552 Y156.938 E.04388
G1 X120.552 Y156.938 E.03949
G1 X119.552 Y156.938 E.03511
G1 X118.552 Y156.938 E.03072
G1 X117.552 Y156.938 E.02633
G1 X116.552 Y156.938 E.02194
G1 X115.552 Y156.938 E.01755
G1 X114.552 Y156.938 E.01316
G1 X113.552 Y156.938 E.00878
G1 X112.552 Y156.938 E.00439
G1 X111.642 Y156.938 E.07986
;WIPE_START
G1 F9600
G1 X111.552 Y156.938 E-.01603
G1 X107.151 Y156.938 E-.78397
;WIPE_END
G1 X131.552 Y157.524 F12000
G1 Z16.86
G1 E.8 F1800
G1 F2661
G1 X130.6 Y157.524 Z16.877 E.00398
G1 X129.647 Y157.524 Z16.894 E.00797
G1 X128.695 Y157.524 Z16.911 E.01194
G1 X127.743 Y157.524 Z16.929 E.01591
G1 X126.79 Y157.524 Z16.946 E.01991
G1 X125.838 Y157.524 Z16.963 E.02387
G1 X124.885 Y157.524 Z16.98 E.02788
G1 X123.933 Y157.524 Z16.997 E.03183
G1 X122.981 Y157.524 Z17.014 E.03581
G1 X122.028 Y157.524 Z17.031 E.03983
G1 X121.076 Y157.524 Z17.049 E.04376
G1 X120.124 Y157.524 Z17.066 E.04774
G1 X119.171 Y157.524 Z17.083 E.05178
G1 X118.219 Y157.524 Z17.1 E.0557
G1 X117.266 Y157.524 Z17.117 E.05974
G1 X116.314 Y157.524 Z17.134 E.06366
G1 X115.362 Y157.524 Z17.151 E.06764
G1 X114.409 Y157.524 Z17.169 E.07169
G1 X113.457 Y157.524 Z17.186 E.07559
G1 X112.504 Y157.524 Z17.203 E.07966
G1 X111.552 Y157.524 Z17.22 E.08355
G1 X61.101 Y157.524 E4.42771
;WIDTH:0.69779
G1 X60.722 Y157.402 E.03698
G1 X60.506 Y157.186 E.02837
G1 X60.416 Y156.938 E.0245
;WIDTH:0.676864
G1 X60.384 Y156.645 E.02645
;WIDTH:0.663629
G1 X60.384 Y50.905 E9.28002
;WIDTH:0.697791
G1 X60.506 Y50.526 E.03698
G1 X60.722 Y50.31 E.02837
G1 X60.97 Y50.22 E.0245
;WIDTH:0.676864
G1 X61.263 Y50.188 E.02645
;WIDTH:0.663627
G1 X161.999 Y50.189 E8.84083
;WIDTH:0.697759
G1 X162.272 Y50.258 E.02615
;WIDTH:0.70246
G1 X162.462 Y50.369 E.02059
G1 X162.634 Y50.577 E.02526
;WIDTH:0.697789
G1 X162.72 Y51.067 E.0462
;WIDTH:0.663629
G1 X162.72 Y156.807 E9.28002
;WIDTH:0.697789
G1 X162.598 Y157.186 E.03698
G1 X162.382 Y157.402 E.02837
G1 X162.049 Y157.513 E.0326
;WIDTH:0.672463
G1 X161.841 Y157.524 E.01856
;WIDTH:0.663629
G1 X131.552 Y157.524 E2.65824
G1 X130.6 Y157.524 E.07957
G1 X129.647 Y157.524 E.07567
G1 X128.695 Y157.524 E.07161
G1 X127.743 Y157.524 E.06764
G1 X126.79 Y157.524 E.06372
G1 X125.838 Y157.524 E.05968
G1 X124.885 Y157.524 E.05576
G1 X123.933 Y157.524 E.05172
G1 X122.981 Y157.524 E.04774
G1 X122.028 Y157.524 E.04381
G1 X121.076 Y157.524 E.03979
G1 X120.124 Y157.524 E.03581
G1 X119.171 Y157.524 E.03186
G1 X118.219 Y157.524 E.02785
G1 X117.266 Y157.524 E.0239
G1 X116.314 Y157.524 E.01989
G1 X115.362 Y157.524 E.01591
G1 X114.409 Y157.524 E.01195
G1 X113.457 Y157.524 E.00796
G1 X112.504 Y157.524 E.00398
G1 X111.642 Y157.524 E.07565
;LAYER_CHANGE
;Z:17.58
;HEIGHT:0.360001
;BEFORE_LAYER_CHANGE
G92 E0
;17.58


;WIPE_START
G1 F9600
G1 X111.552 Y157.524 E-.01603
G1 X107.151 Y157.524 E-.78397
;WIPE_END
G1 Z17.58 F12000
;AFTER_LAYER_CHANGE
;17.58
G1 X131.552 Y156.938
G1 Z17.22
G1 E.8 F1800
G1 F2661
G1 X130.552 Y156.938 Z17.238 E.00439
G1 X129.552 Y156.938 Z17.256 E.00878
G1 X128.552 Y156.938 Z17.274 E.01316
G1 X127.552 Y156.938 Z17.292 E.01755
G1 X126.552 Y156.938 Z17.31 E.02194
G1 X125.552 Y156.938 Z17.328 E.02633
G1 X124.552 Y156.938 Z17.346 E.03072
G1 X123.552 Y156.938 Z17.364 E.03511
G1 X122.552 Y156.938 Z17.382 E.03949
G1 X121.552 Y156.938 Z17.4 E.04388
G1 X120.552 Y156.938 Z17.418 E.04827
G1 X119.552 Y156.938 Z17.436 E.05266
G1 X118.552 Y156.938 Z17.454 E.05705
G1 X117.552 Y156.938 Z17.472 E.06143
G1 X116.552 Y156.938 Z17.49 E.06582
G1 X115.552 Y156.938 Z17.508 E.07021
G1 X114.552 Y156.938 Z17.526 E.0746
G1 X113.552 Y156.938 Z17.544 E.07899
G1 X112.552 Y156.938 Z17.562 E.08337
G1 X111.552 Y156.938 Z17.58 E.08776
G1 X61.263 Y156.938 E4.4135
;WIDTH:0.697791
G1 X61.082 Y156.896 E.01726
G1 X60.97 Y156.736 E.01814
;WIDTH:0.663629
G1 X60.97 Y51.067 E9.27379
;WIDTH:0.69779
G1 X61.012 Y50.886 E.01726
G1 X61.172 Y50.774 E.01814
;WIDTH:0.663627
G1 X161.841 Y50.775 E8.83495
;WIDTH:0.69776
G1 X162.019 Y50.813 E.0169
G1 X162.092 Y50.886 E.00959
G1 X162.134 Y51.067 E.01726
;WIDTH:0.663629
G1 X162.134 Y156.645 E9.26581
;WIDTH:0.69779
G1 X162.092 Y156.826 E.01726
G1 X162.022 Y156.896 E.00919
G1 X161.841 Y156.938 E.01726
;WIDTH:0.663629
G1 X131.552 Y156.938 E2.65824
G1 X130.552 Y156.938 E.08337
G1 X129.552 Y156.938 E.07899
G1 X128.552 Y156.938 E.0746
G1 X127.552 Y156.938 E.07021
G1 X126.552 Y156.938 E.06582
G1 X125.552 Y156.938 E.06143
G1 X124.552 Y156.938 E.05705
G1 X123.552 Y156.938 E.05266
G1 X122.552 Y156.938 E.04827
G1 X121.552 Y156.938 E.04388
G1 X120.552 Y156.938 E.03949
G1 X119.552 Y156.938 E.03511
G1 X118.552 Y156.938 E.03072
G1 X117.552 Y156.938 E.02633
G1 X116.552 Y156.938 E.02194
G1 X115.552 Y156.938 E.01755
G1 X114.552 Y156.938 E.01316
G1 X113.552 Y156.938 E.00878
G1 X112.552 Y156.938 E.00439
G1 X111.642 Y156.938 E.07986
;WIPE_START
G1 F9600
G1 X111.552 Y156.938 E-.01603
G1 X107.151 Y156.938 E-.78397
;WIPE_END
G1 X131.552 Y157.524 F12000
G1 Z17.22
G1 E.8 F1800
G1 F2661
G1 X130.552 Y157.524 Z17.238 E.00439
G1 X129.552 Y157.524 Z17.256 E.00878
G1 X128.552 Y157.524 Z17.274 E.01316
G1 X127.552 Y157.524 Z17.292 E.01755
G1 X126.552 Y157.524 Z17.31 E.02194
G1 X125.552 Y157.524 Z17.328 E.02633
G1 X124.552 Y157.524 Z17.346 E.03072
G1 X123.552 Y157.524 Z17.364 E.03511
G1 X122.552 Y157.524 Z17.382 E.03949
G1 X121.552 Y157.524 Z17.4 E.04388
G1 X120.552 Y157.524 Z17.418 E.04827
G1 X119.552 Y157.524 Z17.436 E.05266
G1 X118.552 Y157.524 Z17.454 E.05705
G1 X117.552 Y157.524 Z17.472 E.06143
G1 X116.552 Y157.524 Z17.49 E.06582
G1 X115.552 Y157.524 Z17.508 E.07021
G1 X114.552 Y157.524 Z17.526 E.0746
G1 X113.552 Y157.524 Z17.544 E.07899
G1 X112.552 Y157.524 Z17.562 E.08337
G1 X111.552 Y157.524 Z17.58 E.08776
G1 X61.101 Y157.524 E4.42771
;WIDTH:0.697791
G1 X60.722 Y157.402 E.03698
G1 X60.506 Y157.186 E.02837
G1 X60.416 Y156.938 E.0245
;WIDTH:0.676864
G1 X60.384 Y156.645 E.02645
;WIDTH:0.663629
G1 X60.384 Y50.905 E9.28002
;WIDTH:0.69779
G1 X60.506 Y50.526 E.03698
G1 X60.722 Y50.31 E.02837
G1 X60.97 Y50.22 E.0245
;WIDTH:0.676864
G1 X61.263 Y50.188 E.02645
;WIDTH:0.663627
G1 X161.997 Y50.189 E8.84065
;WIDTH:0.69776
G1 X162.272 Y50.258 E.02633
;WIDTH:0.702459
G1 X162.462 Y50.369 E.02059
G1 X162.634 Y50.577 E.02526
;WIDTH:0.69779
G1 X162.72 Y51.067 E.0462
;WIDTH:0.663629
G1 X162.72 Y156.807 E9.28002
;WIDTH:0.69779
G1 X162.598 Y157.186 E.03698
G1 X162.382 Y157.402 E.02837
G1 X162.049 Y157.513 E.0326
;WIDTH:0.672463
G1 X161.841 Y157.524 E.01856
;WIDTH:0.663629
G1 X131.552 Y157.524 E2.65824
G1 X130.552 Y157.524 E.08337
G1 X129.552 Y157.524 E.07899
G1 X128.552 Y157.524 E.0746
G1 X127.552 Y157.524 E.07021
G1 X126.552 Y157.524 E.06582
G1 X125.552 Y157.524 E.06143
G1 X124.552 Y157.524 E.05705
G1 X123.552 Y157.524 E.05266
G1 X122.552 Y157.524 E.04827
G1 X121.552 Y157.524 E.04388
G1 X120.552 Y157.524 E.03949
G1 X119.552 Y157.524 E.03511
G1 X118.552 Y157.524 E.03072
G1 X117.552 Y157.524 E.02633
G1 X116.552 Y157.524 E.02194
G1 X115.552 Y157.524 E.01755
G1 X114.552 Y157.524 E.01316
G1 X113.552 Y157.524 E.00878
G1 X112.552 Y157.524 E.00439
G1 X111.642 Y157.524 E.07986
;LAYER_CHANGE
;Z:17.94
;HEIGHT:0.360001
;BEFORE_LAYER_CHANGE
G92 E0
;17.94


;WIPE_START
G1 F9600
G1 X111.552 Y157.524 E-.01603
G1 X107.151 Y157.524 E-.78397
;WIPE_END
G1 Z17.94 F12000
;AFTER_LAYER_CHANGE
;17.94
G1 X131.552 Y156.938
G1 Z17.58
G1 E.8 F1800
G1 F2661
G1 X130.552 Y156.938 Z17.598 E.00439
G1 X129.552 Y156.938 Z17.616 E.00878
G1 X128.552 Y156.938 Z17.634 E.01316
G1 X127.552 Y156.938 Z17.652 E.01755
G1 X126.552 Y156.938 Z17.67 E.02194
G1 X125.552 Y156.938 Z17.688 E.02633
G1 X124.552 Y156.938 Z17.706 E.03072
G1 X123.552 Y156.938 Z17.724 E.03511
G1 X122.552 Y156.938 Z17.742 E.03949
G1 X121.552 Y156.938 Z17.76 E.04388
G1 X120.552 Y156.938 Z17.778 E.04827
G1 X119.552 Y156.938 Z17.796 E.05266
G1 X118.552 Y156.938 Z17.814 E.05705
G1 X117.552 Y156.938 Z17.832 E.06143
G1 X116.552 Y156.938 Z17.85 E.06582
G1 X115.552 Y156.938 Z17.868 E.07021
G1 X114.552 Y156.938 Z17.886 E.0746
G1 X113.552 Y156.938 Z17.904 E.07899
G1 X112.552 Y156.938 Z17.922 E.08337
G1 X111.552 Y156.938 Z17.94 E.08776
G1 X61.263 Y156.938 E4.4135
;WIDTH:0.69779
G1 X61.082 Y156.896 E.01726
G1 X60.97 Y156.736 E.01814
;WIDTH:0.663629
G1 X60.97 Y51.067 E9.27379
;WIDTH:0.697791
G1 X61.012 Y50.886 E.01726
G1 X61.172 Y50.774 E.01814
;WIDTH:0.663627
G1 X161.841 Y50.775 E8.83495
;WIDTH:0.697761
G1 X162.019 Y50.814 E.01692
G1 X162.092 Y50.886 E.00952
G1 X162.134 Y51.067 E.01726
;WIDTH:0.663629
G1 X162.134 Y156.645 E9.26581
;WIDTH:0.69779
G1 X162.092 Y156.826 E.01726
G1 X162.022 Y156.896 E.00919
G1 X161.841 Y156.938 E.01726
;WIDTH:0.663629
G1 X131.552 Y156.938 E2.65824
G1 X130.552 Y156.938 E.08337
G1 X129.552 Y156.938 E.07899
G1 X128.552 Y156.938 E.0746
G1 X127.552 Y156.938 E.07021
G1 X126.552 Y156.938 E.06582
G1 X125.552 Y156.938 E.06143
G1 X124.552 Y156.938 E.05705
G1 X123.552 Y156.938 E.05266
G1 X122.552 Y156.938 E.04827
G1 X121.552 Y156.938 E.04388
G1 X120.552 Y156.938 E.03949
G1 X119.552 Y156.938 E.03511
G1 X118.552 Y156.938 E.03072
G1 X117.552 Y156.938 E.02633
G1 X116.552 Y156.938 E.02194
G1 X115.552 Y156.938 E.01755
G1 X114.552 Y156.938 E.01316
G1 X113.552 Y156.938 E.00878
G1 X112.552 Y156.938 E.00439
G1 X111.642 Y156.938 E.07986
;WIPE_START
G1 F9600
G1 X111.552 Y156.938 E-.01603
G1 X107.151 Y156.938 E-.78397
;WIPE_END
G1 X131.552 Y157.524 F12000
G1 Z17.58
G1 E.8 F1800
G1 F2661
G1 X130.6 Y157.524 Z17.597 E.00398
G1 X129.647 Y157.524 Z17.614 E.00797
G1 X128.695 Y157.524 Z17.631 E.01194
G1 X127.743 Y157.524 Z17.649 E.01591
G1 X126.79 Y157.524 Z17.666 E.01991
G1 X125.838 Y157.524 Z17.683 E.02387
G1 X124.885 Y157.524 Z17.7 E.02788
G1 X123.933 Y157.524 Z17.717 E.03183
G1 X122.981 Y157.524 Z17.734 E.03581
G1 X122.028 Y157.524 Z17.751 E.03983
G1 X121.076 Y157.524 Z17.769 E.04376
G1 X120.124 Y157.524 Z17.786 E.04774
G1 X119.171 Y157.524 Z17.803 E.05178
G1 X118.219 Y157.524 Z17.82 E.0557
G1 X117.266 Y157.524 Z17.837 E.05974
G1 X116.314 Y157.524 Z17.854 E.06366
G1 X115.362 Y157.524 Z17.871 E.06764
G1 X114.409 Y157.524 Z17.889 E.07169
G1 X113.457 Y157.524 Z17.906 E.07559
G1 X112.504 Y157.524 Z17.923 E.07966
G1 X111.552 Y157.524 Z17.94 E.08355
G1 X61.101 Y157.524 E4.42771
;WIDTH:0.697791
G1 X60.722 Y157.402 E.03698
G1 X60.506 Y157.186 E.02837
G1 X60.416 Y156.938 E.0245
;WIDTH:0.676864
G1 X60.384 Y156.645 E.02645
;WIDTH:0.663629
G1 X60.384 Y50.905 E9.28002
;WIDTH:0.69779
G1 X60.506 Y50.526 E.03698
G1 X60.722 Y50.31 E.02837
G1 X60.97 Y50.22 E.0245
;WIDTH:0.676864
G1 X61.263 Y50.188 E.02645
;WIDTH:0.663627
G1 X161.995 Y50.189 E8.84048
;WIDTH:0.697761
G1 X162.271 Y50.259 E.02644
;WIDTH:0.70246
G1 X162.462 Y50.369 E.02062
G1 X162.634 Y50.577 E.02526
;WIDTH:0.697791
G1 X162.72 Y51.067 E.0462
;WIDTH:0.663629
G1 X162.72 Y156.807 E9.28002
;WIDTH:0.69779
G1 X162.598 Y157.186 E.03698
G1 X162.382 Y157.402 E.02837
G1 X162.049 Y157.513 E.0326
;WIDTH:0.672463
G1 X161.841 Y157.524 E.01856
;WIDTH:0.663629
G1 X131.552 Y157.524 E2.65824
G1 X130.6 Y157.524 E.07957
G1 X129.647 Y157.524 E.07567
G1 X128.695 Y157.524 E.07161
G1 X127.743 Y157.524 E.06764
G1 X126.79 Y157.524 E.06372
G1 X125.838 Y157.524 E.05968
G1 X124.885 Y157.524 E.05576
G1 X123.933 Y157.524 E.05172
G1 X122.981 Y157.524 E.04774
G1 X122.028 Y157.524 E.04381
G1 X121.076 Y157.524 E.03979
G1 X120.124 Y157.524 E.03581
G1 X119.171 Y157.524 E.03186
G1 X118.219 Y157.524 E.02785
G1 X117.266 Y157.524 E.0239
G1 X116.314 Y157.524 E.01989
G1 X115.362 Y157.524 E.01591
G1 X114.409 Y157.524 E.01195
G1 X113.457 Y157.524 E.00796
G1 X112.504 Y157.524 E.00398
G1 X111.642 Y157.524 E.07565
;LAYER_CHANGE
;Z:18.3
;HEIGHT:0.359999
;BEFORE_LAYER_CHANGE
G92 E0
;18.3


;WIPE_START
G1 F9600
G1 X111.552 Y157.524 E-.01603
G1 X107.151 Y157.524 E-.78397
;WIPE_END
G1 Z18.3 F12000
;AFTER_LAYER_CHANGE
;18.3
G1 X131.552 Y156.938
G1 Z17.94
G1 E.8 F1800
G1 F2661
G1 X130.552 Y156.938 Z17.958 E.00439
G1 X129.552 Y156.938 Z17.976 E.00878
G1 X128.552 Y156.938 Z17.994 E.01316
G1 X127.552 Y156.938 Z18.012 E.01755
G1 X126.552 Y156.938 Z18.03 E.02194
G1 X125.552 Y156.938 Z18.048 E.02633
G1 X124.552 Y156.938 Z18.066 E.03072
G1 X123.552 Y156.938 Z18.084 E.03511
G1 X122.552 Y156.938 Z18.102 E.03949
G1 X121.552 Y156.938 Z18.12 E.04388
G1 X120.552 Y156.938 Z18.138 E.04827
G1 X119.552 Y156.938 Z18.156 E.05266
G1 X118.552 Y156.938 Z18.174 E.05705
G1 X117.552 Y156.938 Z18.192 E.06143
G1 X116.552 Y156.938 Z18.21 E.06582
G1 X115.552 Y156.938 Z18.228 E.07021
G1 X114.552 Y156.938 Z18.246 E.0746
G1 X113.552 Y156.938 Z18.264 E.07899
G1 X112.552 Y156.938 Z18.282 E.08337
G1 X111.552 Y156.938 Z18.3 E.08776
G1 X61.263 Y156.938 E4.4135
;WIDTH:0.69779
G1 X61.082 Y156.896 E.01726
G1 X60.97 Y156.736 E.01814
;WIDTH:0.663629
G1 X60.97 Y51.067 E9.27379
;WIDTH:0.697791
G1 X61.012 Y50.886 E.01726
G1 X61.172 Y50.774 E.01814
;WIDTH:0.663627
G1 X161.841 Y50.775 E8.83495
;WIDTH:0.697761
G1 X162.02 Y50.814 E.01701
G1 X162.092 Y50.886 E.00946
G1 X162.134 Y51.067 E.01726
;WIDTH:0.663629
G1 X162.134 Y156.645 E9.26581
;WIDTH:0.697789
G1 X162.092 Y156.826 E.01726
G1 X162.022 Y156.896 E.00919
G1 X161.841 Y156.938 E.01726
;WIDTH:0.663629
G1 X131.552 Y156.938 E2.65824
G1 X130.552 Y156.938 E.08337
G1 X129.552 Y156.938 E.07899
G1 X128.552 Y156.938 E.0746
G1 X127.552 Y156.938 E.07021
G1 X126.552 Y156.938 E.06582
G1 X125.552 Y156.938 E.06143
G1 X124.552 Y156.938 E.05705
G1 X123.552 Y156.938 E.05266
G1 X122.552 Y156.938 E.04827
G1 X121.552 Y156.938 E.04388
G1 X120.552 Y156.938 E.03949
G1 X119.552 Y156.938 E.03511
G1 X118.552 Y156.938 E.03072
G1 X117.552 Y156.938 E.02633
G1 X116.552 Y156.938 E.02194
G1 X115.552 Y156.938 E.01755
G1 X114.552 Y156.938 E.01316
G1 X113.552 Y156.938 E.00878
G1 X112.552 Y156.938 E.00439
G1 X111.642 Y156.938 E.07986
;WIPE_START
G1 F9600
G1 X111.552 Y156.938 E-.01603
G1 X107.151 Y156.938 E-.78397
;WIPE_END
G1 X131.552 Y157.524 F12000
G1 Z17.94
G1 E.8 F1800
G1 F2661
G1 X130.6 Y157.524 Z17.957 E.00398
G1 X129.647 Y157.524 Z17.974 E.00797
G1 X128.695 Y157.524 Z17.991 E.01194
G1 X127.743 Y157.524 Z18.009 E.01591
G1 X126.79 Y157.524 Z18.026 E.01991
G1 X125.838 Y157.524 Z18.043 E.02387
G1 X124.885 Y157.524 Z18.06 E.02788
G1 X123.933 Y157.524 Z18.077 E.03183
G1 X122.981 Y157.524 Z18.094 E.03581
G1 X122.028 Y157.524 Z18.111 E.03983
G1 X121.076 Y157.524 Z18.129 E.04376
G1 X120.124 Y157.524 Z18.146 E.04774
G1 X119.171 Y157.524 Z18.163 E.05178
G1 X118.219 Y157.524 Z18.18 E.0557
G1 X117.266 Y157.524 Z18.197 E.05974
G1 X116.314 Y157.524 Z18.214 E.06366
G1 X115.362 Y157.524 Z18.231 E.06764
G1 X114.409 Y157.524 Z18.249 E.07169
G1 X113.457 Y157.524 Z18.266 E.07559
G1 X112.504 Y157.524 Z18.283 E.07966
G1 X111.552 Y157.524 Z18.3 E.08355
G1 X61.101 Y157.524 E4.42771
;WIDTH:0.69779
G1 X60.722 Y157.402 E.03698
G1 X60.506 Y157.186 E.02837
G1 X60.416 Y156.938 E.0245
;WIDTH:0.676863
G1 X60.384 Y156.645 E.02645
;WIDTH:0.663629
G1 X60.384 Y50.905 E9.28002
;WIDTH:0.69779
G1 X60.506 Y50.526 E.03698
G1 X60.722 Y50.31 E.02837
G1 X60.97 Y50.22 E.0245
;WIDTH:0.676864
G1 X61.263 Y50.188 E.02645
;WIDTH:0.663627
G1 X161.993 Y50.189 E8.8403
;WIDTH:0.697761
G1 X162.271 Y50.259 E.02662
;WIDTH:0.70246
G1 X162.462 Y50.369 E.02062
G1 X162.634 Y50.577 E.02526
;WIDTH:0.697791
G1 X162.72 Y51.067 E.0462
;WIDTH:0.663629
G1 X162.72 Y156.807 E9.28002
;WIDTH:0.69779
G1 X162.598 Y157.186 E.03698
G1 X162.382 Y157.402 E.02837
G1 X162.049 Y157.513 E.0326
;WIDTH:0.672463
G1 X161.841 Y157.524 E.01856
;WIDTH:0.663629
G1 X131.552 Y157.524 E2.65824
G1 X130.6 Y157.524 E.07957
G1 X129.647 Y157.524 E.07567
G1 X128.695 Y157.524 E.07161
G1 X127.743 Y157.524 E.06764
G1 X126.79 Y157.524 E.06372
G1 X125.838 Y157.524 E.05968
G1 X124.885 Y157.524 E.05576
G1 X123.933 Y157.524 E.05172
G1 X122.981 Y157.524 E.04774
G1 X122.028 Y157.524 E.04381
G1 X121.076 Y157.524 E.03979
G1 X120.124 Y157.524 E.03581
G1 X119.171 Y157.524 E.03186
G1 X118.219 Y157.524 E.02785
G1 X117.266 Y157.524 E.0239
G1 X116.314 Y157.524 E.01989
G1 X115.362 Y157.524 E.01591
G1 X114.409 Y157.524 E.01195
G1 X113.457 Y157.524 E.00796
G1 X112.504 Y157.524 E.00398
G1 X111.642 Y157.524 E.07565
;LAYER_CHANGE
;Z:18.66
;HEIGHT:0.360001
;BEFORE_LAYER_CHANGE
G92 E0
;18.66


;WIPE_START
G1 F9600
G1 X111.552 Y157.524 E-.01603
G1 X107.151 Y157.524 E-.78397
;WIPE_END
G1 Z18.66 F12000
;AFTER_LAYER_CHANGE
;18.66
G1 X131.552 Y156.938
G1 Z18.3
G1 E.8 F1800
G1 F2661
G1 X130.552 Y156.938 Z18.318 E.00439
G1 X129.552 Y156.938 Z18.336 E.00878
G1 X128.552 Y156.938 Z18.354 E.01316
G1 X127.552 Y156.938 Z18.372 E.01755
G1 X126.552 Y156.938 Z18.39 E.02194
G1 X125.552 Y156.938 Z18.408 E.02633
G1 X124.552 Y156.938 Z18.426 E.03072
G1 X123.552 Y156.938 Z18.444 E.03511
G1 X122.552 Y156.938 Z18.462 E.03949
G1 X121.552 Y156.938 Z18.48 E.04388
G1 X120.552 Y156.938 Z18.498 E.04827
G1 X119.552 Y156.938 Z18.516 E.05266
G1 X118.552 Y156.938 Z18.534 E.05705
G1 X117.552 Y156.938 Z18.552 E.06143
G1 X116.552 Y156.938 Z18.57 E.06582
G1 X115.552 Y156.938 Z18.588 E.07021
G1 X114.552 Y156.938 Z18.606 E.0746
G1 X113.552 Y156.938 Z18.624 E.07899
G1 X112.552 Y156.938 Z18.642 E.08337
G1 X111.552 Y156.938 Z18.66 E.08776
G1 X61.263 Y156.938 E4.4135
;WIDTH:0.69779
G1 X61.082 Y156.896 E.01726
G1 X60.97 Y156.736 E.01814
;WIDTH:0.663629
G1 X60.97 Y51.067 E9.27379
;WIDTH:0.69779
G1 X61.012 Y50.886 E.01726
G1 X61.172 Y50.774 E.01814
;WIDTH:0.663627
G1 X161.841 Y50.774 E8.83495
;WIDTH:0.697763
G1 X162.02 Y50.814 E.01703
G1 X162.092 Y50.886 E.00946
G1 X162.134 Y51.067 E.01726
;WIDTH:0.663629
G1 X162.134 Y156.645 E9.26581
;WIDTH:0.69779
G1 X162.092 Y156.826 E.01726
G1 X162.022 Y156.896 E.00919
G1 X161.841 Y156.938 E.01726
;WIDTH:0.663629
G1 X131.552 Y156.938 E2.65824
G1 X130.552 Y156.938 E.08337
G1 X129.552 Y156.938 E.07899
G1 X128.552 Y156.938 E.0746
G1 X127.552 Y156.938 E.07021
G1 X126.552 Y156.938 E.06582
G1 X125.552 Y156.938 E.06143
G1 X124.552 Y156.938 E.05705
G1 X123.552 Y156.938 E.05266
G1 X122.552 Y156.938 E.04827
G1 X121.552 Y156.938 E.04388
G1 X120.552 Y156.938 E.03949
G1 X119.552 Y156.938 E.03511
G1 X118.552 Y156.938 E.03072
G1 X117.552 Y156.938 E.02633
G1 X116.552 Y156.938 E.02194
G1 X115.552 Y156.938 E.01755
G1 X114.552 Y156.938 E.01316
G1 X113.552 Y156.938 E.00878
G1 X112.552 Y156.938 E.00439
G1 X111.642 Y156.938 E.07986
;WIPE_START
G1 F9600
G1 X111.552 Y156.938 E-.01603
G1 X107.151 Y156.938 E-.78397
;WIPE_END
G1 X131.552 Y157.524 F12000
G1 Z18.3
G1 E.8 F1800
G1 F2661
G1 X130.6 Y157.524 Z18.317 E.00398
G1 X129.647 Y157.524 Z18.334 E.00797
G1 X128.695 Y157.524 Z18.351 E.01194
G1 X127.743 Y157.524 Z18.369 E.01591
G1 X126.79 Y157.524 Z18.386 E.01991
G1 X125.838 Y157.524 Z18.403 E.02387
G1 X124.885 Y157.524 Z18.42 E.02788
G1 X123.933 Y157.524 Z18.437 E.03183
G1 X122.981 Y157.524 Z18.454 E.03581
G1 X122.028 Y157.524 Z18.471 E.03983
G1 X121.076 Y157.524 Z18.489 E.04376
G1 X120.124 Y157.524 Z18.506 E.04774
G1 X119.171 Y157.524 Z18.523 E.05178
G1 X118.219 Y157.524 Z18.54 E.0557
G1 X117.266 Y157.524 Z18.557 E.05974
G1 X116.314 Y157.524 Z18.574 E.06366
G1 X115.362 Y157.524 Z18.591 E.06764
G1 X114.409 Y157.524 Z18.609 E.07169
G1 X113.457 Y157.524 Z18.626 E.07559
G1 X112.504 Y157.524 Z18.643 E.07966
G1 X111.552 Y157.524 Z18.66 E.08355
G1 X61.101 Y157.524 E4.42771
;WIDTH:0.697791
G1 X60.722 Y157.402 E.03698
G1 X60.506 Y157.186 E.02837
G1 X60.416 Y156.938 E.0245
;WIDTH:0.676864
G1 X60.384 Y156.645 E.02645
;WIDTH:0.663629
G1 X60.384 Y50.905 E9.28002
;WIDTH:0.69779
G1 X60.506 Y50.526 E.03698
G1 X60.722 Y50.31 E.02837
G1 X60.97 Y50.22 E.0245
;WIDTH:0.676863
G1 X61.263 Y50.188 E.02645
;WIDTH:0.663627
G1 X161.991 Y50.189 E8.84013
;WIDTH:0.697763
G1 X162.271 Y50.259 E.0268
;WIDTH:0.70246
G1 X162.462 Y50.369 E.02062
G1 X162.634 Y50.577 E.02526
;WIDTH:0.69779
G1 X162.72 Y51.067 E.0462
;WIDTH:0.663629
G1 X162.72 Y156.807 E9.28002
;WIDTH:0.697789
G1 X162.598 Y157.186 E.03698
G1 X162.382 Y157.402 E.02837
G1 X162.049 Y157.513 E.0326
;WIDTH:0.672463
G1 X161.841 Y157.524 E.01856
;WIDTH:0.663629
G1 X131.552 Y157.524 E2.65824
G1 X130.6 Y157.524 E.07957
G1 X129.647 Y157.524 E.07567
G1 X128.695 Y157.524 E.07161
G1 X127.743 Y157.524 E.06764
G1 X126.79 Y157.524 E.06372
G1 X125.838 Y157.524 E.05968
G1 X124.885 Y157.524 E.05576
G1 X123.933 Y157.524 E.05172
G1 X122.981 Y157.524 E.04774
G1 X122.028 Y157.524 E.04381
G1 X121.076 Y157.524 E.03979
G1 X120.124 Y157.524 E.03581
G1 X119.171 Y157.524 E.03186
G1 X118.219 Y157.524 E.02785
G1 X117.266 Y157.524 E.0239
G1 X116.314 Y157.524 E.01989
G1 X115.362 Y157.524 E.01591
G1 X114.409 Y157.524 E.01195
G1 X113.457 Y157.524 E.00796
G1 X112.504 Y157.524 E.00398
G1 X111.642 Y157.524 E.07565
;LAYER_CHANGE
;Z:19.02
;HEIGHT:0.360001
;BEFORE_LAYER_CHANGE
G92 E0
;19.02


;WIPE_START
G1 F9600
G1 X111.552 Y157.524 E-.01603
G1 X107.151 Y157.524 E-.78397
;WIPE_END
G1 Z19.02 F12000
;AFTER_LAYER_CHANGE
;19.02
G1 X131.552 Y156.938
G1 Z18.66
G1 E.8 F1800
G1 F2661
G1 X130.552 Y156.938 Z18.678 E.00439
G1 X129.552 Y156.938 Z18.696 E.00878
G1 X128.552 Y156.938 Z18.714 E.01316
G1 X127.552 Y156.938 Z18.732 E.01755
G1 X126.552 Y156.938 Z18.75 E.02194
G1 X125.552 Y156.938 Z18.768 E.02633
G1 X124.552 Y156.938 Z18.786 E.03072
G1 X123.552 Y156.938 Z18.804 E.03511
G1 X122.552 Y156.938 Z18.822 E.03949
G1 X121.552 Y156.938 Z18.84 E.04388
G1 X120.552 Y156.938 Z18.858 E.04827
G1 X119.552 Y156.938 Z18.876 E.05266
G1 X118.552 Y156.938 Z18.894 E.05705
G1 X117.552 Y156.938 Z18.912 E.06143
G1 X116.552 Y156.938 Z18.93 E.06582
G1 X115.552 Y156.938 Z18.948 E.07021
G1 X114.552 Y156.938 Z18.966 E.0746
G1 X113.552 Y156.938 Z18.984 E.07899
G1 X112.552 Y156.938 Z19.002 E.08337
G1 X111.552 Y156.938 Z19.02 E.08776
G1 X61.263 Y156.938 E4.4135
;WIDTH:0.697791
G1 X61.082 Y156.896 E.01726
G1 X60.97 Y156.736 E.01814
;WIDTH:0.663629
G1 X60.97 Y51.067 E9.27379
;WIDTH:0.69779
G1 X61.012 Y50.886 E.01726
;WIDTH:0.702461
G1 X61.218 Y50.774 E.02194
;WIDTH:0.663627
G1 X161.841 Y50.774 E8.83091
;WIDTH:0.697764
G1 X162.02 Y50.814 E.01703
G1 X162.092 Y50.886 E.00946
G1 X162.134 Y51.067 E.01726
;WIDTH:0.663629
G1 X162.134 Y156.645 E9.26581
;WIDTH:0.69779
G1 X162.092 Y156.826 E.01726
G1 X162.022 Y156.896 E.00919
G1 X161.841 Y156.938 E.01726
;WIDTH:0.663629
G1 X131.552 Y156.938 E2.65824
G1 X130.552 Y156.938 E.08337
G1 X129.552 Y156.938 E.07899
G1 X128.552 Y156.938 E.0746
G1 X127.552 Y156.938 E.07021
G1 X126.552 Y156.938 E.06582
G1 X125.552 Y156.938 E.06143
G1 X124.552 Y156.938 E.05705
G1 X123.552 Y156.938 E.05266
G1 X122.552 Y156.938 E.04827
G1 X121.552 Y156.938 E.04388
G1 X120.552 Y156.938 E.03949
G1 X119.552 Y156.938 E.03511
G1 X118.552 Y156.938 E.03072
G1 X117.552 Y156.938 E.02633
G1 X116.552 Y156.938 E.02194
G1 X115.552 Y156.938 E.01755
G1 X114.552 Y156.938 E.01316
G1 X113.552 Y156.938 E.00878
G1 X112.552 Y156.938 E.00439
G1 X111.642 Y156.938 E.07986
;WIPE_START
G1 F9600
G1 X111.552 Y156.938 E-.01603
G1 X107.151 Y156.938 E-.78397
;WIPE_END
G1 X131.552 Y157.524 F12000
G1 Z18.66
G1 E.8 F1800
G1 F2661
G1 X130.6 Y157.524 Z18.677 E.00398
G1 X129.647 Y157.524 Z18.694 E.00797
G1 X128.695 Y157.524 Z18.711 E.01194
G1 X127.743 Y157.524 Z18.729 E.01591
G1 X126.79 Y157.524 Z18.746 E.01991
G1 X125.838 Y157.524 Z18.763 E.02387
G1 X124.885 Y157.524 Z18.78 E.02788
G1 X123.933 Y157.524 Z18.797 E.03183
G1 X122.981 Y157.524 Z18.814 E.03581
G1 X122.028 Y157.524 Z18.831 E.03983
G1 X121.076 Y157.524 Z18.849 E.04376
G1 X120.124 Y157.524 Z18.866 E.04774
G1 X119.171 Y157.524 Z18.883 E.05178
G1 X118.219 Y157.524 Z18.9 E.0557
G1 X117.266 Y157.524 Z18.917 E.05974
G1 X116.314 Y157.524 Z18.934 E.06366
G1 X115.362 Y157.524 Z18.951 E.06764
G1 X114.409 Y157.524 Z18.969 E.07169
G1 X113.457 Y157.524 Z18.986 E.07559
G1 X112.504 Y157.524 Z19.003 E.07966
G1 X111.552 Y157.524 Z19.02 E.08355
G1 X61.101 Y157.524 E4.42771
;WIDTH:0.697791
G1 X60.722 Y157.402 E.03698
G1 X60.506 Y157.186 E.02837
G1 X60.416 Y156.938 E.0245
;WIDTH:0.676864
G1 X60.384 Y156.645 E.02645
;WIDTH:0.663629
G1 X60.384 Y50.905 E9.28002
;WIDTH:0.69779
G1 X60.506 Y50.526 E.03698
G1 X60.722 Y50.31 E.02837
G1 X60.97 Y50.22 E.0245
;WIDTH:0.676864
G1 X61.263 Y50.188 E.02645
;WIDTH:0.663627
G1 X161.99 Y50.189 E8.84004
;WIDTH:0.697764
G1 X162.271 Y50.259 E.02689
;WIDTH:0.70246
G1 X162.462 Y50.369 E.02062
G1 X162.634 Y50.577 E.02526
;WIDTH:0.69779
G1 X162.72 Y51.067 E.0462
;WIDTH:0.663629
G1 X162.72 Y156.807 E9.28002
;WIDTH:0.69779
G1 X162.598 Y157.186 E.03698
G1 X162.382 Y157.402 E.02837
G1 X162.049 Y157.513 E.0326
;WIDTH:0.672463
G1 X161.841 Y157.524 E.01856
;WIDTH:0.663629
G1 X131.552 Y157.524 E2.65824
G1 X130.6 Y157.524 E.07957
G1 X129.647 Y157.524 E.07567
G1 X128.695 Y157.524 E.07161
G1 X127.743 Y157.524 E.06764
G1 X126.79 Y157.524 E.06372
G1 X125.838 Y157.524 E.05968
G1 X124.885 Y157.524 E.05576
G1 X123.933 Y157.524 E.05172
G1 X122.981 Y157.524 E.04774
G1 X122.028 Y157.524 E.04381
G1 X121.076 Y157.524 E.03979
G1 X120.124 Y157.524 E.03581
G1 X119.171 Y157.524 E.03186
G1 X118.219 Y157.524 E.02785
G1 X117.266 Y157.524 E.0239
G1 X116.314 Y157.524 E.01989
G1 X115.362 Y157.524 E.01591
G1 X114.409 Y157.524 E.01195
G1 X113.457 Y157.524 E.00796
G1 X112.504 Y157.524 E.00398
G1 X111.642 Y157.524 E.07565
;LAYER_CHANGE
;Z:19.38
;HEIGHT:0.359999
;BEFORE_LAYER_CHANGE
G92 E0
;19.38


;WIPE_START
G1 F9600
G1 X111.552 Y157.524 E-.01603
G1 X107.151 Y157.524 E-.78397
;WIPE_END
G1 Z19.38 F12000
;AFTER_LAYER_CHANGE
;19.38
G1 X131.552 Y156.938
G1 Z19.02
G1 E.8 F1800
G1 F2661
G1 X130.552 Y156.938 Z19.038 E.00439
G1 X129.552 Y156.938 Z19.056 E.00878
G1 X128.552 Y156.938 Z19.074 E.01316
G1 X127.552 Y156.938 Z19.092 E.01755
G1 X126.552 Y156.938 Z19.11 E.02194
G1 X125.552 Y156.938 Z19.128 E.02633
G1 X124.552 Y156.938 Z19.146 E.03072
G1 X123.552 Y156.938 Z19.164 E.03511
G1 X122.552 Y156.938 Z19.182 E.03949
G1 X121.552 Y156.938 Z19.2 E.04388
G1 X120.552 Y156.938 Z19.218 E.04827
G1 X119.552 Y156.938 Z19.236 E.05266
G1 X118.552 Y156.938 Z19.254 E.05705
G1 X117.552 Y156.938 Z19.272 E.06143
G1 X116.552 Y156.938 Z19.29 E.06582
G1 X115.552 Y156.938 Z19.308 E.07021
G1 X114.552 Y156.938 Z19.326 E.0746
G1 X113.552 Y156.938 Z19.344 E.07899
G1 X112.552 Y156.938 Z19.362 E.08337
G1 X111.552 Y156.938 Z19.38 E.08776
G1 X61.263 Y156.938 E4.4135
;WIDTH:0.697791
G1 X61.082 Y156.896 E.01726
G1 X60.97 Y156.736 E.01814
;WIDTH:0.663629
G1 X60.97 Y51.067 E9.27379
;WIDTH:0.69779
G1 X61.012 Y50.886 E.01726
G1 X61.172 Y50.774 E.01814
;WIDTH:0.663627
G1 X161.841 Y50.774 E8.83495
;WIDTH:0.697765
G1 X162.02 Y50.814 E.01703
G1 X162.092 Y50.886 E.00946
G1 X162.134 Y51.067 E.01726
;WIDTH:0.663629
G1 X162.134 Y156.645 E9.26581
;WIDTH:0.697789
G1 X162.092 Y156.826 E.01726
G1 X162.022 Y156.896 E.00919
G1 X161.841 Y156.938 E.01726
;WIDTH:0.663629
G1 X131.552 Y156.938 E2.65824
G1 X130.552 Y156.938 E.08337
G1 X129.552 Y156.938 E.07899
G1 X128.552 Y156.938 E.0746
G1 X127.552 Y156.938 E.07021
G1 X126.552 Y156.938 E.06582
G1 X125.552 Y156.938 E.06143
G1 X124.552 Y156.938 E.05705
G1 X123.552 Y156.938 E.05266
G1 X122.552 Y156.938 E.04827
G1 X121.552 Y156.938 E.04388
G1 X120.552 Y156.938 E.03949
G1 X119.552 Y156.938 E.03511
G1 X118.552 Y156.938 E.03072
G1 X117.552 Y156.938 E.02633
G1 X116.552 Y156.938 E.02194
G1 X115.552 Y156.938 E.01755
G1 X114.552 Y156.938 E.01316
G1 X113.552 Y156.938 E.00878
G1 X112.552 Y156.938 E.00439
G1 X111.642 Y156.938 E.07986
;WIPE_START
G1 F9600
G1 X111.552 Y156.938 E-.01603
G1 X107.151 Y156.938 E-.78397
;WIPE_END
G1 X131.552 Y157.524 F12000
G1 Z19.02
G1 E.8 F1800
G1 F2661
G1 X130.6 Y157.524 Z19.037 E.00398
G1 X129.647 Y157.524 Z19.054 E.00797
G1 X128.695 Y157.524 Z19.071 E.01194
G1 X127.743 Y157.524 Z19.089 E.01591
G1 X126.79 Y157.524 Z19.106 E.01991
G1 X125.838 Y157.524 Z19.123 E.02387
G1 X124.885 Y157.524 Z19.14 E.02788
G1 X123.933 Y157.524 Z19.157 E.03183
G1 X122.981 Y157.524 Z19.174 E.03581
G1 X122.028 Y157.524 Z19.191 E.03983
G1 X121.076 Y157.524 Z19.209 E.04376
G1 X120.124 Y157.524 Z19.226 E.04774
G1 X119.171 Y157.524 Z19.243 E.05178
G1 X118.219 Y157.524 Z19.26 E.0557
G1 X117.266 Y157.524 Z19.277 E.05974
G1 X116.314 Y157.524 Z19.294 E.06366
G1 X115.362 Y157.524 Z19.311 E.06764
G1 X114.409 Y157.524 Z19.329 E.07169
G1 X113.457 Y157.524 Z19.346 E.07559
G1 X112.504 Y157.524 Z19.363 E.07966
G1 X111.552 Y157.524 Z19.38 E.08355
G1 X61.101 Y157.524 E4.42771
;WIDTH:0.697791
G1 X60.722 Y157.402 E.03698
G1 X60.506 Y157.186 E.02837
G1 X60.416 Y156.938 E.0245
;WIDTH:0.676863
G1 X60.384 Y156.645 E.02645
;WIDTH:0.663629
G1 X60.384 Y50.905 E9.28002
;WIDTH:0.69779
G1 X60.506 Y50.526 E.03698
G1 X60.722 Y50.31 E.02837
G1 X60.97 Y50.22 E.0245
;WIDTH:0.676863
G1 X61.263 Y50.188 E.02645
;WIDTH:0.663627
G1 X161.988 Y50.189 E8.83986
;WIDTH:0.697765
G1 X162.271 Y50.259 E.02707
;WIDTH:0.70246
G1 X162.462 Y50.369 E.02062
G1 X162.634 Y50.577 E.02526
;WIDTH:0.697791
G1 X162.72 Y51.067 E.0462
;WIDTH:0.663629
G1 X162.72 Y156.807 E9.28002
;WIDTH:0.69779
G1 X162.598 Y157.186 E.03698
G1 X162.382 Y157.402 E.02837
G1 X162.049 Y157.513 E.0326
;WIDTH:0.672463
G1 X161.841 Y157.524 E.01856
;WIDTH:0.663629
G1 X131.552 Y157.524 E2.65824
G1 X130.6 Y157.524 E.07957
G1 X129.647 Y157.524 E.07567
G1 X128.695 Y157.524 E.07161
G1 X127.743 Y157.524 E.06764
G1 X126.79 Y157.524 E.06372
G1 X125.838 Y157.524 E.05968
G1 X124.885 Y157.524 E.05576
G1 X123.933 Y157.524 E.05172
G1 X122.981 Y157.524 E.04774
G1 X122.028 Y157.524 E.04381
G1 X121.076 Y157.524 E.03979
G1 X120.124 Y157.524 E.03581
G1 X119.171 Y157.524 E.03186
G1 X118.219 Y157.524 E.02785
G1 X117.266 Y157.524 E.0239
G1 X116.314 Y157.524 E.01989
G1 X115.362 Y157.524 E.01591
G1 X114.409 Y157.524 E.01195
G1 X113.457 Y157.524 E.00796
G1 X112.504 Y157.524 E.00398
G1 X111.642 Y157.524 E.07565
;LAYER_CHANGE
;Z:19.74
;HEIGHT:0.360001
;BEFORE_LAYER_CHANGE
G92 E0
;19.74


;WIPE_START
G1 F9600
G1 X111.552 Y157.524 E-.01603
G1 X107.151 Y157.524 E-.78397
;WIPE_END
G1 Z19.74 F12000
;AFTER_LAYER_CHANGE
;19.74
G1 X131.552 Y156.938
G1 Z19.38
G1 E.8 F1800
G1 F2661
G1 X130.552 Y156.938 Z19.398 E.00439
G1 X129.552 Y156.938 Z19.416 E.00878
G1 X128.552 Y156.938 Z19.434 E.01316
G1 X127.552 Y156.938 Z19.452 E.01755
G1 X126.552 Y156.938 Z19.47 E.02194
G1 X125.552 Y156.938 Z19.488 E.02633
G1 X124.552 Y156.938 Z19.506 E.03072
G1 X123.552 Y156.938 Z19.524 E.03511
G1 X122.552 Y156.938 Z19.542 E.03949
G1 X121.552 Y156.938 Z19.56 E.04388
G1 X120.552 Y156.938 Z19.578 E.04827
G1 X119.552 Y156.938 Z19.596 E.05266
G1 X118.552 Y156.938 Z19.614 E.05705
G1 X117.552 Y156.938 Z19.632 E.06143
G1 X116.552 Y156.938 Z19.65 E.06582
G1 X115.552 Y156.938 Z19.668 E.07021
G1 X114.552 Y156.938 Z19.686 E.0746
G1 X113.552 Y156.938 Z19.704 E.07899
G1 X112.552 Y156.938 Z19.722 E.08337
G1 X111.552 Y156.938 Z19.74 E.08776
G1 X61.263 Y156.938 E4.4135
;WIDTH:0.69779
G1 X61.082 Y156.896 E.01726
G1 X60.97 Y156.736 E.01814
;WIDTH:0.663629
G1 X60.97 Y51.067 E9.27379
;WIDTH:0.697791
G1 X61.012 Y50.886 E.01726
G1 X61.172 Y50.774 E.01814
;WIDTH:0.663628
G1 X161.841 Y50.774 E8.83496
;WIDTH:0.697767
G1 X162.02 Y50.814 E.01703
G1 X162.092 Y50.886 E.00946
G1 X162.134 Y51.067 E.01726
;WIDTH:0.663629
G1 X162.134 Y156.645 E9.26581
;WIDTH:0.69779
G1 X162.092 Y156.826 E.01726
G1 X162.022 Y156.896 E.00919
G1 X161.841 Y156.938 E.01726
;WIDTH:0.663629
G1 X131.552 Y156.938 E2.65824
G1 X130.552 Y156.938 E.08337
G1 X129.552 Y156.938 E.07899
G1 X128.552 Y156.938 E.0746
G1 X127.552 Y156.938 E.07021
G1 X126.552 Y156.938 E.06582
G1 X125.552 Y156.938 E.06143
G1 X124.552 Y156.938 E.05705
G1 X123.552 Y156.938 E.05266
G1 X122.552 Y156.938 E.04827
G1 X121.552 Y156.938 E.04388
G1 X120.552 Y156.938 E.03949
G1 X119.552 Y156.938 E.03511
G1 X118.552 Y156.938 E.03072
G1 X117.552 Y156.938 E.02633
G1 X116.552 Y156.938 E.02194
G1 X115.552 Y156.938 E.01755
G1 X114.552 Y156.938 E.01316
G1 X113.552 Y156.938 E.00878
G1 X112.552 Y156.938 E.00439
G1 X111.642 Y156.938 E.07986
;WIPE_START
G1 F9600
G1 X111.552 Y156.938 E-.01603
G1 X107.151 Y156.938 E-.78397
;WIPE_END
G1 X131.552 Y157.524 F12000
G1 Z19.38
G1 E.8 F1800
G1 F2661
G1 X130.552 Y157.524 Z19.398 E.00439
G1 X129.552 Y157.524 Z19.416 E.00878
G1 X128.552 Y157.524 Z19.434 E.01316
G1 X127.552 Y157.524 Z19.452 E.01755
G1 X126.552 Y157.524 Z19.47 E.02194
G1 X125.552 Y157.524 Z19.488 E.02633
G1 X124.552 Y157.524 Z19.506 E.03072
G1 X123.552 Y157.524 Z19.524 E.03511
G1 X122.552 Y157.524 Z19.542 E.03949
G1 X121.552 Y157.524 Z19.56 E.04388
G1 X120.552 Y157.524 Z19.578 E.04827
G1 X119.552 Y157.524 Z19.596 E.05266
G1 X118.552 Y157.524 Z19.614 E.05705
G1 X117.552 Y157.524 Z19.632 E.06143
G1 X116.552 Y157.524 Z19.65 E.06582
G1 X115.552 Y157.524 Z19.668 E.07021
G1 X114.552 Y157.524 Z19.686 E.0746
G1 X113.552 Y157.524 Z19.704 E.07899
G1 X112.552 Y157.524 Z19.722 E.08337
G1 X111.552 Y157.524 Z19.74 E.08776
G1 X61.101 Y157.524 E4.42771
;WIDTH:0.697791
G1 X60.722 Y157.402 E.03698
G1 X60.506 Y157.186 E.02837
G1 X60.416 Y156.938 E.0245
;WIDTH:0.676864
G1 X60.384 Y156.645 E.02645
;WIDTH:0.663629
G1 X60.384 Y50.905 E9.28002
;WIDTH:0.697791
G1 X60.506 Y50.526 E.03698
G1 X60.722 Y50.31 E.02837
G1 X60.97 Y50.22 E.0245
;WIDTH:0.676864
G1 X61.263 Y50.188 E.02645
;WIDTH:0.663628
G1 X161.986 Y50.189 E8.8397
;WIDTH:0.697767
G1 X162.271 Y50.259 E.02726
;WIDTH:0.70246
G1 X162.462 Y50.369 E.02062
G1 X162.634 Y50.577 E.02526
;WIDTH:0.69779
G1 X162.72 Y51.067 E.0462
;WIDTH:0.663629
G1 X162.72 Y156.807 E9.28002
;WIDTH:0.69779
G1 X162.598 Y157.186 E.03698
G1 X162.382 Y157.402 E.02837
G1 X162.049 Y157.513 E.0326
;WIDTH:0.672463
G1 X161.841 Y157.524 E.01856
;WIDTH:0.663629
G1 X131.552 Y157.524 E2.65824
G1 X130.552 Y157.524 E.08337
G1 X129.552 Y157.524 E.07899
G1 X128.552 Y157.524 E.0746
G1 X127.552 Y157.524 E.07021
G1 X126.552 Y157.524 E.06582
G1 X125.552 Y157.524 E.06143
G1 X124.552 Y157.524 E.05705
G1 X123.552 Y157.524 E.05266
G1 X122.552 Y157.524 E.04827
G1 X121.552 Y157.524 E.04388
G1 X120.552 Y157.524 E.03949
G1 X119.552 Y157.524 E.03511
G1 X118.552 Y157.524 E.03072
G1 X117.552 Y157.524 E.02633
G1 X116.552 Y157.524 E.02194
G1 X115.552 Y157.524 E.01755
G1 X114.552 Y157.524 E.01316
G1 X113.552 Y157.524 E.00878
G1 X112.552 Y157.524 E.00439
G1 X111.642 Y157.524 E.07986
;LAYER_CHANGE
;Z:20.1
;HEIGHT:0.360001
;BEFORE_LAYER_CHANGE
G92 E0
;20.1


;WIPE_START
G1 F9600
G1 X111.552 Y157.524 E-.01603
G1 X107.151 Y157.524 E-.78397
;WIPE_END
G1 Z20.1 F12000
;AFTER_LAYER_CHANGE
;20.1
G1 X131.552 Y156.938
G1 Z19.74
G1 E.8 F1800
G1 F2661
G1 X130.552 Y156.938 Z19.758 E.00439
G1 X129.552 Y156.938 Z19.776 E.00878
G1 X128.552 Y156.938 Z19.794 E.01316
G1 X127.552 Y156.938 Z19.812 E.01755
G1 X126.552 Y156.938 Z19.83 E.02194
G1 X125.552 Y156.938 Z19.848 E.02633
G1 X124.552 Y156.938 Z19.866 E.03072
G1 X123.552 Y156.938 Z19.884 E.03511
G1 X122.552 Y156.938 Z19.902 E.03949
G1 X121.552 Y156.938 Z19.92 E.04388
G1 X120.552 Y156.938 Z19.938 E.04827
G1 X119.552 Y156.938 Z19.956 E.05266
G1 X118.552 Y156.938 Z19.974 E.05705
G1 X117.552 Y156.938 Z19.992 E.06143
G1 X116.552 Y156.938 Z20.01 E.06582
G1 X115.552 Y156.938 Z20.028 E.07021
G1 X114.552 Y156.938 Z20.046 E.0746
G1 X113.552 Y156.938 Z20.064 E.07899
G1 X112.552 Y156.938 Z20.082 E.08337
G1 X111.552 Y156.938 Z20.1 E.08776
G1 X61.263 Y156.938 E4.4135
;WIDTH:0.697541
G1 X61.083 Y156.897 E.01714
G1 X60.97 Y156.736 E.01826
;WIDTH:0.663629
G1 X60.97 Y51.067 E9.27379
;WIDTH:0.697542
G1 X61.011 Y50.887 E.01714
G1 X61.172 Y50.774 E.01826
;WIDTH:0.663628
G1 X161.841 Y50.774 E8.83496
;WIDTH:0.697183
G1 X162.019 Y50.813 E.01691
;WIDTH:0.697543
G1 X162.093 Y50.887 E.00972
G1 X162.134 Y51.067 E.01714
;WIDTH:0.663629
G1 X162.134 Y156.645 E9.26581
;WIDTH:0.69754
G1 X162.093 Y156.825 E.01714
G1 X162.02 Y156.897 E.00952
;WIDTH:0.697184
G1 X161.841 Y156.938 E.01704
;WIDTH:0.663629
G1 X131.552 Y156.938 E2.65824
G1 X130.552 Y156.938 E.08337
G1 X129.552 Y156.938 E.07899
G1 X128.552 Y156.938 E.0746
G1 X127.552 Y156.938 E.07021
G1 X126.552 Y156.938 E.06582
G1 X125.552 Y156.938 E.06143
G1 X124.552 Y156.938 E.05705
G1 X123.552 Y156.938 E.05266
G1 X122.552 Y156.938 E.04827
G1 X121.552 Y156.938 E.04388
G1 X120.552 Y156.938 E.03949
G1 X119.552 Y156.938 E.03511
G1 X118.552 Y156.938 E.03072
G1 X117.552 Y156.938 E.02633
G1 X116.552 Y156.938 E.02194
G1 X115.552 Y156.938 E.01755
G1 X114.552 Y156.938 E.01316
G1 X113.552 Y156.938 E.00878
G1 X112.552 Y156.938 E.00439
G1 X111.642 Y156.938 E.07986
;WIPE_START
G1 F9600
G1 X111.552 Y156.938 E-.01603
G1 X107.151 Y156.938 E-.78397
;WIPE_END
G1 X131.552 Y157.524 F12000
G1 Z19.74
G1 E.8 F1800
G1 F2661
G1 X130.6 Y157.524 Z19.757 E.00398
G1 X129.647 Y157.524 Z19.774 E.00797
G1 X128.695 Y157.524 Z19.791 E.01194
G1 X127.743 Y157.524 Z19.809 E.01591
G1 X126.79 Y157.524 Z19.826 E.01991
G1 X125.838 Y157.524 Z19.843 E.02387
G1 X124.885 Y157.524 Z19.86 E.02788
G1 X123.933 Y157.524 Z19.877 E.03183
G1 X122.981 Y157.524 Z19.894 E.03581
G1 X122.028 Y157.524 Z19.911 E.03983
G1 X121.076 Y157.524 Z19.929 E.04376
G1 X120.124 Y157.524 Z19.946 E.04774
G1 X119.171 Y157.524 Z19.963 E.05178
G1 X118.219 Y157.524 Z19.98 E.0557
G1 X117.266 Y157.524 Z19.997 E.05974
G1 X116.314 Y157.524 Z20.014 E.06366
G1 X115.362 Y157.524 Z20.031 E.06764
G1 X114.409 Y157.524 Z20.049 E.07169
G1 X113.457 Y157.524 Z20.066 E.07559
G1 X112.504 Y157.524 Z20.083 E.07966
G1 X111.552 Y157.524 Z20.1 E.08355
G1 X61.134 Y157.524 E4.42482
;WIDTH:0.697541
G1 X60.726 Y157.404 E.03948
G1 X60.504 Y157.181 E.02921
;WIDTH:0.697186
G1 X60.416 Y156.936 E.02415
;WIDTH:0.676921
G1 X60.384 Y156.645 E.02628
;WIDTH:0.663629
G1 X60.384 Y50.938 E9.27713
;WIDTH:0.697542
G1 X60.504 Y50.53 E.03948
G1 X60.727 Y50.308 E.02921
;WIDTH:0.697187
G1 X60.972 Y50.219 E.02419
;WIDTH:0.676921
G1 X61.263 Y50.188 E.02627
;WIDTH:0.663628
G1 X161.984 Y50.189 E8.83953
;WIDTH:0.697183
G1 X162.266 Y50.258 E.02694
;WIDTH:0.70188
G1 X162.461 Y50.369 E.02098
G1 X162.6 Y50.53 E.01988
;WIDTH:0.697543
G1 X162.716 Y50.923 E.03804
;WIDTH:0.672548
G1 X162.72 Y51.067 E.01283
;WIDTH:0.663629
G1 X162.72 Y156.807 E9.28002
;WIDTH:0.69754
G1 X162.6 Y157.182 E.03655
G1 X162.377 Y157.404 E.02921
;WIDTH:0.697184
G1 X162.049 Y157.513 E.03207
;WIDTH:0.672548
G1 X161.841 Y157.524 E.01856
;WIDTH:0.663629
G1 X131.552 Y157.524 E2.65824
G1 X130.6 Y157.524 E.07957
G1 X129.647 Y157.524 E.07567
G1 X128.695 Y157.524 E.07161
G1 X127.743 Y157.524 E.06764
G1 X126.79 Y157.524 E.06372
G1 X125.838 Y157.524 E.05968
G1 X124.885 Y157.524 E.05576
G1 X123.933 Y157.524 E.05172
G1 X122.981 Y157.524 E.04774
G1 X122.028 Y157.524 E.04381
G1 X121.076 Y157.524 E.03979
G1 X120.124 Y157.524 E.03581
G1 X119.171 Y157.524 E.03186
G1 X118.219 Y157.524 E.02785
G1 X117.266 Y157.524 E.0239
G1 X116.314 Y157.524 E.01989
G1 X115.362 Y157.524 E.01591
G1 X114.409 Y157.524 E.01195
G1 X113.457 Y157.524 E.00796
G1 X112.504 Y157.524 E.00398
G1 X111.642 Y157.524 E.07565
;LAYER_CHANGE
;Z:20.46
;HEIGHT:0.359999
;BEFORE_LAYER_CHANGE
G92 E0
;20.46


;WIPE_START
G1 F9600
G1 X111.552 Y157.524 E-.01603
G1 X107.151 Y157.524 E-.78397
;WIPE_END
G1 Z20.46 F12000
;AFTER_LAYER_CHANGE
;20.46
G1 X131.552 Y156.938
G1 Z20.1
G1 E.8 F1800
G1 F2661
G1 X130.552 Y156.938 Z20.118 E.00439
G1 X129.552 Y156.938 Z20.136 E.00878
G1 X128.552 Y156.938 Z20.154 E.01316
G1 X127.552 Y156.938 Z20.172 E.01755
G1 X126.552 Y156.938 Z20.19 E.02194
G1 X125.552 Y156.938 Z20.208 E.02633
G1 X124.552 Y156.938 Z20.226 E.03072
G1 X123.552 Y156.938 Z20.244 E.03511
G1 X122.552 Y156.938 Z20.262 E.03949
G1 X121.552 Y156.938 Z20.28 E.04388
G1 X120.552 Y156.938 Z20.298 E.04827
G1 X119.552 Y156.938 Z20.316 E.05266
G1 X118.552 Y156.938 Z20.334 E.05705
G1 X117.552 Y156.938 Z20.352 E.06143
G1 X116.552 Y156.938 Z20.37 E.06582
G1 X115.552 Y156.938 Z20.388 E.07021
G1 X114.552 Y156.938 Z20.406 E.0746
G1 X113.552 Y156.938 Z20.424 E.07899
G1 X112.552 Y156.938 Z20.442 E.08337
G1 X111.552 Y156.938 Z20.46 E.08776
G1 X61.263 Y156.938 E4.4135
;WIDTH:0.697128
G1 X61.085 Y156.898 E.01693
G1 X60.97 Y156.736 E.01843
;WIDTH:0.663629
G1 X60.97 Y51.067 E9.27379
;WIDTH:0.697128
G1 X61.01 Y50.889 E.01693
G1 X61.088 Y50.813 E.0101
;WIDTH:0.696167
G1 X61.192 Y50.774 E.01029
;WIDTH:0.663628
G1 X161.841 Y50.774 E8.83321
;WIDTH:0.696172
G1 X162.018 Y50.814 E.01681
;WIDTH:0.697132
G1 X162.094 Y50.889 E.00991
G1 X162.134 Y51.067 E.01693
;WIDTH:0.663629
G1 X162.134 Y156.645 E9.26581
;WIDTH:0.697127
G1 X162.094 Y156.823 E.01693
G1 X162.017 Y156.899 E.01004
;WIDTH:0.696165
G1 X161.841 Y156.938 E.0167
;WIDTH:0.663629
G1 X131.552 Y156.938 E2.65824
G1 X130.552 Y156.938 E.08337
G1 X129.552 Y156.938 E.07899
G1 X128.552 Y156.938 E.0746
G1 X127.552 Y156.938 E.07021
G1 X126.552 Y156.938 E.06582
G1 X125.552 Y156.938 E.06143
G1 X124.552 Y156.938 E.05705
G1 X123.552 Y156.938 E.05266
G1 X122.552 Y156.938 E.04827
G1 X121.552 Y156.938 E.04388
G1 X120.552 Y156.938 E.03949
G1 X119.552 Y156.938 E.03511
G1 X118.552 Y156.938 E.03072
G1 X117.552 Y156.938 E.02633
G1 X116.552 Y156.938 E.02194
G1 X115.552 Y156.938 E.01755
G1 X114.552 Y156.938 E.01316
G1 X113.552 Y156.938 E.00878
G1 X112.552 Y156.938 E.00439
G1 X111.642 Y156.938 E.07986
;WIPE_START
G1 F9600
G1 X111.552 Y156.938 E-.01603
G1 X107.151 Y156.938 E-.78397
;WIPE_END
G1 X131.552 Y157.524 F12000
G1 Z20.1
G1 E.8 F1800
G1 F2661
G1 X130.552 Y157.524 Z20.118 E.00439
G1 X129.552 Y157.524 Z20.136 E.00878
G1 X128.552 Y157.524 Z20.154 E.01316
G1 X127.552 Y157.524 Z20.172 E.01755
G1 X126.552 Y157.524 Z20.19 E.02194
G1 X125.552 Y157.524 Z20.208 E.02633
G1 X124.552 Y157.524 Z20.226 E.03072
G1 X123.552 Y157.524 Z20.244 E.03511
G1 X122.552 Y157.524 Z20.262 E.03949
G1 X121.552 Y157.524 Z20.28 E.04388
G1 X120.552 Y157.524 Z20.298 E.04827
G1 X119.552 Y157.524 Z20.316 E.05266
G1 X118.552 Y157.524 Z20.334 E.05705
G1 X117.552 Y157.524 Z20.352 E.06143
G1 X116.552 Y157.524 Z20.37 E.06582
G1 X115.552 Y157.524 Z20.388 E.07021
G1 X114.552 Y157.524 Z20.406 E.0746
G1 X113.552 Y157.524 Z20.424 E.07899
G1 X112.552 Y157.524 Z20.442 E.08337
G1 X111.552 Y157.524 Z20.46 E.08776
G1 X61.263 Y157.524 E4.4135
;WIDTH:0.697128
G1 X60.842 Y157.455 E.03958
;WIDTH:0.7018
G1 X60.654 Y157.351 E.02008
G1 X60.503 Y157.177 E.02154
;WIDTH:0.696162
G1 X60.414 Y156.932 E.02415
;WIDTH:0.677015
G1 X60.384 Y156.645 E.0259
;WIDTH:0.663629
G1 X60.384 Y51.067 E9.26581
;WIDTH:0.697128
G1 X60.453 Y50.646 E.03958
;WIDTH:0.701801
G1 X60.557 Y50.457 E.02017
G1 X60.731 Y50.307 E.02147
;WIDTH:0.696161
G1 X60.976 Y50.218 E.02415
;WIDTH:0.677015
G1 X61.263 Y50.188 E.0259
;WIDTH:0.663628
G1 X161.982 Y50.188 E8.83935
;WIDTH:0.696192
G1 X162.258 Y50.254 E.02629
;WIDTH:0.70086
G1 X162.46 Y50.371 E.02179
G1 X162.604 Y50.537 E.02051
;WIDTH:0.697132
G1 X162.716 Y50.921 E.03711
;WIDTH:0.6727
G1 X162.72 Y51.067 E.01302
;WIDTH:0.663629
G1 X162.72 Y156.736 E9.27379
;WIDTH:0.697127
G1 X162.651 Y157.066 E.03128
;WIDTH:0.70178
G1 X162.548 Y157.254 E.02004
G1 X162.319 Y157.443 E.02775
;WIDTH:0.696165
G1 X161.841 Y157.524 E.04491
;WIDTH:0.663629
G1 X131.552 Y157.524 E2.65824
G1 X130.552 Y157.524 E.08337
G1 X129.552 Y157.524 E.07899
G1 X128.552 Y157.524 E.0746
G1 X127.552 Y157.524 E.07021
G1 X126.552 Y157.524 E.06582
G1 X125.552 Y157.524 E.06143
G1 X124.552 Y157.524 E.05705
G1 X123.552 Y157.524 E.05266
G1 X122.552 Y157.524 E.04827
G1 X121.552 Y157.524 E.04388
G1 X120.552 Y157.524 E.03949
G1 X119.552 Y157.524 E.03511
G1 X118.552 Y157.524 E.03072
G1 X117.552 Y157.524 E.02633
G1 X116.552 Y157.524 E.02194
G1 X115.552 Y157.524 E.01755
G1 X114.552 Y157.524 E.01316
G1 X113.552 Y157.524 E.00878
G1 X112.552 Y157.524 E.00439
G1 X111.642 Y157.524 E.07986
;LAYER_CHANGE
;Z:20.82
;HEIGHT:0.360001
;BEFORE_LAYER_CHANGE
G92 E0
;20.82


;WIPE_START
G1 F9600
G1 X111.552 Y157.524 E-.01603
G1 X107.151 Y157.524 E-.78397
;WIPE_END
G1 Z20.82 F12000
;AFTER_LAYER_CHANGE
;20.82
G1 X131.552 Y156.938
G1 Z20.46
G1 E.8 F1800
G1 F2661
G1 X130.552 Y156.938 Z20.478 E.00439
G1 X129.552 Y156.938 Z20.496 E.00878
G1 X128.552 Y156.938 Z20.514 E.01316
G1 X127.552 Y156.938 Z20.532 E.01755
G1 X126.552 Y156.938 Z20.55 E.02194
G1 X125.552 Y156.938 Z20.568 E.02633
G1 X124.552 Y156.938 Z20.586 E.03072
G1 X123.552 Y156.938 Z20.604 E.03511
G1 X122.552 Y156.938 Z20.622 E.03949
G1 X121.552 Y156.938 Z20.64 E.04388
G1 X120.552 Y156.938 Z20.658 E.04827
G1 X119.552 Y156.938 Z20.676 E.05266
G1 X118.552 Y156.938 Z20.694 E.05705
G1 X117.552 Y156.938 Z20.712 E.06143
G1 X116.552 Y156.938 Z20.73 E.06582
G1 X115.552 Y156.938 Z20.748 E.07021
G1 X114.552 Y156.938 Z20.766 E.0746
G1 X113.552 Y156.938 Z20.784 E.07899
G1 X112.552 Y156.938 Z20.802 E.08337
G1 X111.552 Y156.938 Z20.82 E.08776
G1 X61.263 Y156.938 E4.4135
;WIDTH:0.70139
G1 X61.048 Y156.871 E.02104
G1 X60.97 Y156.69 E.01841
;WIDTH:0.663629
G1 X60.97 Y51.067 E9.26976
;WIDTH:0.70139
G1 X61.037 Y50.852 E.02104
G1 X61.218 Y50.774 E.01841
;WIDTH:0.663628
G1 X161.841 Y50.774 E8.83093
;WIDTH:0.695164
G1 X162.018 Y50.814 E.01678
;WIDTH:0.696757
G1 X162.096 Y50.891 E.01016
G1 X162.134 Y51.067 E.01669
;WIDTH:0.663629
G1 X162.134 Y156.645 E9.26581
;WIDTH:0.696749
G1 X162.096 Y156.821 E.01669
G1 X162.013 Y156.901 E.01069
;WIDTH:0.6952
G1 X161.841 Y156.938 E.01627
;WIDTH:0.663629
G1 X131.552 Y156.938 E2.65824
G1 X130.552 Y156.938 E.08337
G1 X129.552 Y156.938 E.07899
G1 X128.552 Y156.938 E.0746
G1 X127.552 Y156.938 E.07021
G1 X126.552 Y156.938 E.06582
G1 X125.552 Y156.938 E.06143
G1 X124.552 Y156.938 E.05705
G1 X123.552 Y156.938 E.05266
G1 X122.552 Y156.938 E.04827
G1 X121.552 Y156.938 E.04388
G1 X120.552 Y156.938 E.03949
G1 X119.552 Y156.938 E.03511
G1 X118.552 Y156.938 E.03072
G1 X117.552 Y156.938 E.02633
G1 X116.552 Y156.938 E.02194
G1 X115.552 Y156.938 E.01755
G1 X114.552 Y156.938 E.01316
G1 X113.552 Y156.938 E.00878
G1 X112.552 Y156.938 E.00439
G1 X111.642 Y156.938 E.07986
;WIPE_START
G1 F9600
G1 X111.552 Y156.938 E-.01603
G1 X107.151 Y156.938 E-.78397
;WIPE_END
G1 X131.552 Y157.524 F12000
G1 Z20.46
G1 E.8 F1800
G1 F2661
G1 X130.552 Y157.524 Z20.478 E.00439
G1 X129.552 Y157.524 Z20.496 E.00878
G1 X128.552 Y157.524 Z20.514 E.01316
G1 X127.552 Y157.524 Z20.532 E.01755
G1 X126.552 Y157.524 Z20.55 E.02194
G1 X125.552 Y157.524 Z20.568 E.02633
G1 X124.552 Y157.524 Z20.586 E.03072
G1 X123.552 Y157.524 Z20.604 E.03511
G1 X122.552 Y157.524 Z20.622 E.03949
G1 X121.552 Y157.524 Z20.64 E.04388
G1 X120.552 Y157.524 Z20.658 E.04827
G1 X119.552 Y157.524 Z20.676 E.05266
G1 X118.552 Y157.524 Z20.694 E.05705
G1 X117.552 Y157.524 Z20.712 E.06143
G1 X116.552 Y157.524 Z20.73 E.06582
G1 X115.552 Y157.524 Z20.748 E.07021
G1 X114.552 Y157.524 Z20.766 E.0746
G1 X113.552 Y157.524 Z20.784 E.07899
G1 X112.552 Y157.524 Z20.802 E.08337
G1 X111.552 Y157.524 Z20.82 E.08776
G1 X61.263 Y157.524 E4.4135
;WIDTH:0.69675
G1 X60.848 Y157.457 E.03898
;WIDTH:0.70139
G1 X60.661 Y157.357 E.01981
G1 X60.504 Y157.176 E.02238
;WIDTH:0.695146
G1 X60.413 Y156.929 E.02434
;WIDTH:0.677106
G1 X60.384 Y156.645 E.02563
;WIDTH:0.663629
G1 X60.384 Y51.067 E9.26581
;WIDTH:0.696751
G1 X60.451 Y50.652 E.03898
;WIDTH:0.70139
G1 X60.551 Y50.465 E.01981
G1 X60.732 Y50.308 E.02238
;WIDTH:0.695146
G1 X60.979 Y50.217 E.02434
;WIDTH:0.677106
G1 X61.263 Y50.188 E.02563
;WIDTH:0.663628
G1 X161.981 Y50.188 E8.83926
;WIDTH:0.695251
G1 X162.249 Y50.251 E.02546
;WIDTH:0.699845
G1 X162.459 Y50.372 E.02258
G1 X162.608 Y50.544 E.02121
;WIDTH:0.696757
G1 X162.716 Y50.92 E.03627
;WIDTH:0.672864
G1 X162.72 Y51.067 E.01311
;WIDTH:0.663629
G1 X162.72 Y156.736 E9.27379
;WIDTH:0.696749
G1 X162.654 Y157.06 E.03066
;WIDTH:0.701389
G1 X162.553 Y157.247 E.01985
G1 X162.311 Y157.447 E.02933
;WIDTH:0.6952
G1 X161.841 Y157.524 E.04405
;WIDTH:0.663629
G1 X131.552 Y157.524 E2.65824
G1 X130.552 Y157.524 E.08337
G1 X129.552 Y157.524 E.07899
G1 X128.552 Y157.524 E.0746
G1 X127.552 Y157.524 E.07021
G1 X126.552 Y157.524 E.06582
G1 X125.552 Y157.524 E.06143
G1 X124.552 Y157.524 E.05705
G1 X123.552 Y157.524 E.05266
G1 X122.552 Y157.524 E.04827
G1 X121.552 Y157.524 E.04388
G1 X120.552 Y157.524 E.03949
G1 X119.552 Y157.524 E.03511
G1 X118.552 Y157.524 E.03072
G1 X117.552 Y157.524 E.02633
G1 X116.552 Y157.524 E.02194
G1 X115.552 Y157.524 E.01755
G1 X114.552 Y157.524 E.01316
G1 X113.552 Y157.524 E.00878
G1 X112.552 Y157.524 E.00439
G1 X111.642 Y157.524 E.07986
;LAYER_CHANGE
;Z:21.18
;HEIGHT:0.360001
;BEFORE_LAYER_CHANGE
G92 E0
;21.18


;WIPE_START
G1 F9600
G1 X111.552 Y157.524 E-.01603
G1 X107.151 Y157.524 E-.78397
;WIPE_END
G1 Z21.18 F12000
;AFTER_LAYER_CHANGE
;21.18
G1 X131.552 Y156.938
G1 Z20.82
G1 E.8 F1800
G1 F2661
G1 X130.552 Y156.938 Z20.838 E.00439
G1 X129.552 Y156.938 Z20.856 E.00878
G1 X128.552 Y156.938 Z20.874 E.01316
G1 X127.552 Y156.938 Z20.892 E.01755
G1 X126.552 Y156.938 Z20.91 E.02194
G1 X125.552 Y156.938 Z20.928 E.02633
G1 X124.552 Y156.938 Z20.946 E.03072
G1 X123.552 Y156.938 Z20.964 E.03511
G1 X122.552 Y156.938 Z20.982 E.03949
G1 X121.552 Y156.938 Z21 E.04388
G1 X120.552 Y156.938 Z21.018 E.04827
G1 X119.552 Y156.938 Z21.036 E.05266
G1 X118.552 Y156.938 Z21.054 E.05705
G1 X117.552 Y156.938 Z21.072 E.06143
G1 X116.552 Y156.938 Z21.09 E.06582
G1 X115.552 Y156.938 Z21.108 E.07021
G1 X114.552 Y156.938 Z21.126 E.0746
G1 X113.552 Y156.938 Z21.144 E.07899
G1 X112.552 Y156.938 Z21.162 E.08337
G1 X111.552 Y156.938 Z21.18 E.08776
G1 X61.263 Y156.938 E4.4135
;WIDTH:0.70101
G1 X61.051 Y156.873 E.0207
G1 X60.97 Y156.691 E.0186
;WIDTH:0.663629
G1 X60.97 Y51.067 E9.26984
;WIDTH:0.70101
G1 X61.035 Y50.855 E.0207
G1 X61.217 Y50.774 E.0186
;WIDTH:0.663628
G1 X161.841 Y50.774 E8.83101
;WIDTH:0.694155
G1 X162.018 Y50.815 E.01678
;WIDTH:0.696413
G1 X162.097 Y50.893 E.01029
G1 X162.134 Y51.067 E.01649
;WIDTH:0.663629
G1 X162.134 Y156.645 E9.26581
;WIDTH:0.696403
G1 X162.097 Y156.818 E.01639
G1 X162.009 Y156.903 E.01134
;WIDTH:0.694282
G1 X161.841 Y156.938 E.01585
;WIDTH:0.663629
G1 X131.552 Y156.938 E2.65824
G1 X130.552 Y156.938 E.08337
G1 X129.552 Y156.938 E.07899
G1 X128.552 Y156.938 E.0746
G1 X127.552 Y156.938 E.07021
G1 X126.552 Y156.938 E.06582
G1 X125.552 Y156.938 E.06143
G1 X124.552 Y156.938 E.05705
G1 X123.552 Y156.938 E.05266
G1 X122.552 Y156.938 E.04827
G1 X121.552 Y156.938 E.04388
G1 X120.552 Y156.938 E.03949
G1 X119.552 Y156.938 E.03511
G1 X118.552 Y156.938 E.03072
G1 X117.552 Y156.938 E.02633
G1 X116.552 Y156.938 E.02194
G1 X115.552 Y156.938 E.01755
G1 X114.552 Y156.938 E.01316
G1 X113.552 Y156.938 E.00878
G1 X112.552 Y156.938 E.00439
G1 X111.642 Y156.938 E.07986
;WIPE_START
G1 F9600
G1 X111.552 Y156.938 E-.01603
G1 X107.151 Y156.938 E-.78397
;WIPE_END
G1 X131.552 Y157.524 F12000
G1 Z20.82
G1 E.8 F1800
G1 F2661
G1 X130.552 Y157.524 Z20.838 E.00439
G1 X129.552 Y157.524 Z20.856 E.00878
G1 X128.552 Y157.524 Z20.874 E.01316
G1 X127.552 Y157.524 Z20.892 E.01755
G1 X126.552 Y157.524 Z20.91 E.02194
G1 X125.552 Y157.524 Z20.928 E.02633
G1 X124.552 Y157.524 Z20.946 E.03072
G1 X123.552 Y157.524 Z20.964 E.03511
G1 X122.552 Y157.524 Z20.982 E.03949
G1 X121.552 Y157.524 Z21 E.04388
G1 X120.552 Y157.524 Z21.018 E.04827
G1 X119.552 Y157.524 Z21.036 E.05266
G1 X118.552 Y157.524 Z21.054 E.05705
G1 X117.552 Y157.524 Z21.072 E.06143
G1 X116.552 Y157.524 Z21.09 E.06582
G1 X115.552 Y157.524 Z21.108 E.07021
G1 X114.552 Y157.524 Z21.126 E.0746
G1 X113.552 Y157.524 Z21.144 E.07899
G1 X112.552 Y157.524 Z21.162 E.08337
G1 X111.552 Y157.524 Z21.18 E.08776
G1 X61.263 Y157.524 E4.4135
;WIDTH:0.696403
G1 X60.853 Y157.46 E.03845
;WIDTH:0.70101
G1 X60.668 Y157.362 E.01954
G1 X60.458 Y157.107 E.03084
;WIDTH:0.694283
G1 X60.384 Y156.645 E.04321
;WIDTH:0.663629
G1 X60.384 Y51.067 E9.26581
;WIDTH:0.696403
G1 X60.448 Y50.657 E.03845
;WIDTH:0.70101
G1 X60.546 Y50.472 E.01954
G1 X60.801 Y50.261 E.0309
;WIDTH:0.694283
G1 X61.263 Y50.188 E.0432
;WIDTH:0.663628
G1 X161.841 Y50.188 E8.82698
;WIDTH:0.694355
G1 X162.241 Y50.248 E.03736
;WIDTH:0.698829
G1 X162.458 Y50.373 E.0233
G1 X162.612 Y50.551 E.0219
;WIDTH:0.696413
G1 X162.716 Y50.919 E.03544
;WIDTH:0.673037
G1 X162.72 Y51.067 E.0132
;WIDTH:0.663629
G1 X162.72 Y156.645 E9.26581
;WIDTH:0.696403
G1 X162.656 Y157.055 E.03845
;WIDTH:0.701009
G1 X162.559 Y157.24 E.0195
G1 X162.303 Y157.45 E.03091
;WIDTH:0.694282
G1 X161.841 Y157.524 E.04321
;WIDTH:0.663629
G1 X131.552 Y157.524 E2.65824
G1 X130.552 Y157.524 E.08337
G1 X129.552 Y157.524 E.07899
G1 X128.552 Y157.524 E.0746
G1 X127.552 Y157.524 E.07021
G1 X126.552 Y157.524 E.06582
G1 X125.552 Y157.524 E.06143
G1 X124.552 Y157.524 E.05705
G1 X123.552 Y157.524 E.05266
G1 X122.552 Y157.524 E.04827
G1 X121.552 Y157.524 E.04388
G1 X120.552 Y157.524 E.03949
G1 X119.552 Y157.524 E.03511
G1 X118.552 Y157.524 E.03072
G1 X117.552 Y157.524 E.02633
G1 X116.552 Y157.524 E.02194
G1 X115.552 Y157.524 E.01755
G1 X114.552 Y157.524 E.01316
G1 X113.552 Y157.524 E.00878
G1 X112.552 Y157.524 E.00439
G1 X111.642 Y157.524 E.07986
;LAYER_CHANGE
;Z:21.54
;HEIGHT:0.360001
;BEFORE_LAYER_CHANGE
G92 E0
;21.54


;WIPE_START
G1 F9600
G1 X111.552 Y157.524 E-.01603
G1 X107.151 Y157.524 E-.78397
;WIPE_END
G1 Z21.54 F12000
;AFTER_LAYER_CHANGE
;21.54
G1 X131.552 Y156.938
G1 Z21.18
G1 E.8 F1800
G1 F2661
G1 X130.552 Y156.938 Z21.198 E.00439
G1 X129.552 Y156.938 Z21.216 E.00878
G1 X128.552 Y156.938 Z21.234 E.01316
G1 X127.552 Y156.938 Z21.252 E.01755
G1 X126.552 Y156.938 Z21.27 E.02194
G1 X125.552 Y156.938 Z21.288 E.02633
G1 X124.552 Y156.938 Z21.306 E.03072
G1 X123.552 Y156.938 Z21.324 E.03511
G1 X122.552 Y156.938 Z21.342 E.03949
G1 X121.552 Y156.938 Z21.36 E.04388
G1 X120.552 Y156.938 Z21.378 E.04827
G1 X119.552 Y156.938 Z21.396 E.05266
G1 X118.552 Y156.938 Z21.414 E.05705
G1 X117.552 Y156.938 Z21.432 E.06143
G1 X116.552 Y156.938 Z21.45 E.06582
G1 X115.552 Y156.938 Z21.468 E.07021
G1 X114.552 Y156.938 Z21.486 E.0746
G1 X113.552 Y156.938 Z21.504 E.07899
G1 X112.552 Y156.938 Z21.522 E.08337
G1 X111.552 Y156.938 Z21.54 E.08776
G1 X61.263 Y156.938 E4.4135
;WIDTH:0.700663
G1 X61.053 Y156.875 E.02046
G1 X60.97 Y156.691 E.01883
;WIDTH:0.663629
G1 X60.97 Y51.067 E9.26984
;WIDTH:0.700663
G1 X61.033 Y50.857 E.02046
G1 X61.217 Y50.774 E.01883
;WIDTH:0.663628
G1 X161.841 Y50.774 E8.83101
;WIDTH:0.693148
G1 X162.017 Y50.815 E.01666
;WIDTH:0.696102
G1 X162.098 Y50.895 E.01054
G1 X162.134 Y51.067 E.01628
;WIDTH:0.663629
G1 X162.134 Y156.645 E9.26581
;WIDTH:0.700662
G1 X162.071 Y156.855 E.02046
G1 X161.887 Y156.938 E.01883
;WIDTH:0.663629
G1 X131.552 Y156.938 E2.66228
G1 X130.552 Y156.938 E.08337
G1 X129.552 Y156.938 E.07899
G1 X128.552 Y156.938 E.0746
G1 X127.552 Y156.938 E.07021
G1 X126.552 Y156.938 E.06582
G1 X125.552 Y156.938 E.06143
G1 X124.552 Y156.938 E.05705
G1 X123.552 Y156.938 E.05266
G1 X122.552 Y156.938 E.04827
G1 X121.552 Y156.938 E.04388
G1 X120.552 Y156.938 E.03949
G1 X119.552 Y156.938 E.03511
G1 X118.552 Y156.938 E.03072
G1 X117.552 Y156.938 E.02633
G1 X116.552 Y156.938 E.02194
G1 X115.552 Y156.938 E.01755
G1 X114.552 Y156.938 E.01316
G1 X113.552 Y156.938 E.00878
G1 X112.552 Y156.938 E.00439
G1 X111.642 Y156.938 E.07986
;WIPE_START
G1 F9600
G1 X111.552 Y156.938 E-.01603
G1 X107.151 Y156.938 E-.78397
;WIPE_END
G1 X131.552 Y157.524 F12000
G1 Z21.18
G1 E.8 F1800
G1 F2661
G1 X130.552 Y157.524 Z21.198 E.00439
G1 X129.552 Y157.524 Z21.216 E.00878
G1 X128.552 Y157.524 Z21.234 E.01316
G1 X127.552 Y157.524 Z21.252 E.01755
G1 X126.552 Y157.524 Z21.27 E.02194
G1 X125.552 Y157.524 Z21.288 E.02633
G1 X124.552 Y157.524 Z21.306 E.03072
G1 X123.552 Y157.524 Z21.324 E.03511
G1 X122.552 Y157.524 Z21.342 E.03949
G1 X121.552 Y157.524 Z21.36 E.04388
G1 X120.552 Y157.524 Z21.378 E.04827
G1 X119.552 Y157.524 Z21.396 E.05266
G1 X118.552 Y157.524 Z21.414 E.05705
G1 X117.552 Y157.524 Z21.432 E.06143
G1 X116.552 Y157.524 Z21.45 E.06582
G1 X115.552 Y157.524 Z21.468 E.07021
G1 X114.552 Y157.524 Z21.486 E.0746
G1 X113.552 Y157.524 Z21.504 E.07899
G1 X112.552 Y157.524 Z21.522 E.08337
G1 X111.552 Y157.524 Z21.54 E.08776
G1 X61.263 Y157.524 E4.4135
;WIDTH:0.696089
G1 X60.859 Y157.462 E.03786
;WIDTH:0.700663
G1 X60.676 Y157.368 E.0192
G1 X60.454 Y157.099 E.03254
;WIDTH:0.693416
G1 X60.384 Y156.645 E.04236
;WIDTH:0.663629
G1 X60.384 Y51.067 E9.26581
;WIDTH:0.69609
G1 X60.446 Y50.663 E.03786
;WIDTH:0.700663
G1 X60.54 Y50.479 E.01928
G1 X60.809 Y50.258 E.03248
;WIDTH:0.693416
G1 X61.263 Y50.188 E.04236
;WIDTH:0.663628
G1 X161.841 Y50.188 E8.82698
;WIDTH:0.693501
G1 X162.232 Y50.245 E.03644
;WIDTH:0.697813
G1 X162.458 Y50.374 E.02417
G1 X162.616 Y50.557 E.02246
;WIDTH:0.696102
G1 X162.715 Y50.917 E.03458
;WIDTH:0.673219
G1 X162.72 Y51.067 E.01339
;WIDTH:0.663629
G1 X162.72 Y156.645 E9.26581
;WIDTH:0.696088
G1 X162.659 Y157.049 E.03784
;WIDTH:0.700662
G1 X162.564 Y157.232 E.01924
G1 X162.295 Y157.454 E.03254
;WIDTH:0.693414
G1 X161.841 Y157.524 E.04236
;WIDTH:0.663629
G1 X131.552 Y157.524 E2.65824
G1 X130.552 Y157.524 E.08337
G1 X129.552 Y157.524 E.07899
G1 X128.552 Y157.524 E.0746
G1 X127.552 Y157.524 E.07021
G1 X126.552 Y157.524 E.06582
G1 X125.552 Y157.524 E.06143
G1 X124.552 Y157.524 E.05705
G1 X123.552 Y157.524 E.05266
G1 X122.552 Y157.524 E.04827
G1 X121.552 Y157.524 E.04388
G1 X120.552 Y157.524 E.03949
G1 X119.552 Y157.524 E.03511
G1 X118.552 Y157.524 E.03072
G1 X117.552 Y157.524 E.02633
G1 X116.552 Y157.524 E.02194
G1 X115.552 Y157.524 E.01755
G1 X114.552 Y157.524 E.01316
G1 X113.552 Y157.524 E.00878
G1 X112.552 Y157.524 E.00439
G1 X111.642 Y157.524 E.07986
;LAYER_CHANGE
;Z:21.9
;HEIGHT:0.359999
;BEFORE_LAYER_CHANGE
G92 E0
;21.9


;WIPE_START
G1 F9600
G1 X111.552 Y157.524 E-.01603
G1 X107.151 Y157.524 E-.78397
;WIPE_END
G1 Z21.9 F12000
;AFTER_LAYER_CHANGE
;21.9
G1 X131.552 Y156.938
G1 Z21.54
G1 E.8 F1800
G1 F2661
G1 X130.6 Y156.938 Z21.557 E.00398
G1 X129.647 Y156.938 Z21.574 E.00797
G1 X128.695 Y156.938 Z21.591 E.01194
G1 X127.743 Y156.938 Z21.609 E.01591
G1 X126.79 Y156.938 Z21.626 E.01991
G1 X125.838 Y156.938 Z21.643 E.02387
G1 X124.885 Y156.938 Z21.66 E.02788
G1 X123.933 Y156.938 Z21.677 E.03183
G1 X122.981 Y156.938 Z21.694 E.03581
G1 X122.028 Y156.938 Z21.711 E.03983
G1 X121.076 Y156.938 Z21.729 E.04376
G1 X120.124 Y156.938 Z21.746 E.04774
G1 X119.171 Y156.938 Z21.763 E.05178
G1 X118.219 Y156.938 Z21.78 E.0557
G1 X117.266 Y156.938 Z21.797 E.05974
G1 X116.314 Y156.938 Z21.814 E.06366
G1 X115.362 Y156.938 Z21.831 E.06764
G1 X114.409 Y156.938 Z21.849 E.07169
G1 X113.457 Y156.938 Z21.866 E.07559
G1 X112.504 Y156.938 Z21.883 E.07966
G1 X111.552 Y156.938 Z21.9 E.08355
G1 X61.263 Y156.938 E4.4135
;WIDTH:0.700347
G1 X61.056 Y156.877 E.02013
G1 X60.97 Y156.691 E.01911
;WIDTH:0.663629
G1 X60.97 Y51.067 E9.26984
;WIDTH:0.700347
G1 X61.031 Y50.859 E.02021
G1 X61.217 Y50.774 E.01907
;WIDTH:0.663628
G1 X161.841 Y50.774 E8.83101
;WIDTH:0.692103
G1 X162.017 Y50.815 E.01663
;WIDTH:0.695809
G1 X162.099 Y50.897 E.01074
G1 X162.134 Y51.067 E.01607
;WIDTH:0.663629
G1 X162.134 Y156.645 E9.26581
;WIDTH:0.700346
G1 X162.073 Y156.852 E.02013
G1 X161.887 Y156.938 E.01911
;WIDTH:0.663629
G1 X131.552 Y156.938 E2.66228
G1 X130.6 Y156.938 E.07957
G1 X129.647 Y156.938 E.07567
G1 X128.695 Y156.938 E.07161
G1 X127.743 Y156.938 E.06764
G1 X126.79 Y156.938 E.06372
G1 X125.838 Y156.938 E.05968
G1 X124.885 Y156.938 E.05576
G1 X123.933 Y156.938 E.05172
G1 X122.981 Y156.938 E.04774
G1 X122.028 Y156.938 E.04381
G1 X121.076 Y156.938 E.03979
G1 X120.124 Y156.938 E.03581
G1 X119.171 Y156.938 E.03186
G1 X118.219 Y156.938 E.02785
G1 X117.266 Y156.938 E.0239
G1 X116.314 Y156.938 E.01989
G1 X115.362 Y156.938 E.01591
G1 X114.409 Y156.938 E.01195
G1 X113.457 Y156.938 E.00796
G1 X112.504 Y156.938 E.00398
G1 X111.642 Y156.938 E.07565
;WIPE_START
G1 F9600
G1 X111.552 Y156.938 E-.01603
G1 X107.151 Y156.938 E-.78397
;WIPE_END
G1 X131.552 Y157.524 F12000
G1 Z21.54
G1 E.8 F1800
G1 F2661
G1 X130.552 Y157.524 Z21.558 E.00439
G1 X129.552 Y157.524 Z21.576 E.00878
G1 X128.552 Y157.524 Z21.594 E.01316
G1 X127.552 Y157.524 Z21.612 E.01755
G1 X126.552 Y157.524 Z21.63 E.02194
G1 X125.552 Y157.524 Z21.648 E.02633
G1 X124.552 Y157.524 Z21.666 E.03072
G1 X123.552 Y157.524 Z21.684 E.03511
G1 X122.552 Y157.524 Z21.702 E.03949
G1 X121.552 Y157.524 Z21.72 E.04388
G1 X120.552 Y157.524 Z21.738 E.04827
G1 X119.552 Y157.524 Z21.756 E.05266
G1 X118.552 Y157.524 Z21.774 E.05705
G1 X117.552 Y157.524 Z21.792 E.06143
G1 X116.552 Y157.524 Z21.81 E.06582
G1 X115.552 Y157.524 Z21.828 E.07021
G1 X114.552 Y157.524 Z21.846 E.0746
G1 X113.552 Y157.524 Z21.864 E.07899
G1 X112.552 Y157.524 Z21.882 E.08337
G1 X111.552 Y157.524 Z21.9 E.08776
G1 X61.263 Y157.524 E4.4135
;WIDTH:0.695809
G1 X60.864 Y157.465 E.03734
;WIDTH:0.700347
G1 X60.683 Y157.373 E.01894
G1 X60.451 Y157.091 E.03405
;WIDTH:0.692596
G1 X60.384 Y156.645 E.04154
;WIDTH:0.663629
G1 X60.384 Y51.067 E9.26581
;WIDTH:0.69581
G1 X60.443 Y50.668 E.03734
;WIDTH:0.700347
G1 X60.535 Y50.487 E.01894
G1 X60.817 Y50.254 E.03411
;WIDTH:0.692596
G1 X61.263 Y50.188 E.04152
;WIDTH:0.663628
G1 X161.841 Y50.188 E8.82698
;WIDTH:0.692638
G1 X162.223 Y50.241 E.03552
;WIDTH:0.696761
G1 X162.456 Y50.375 E.02492
G1 X162.62 Y50.564 E.0232
;WIDTH:0.695809
G1 X162.72 Y51.067 E.04748
;WIDTH:0.663629
G1 X162.72 Y156.645 E9.26581
;WIDTH:0.695809
G1 X162.661 Y157.044 E.03734
;WIDTH:0.700346
G1 X162.569 Y157.225 E.01894
G1 X162.287 Y157.457 E.03405
;WIDTH:0.692595
G1 X161.841 Y157.524 E.04154
;WIDTH:0.663629
G1 X131.552 Y157.524 E2.65824
G1 X130.552 Y157.524 E.08337
G1 X129.552 Y157.524 E.07899
G1 X128.552 Y157.524 E.0746
G1 X127.552 Y157.524 E.07021
G1 X126.552 Y157.524 E.06582
G1 X125.552 Y157.524 E.06143
G1 X124.552 Y157.524 E.05705
G1 X123.552 Y157.524 E.05266
G1 X122.552 Y157.524 E.04827
G1 X121.552 Y157.524 E.04388
G1 X120.552 Y157.524 E.03949
G1 X119.552 Y157.524 E.03511
G1 X118.552 Y157.524 E.03072
G1 X117.552 Y157.524 E.02633
G1 X116.552 Y157.524 E.02194
G1 X115.552 Y157.524 E.01755
G1 X114.552 Y157.524 E.01316
G1 X113.552 Y157.524 E.00878
G1 X112.552 Y157.524 E.00439
G1 X111.642 Y157.524 E.07986
;LAYER_CHANGE
;Z:22.26
;HEIGHT:0.360001
;BEFORE_LAYER_CHANGE
G92 E0
;22.26


;WIPE_START
G1 F9600
G1 X111.552 Y157.524 E-.01603
G1 X107.151 Y157.524 E-.78397
;WIPE_END
G1 Z22.26 F12000
;AFTER_LAYER_CHANGE
;22.26
G1 X131.552 Y156.938
G1 Z21.9
G1 E.8 F1800
G1 F2661
G1 X130.552 Y156.938 Z21.918 E.00439
G1 X129.552 Y156.938 Z21.936 E.00878
G1 X128.552 Y156.938 Z21.954 E.01316
G1 X127.552 Y156.938 Z21.972 E.01755
G1 X126.552 Y156.938 Z21.99 E.02194
G1 X125.552 Y156.938 Z22.008 E.02633
G1 X124.552 Y156.938 Z22.026 E.03072
G1 X123.552 Y156.938 Z22.044 E.03511
G1 X122.552 Y156.938 Z22.062 E.03949
G1 X121.552 Y156.938 Z22.08 E.04388
G1 X120.552 Y156.938 Z22.098 E.04827
G1 X119.552 Y156.938 Z22.116 E.05266
G1 X118.552 Y156.938 Z22.134 E.05705
G1 X117.552 Y156.938 Z22.152 E.06143
G1 X116.552 Y156.938 Z22.17 E.06582
G1 X115.552 Y156.938 Z22.188 E.07021
G1 X114.552 Y156.938 Z22.206 E.0746
G1 X113.552 Y156.938 Z22.224 E.07899
G1 X112.552 Y156.938 Z22.242 E.08337
G1 X111.552 Y156.938 Z22.26 E.08776
G1 X61.263 Y156.938 E4.4135
;WIDTH:0.700063
G1 X61.058 Y156.879 E.01988
G1 X60.97 Y156.691 E.01935
;WIDTH:0.663629
G1 X60.97 Y51.067 E9.26984
;WIDTH:0.700062
G1 X61.029 Y50.862 E.01988
G1 X61.217 Y50.774 E.01935
;WIDTH:0.663629
G1 X161.841 Y50.774 E8.83103
;WIDTH:0.691134
G1 X162.017 Y50.816 E.01662
;WIDTH:0.695582
G1 X162.1 Y50.899 E.01086
G1 X162.134 Y51.067 E.01586
;WIDTH:0.663629
G1 X162.134 Y156.645 E9.26581
;WIDTH:0.700061
G1 X162.075 Y156.85 E.01988
G1 X161.887 Y156.938 E.01935
;WIDTH:0.663629
G1 X131.552 Y156.938 E2.66228
G1 X130.552 Y156.938 E.08337
G1 X129.552 Y156.938 E.07899
G1 X128.552 Y156.938 E.0746
G1 X127.552 Y156.938 E.07021
G1 X126.552 Y156.938 E.06582
G1 X125.552 Y156.938 E.06143
G1 X124.552 Y156.938 E.05705
G1 X123.552 Y156.938 E.05266
G1 X122.552 Y156.938 E.04827
G1 X121.552 Y156.938 E.04388
G1 X120.552 Y156.938 E.03949
G1 X119.552 Y156.938 E.03511
G1 X118.552 Y156.938 E.03072
G1 X117.552 Y156.938 E.02633
G1 X116.552 Y156.938 E.02194
G1 X115.552 Y156.938 E.01755
G1 X114.552 Y156.938 E.01316
G1 X113.552 Y156.938 E.00878
G1 X112.552 Y156.938 E.00439
G1 X111.642 Y156.938 E.07986
;WIPE_START
G1 F9600
G1 X111.552 Y156.938 E-.01603
G1 X107.151 Y156.938 E-.78397
;WIPE_END
G1 X131.552 Y157.524 F12000
G1 Z21.9
G1 E.8 F1800
G1 F2661
G1 X130.552 Y157.524 Z21.918 E.00439
G1 X129.552 Y157.524 Z21.936 E.00878
G1 X128.552 Y157.524 Z21.954 E.01316
G1 X127.552 Y157.524 Z21.972 E.01755
G1 X126.552 Y157.524 Z21.99 E.02194
G1 X125.552 Y157.524 Z22.008 E.02633
G1 X124.552 Y157.524 Z22.026 E.03072
G1 X123.552 Y157.524 Z22.044 E.03511
G1 X122.552 Y157.524 Z22.062 E.03949
G1 X121.552 Y157.524 Z22.08 E.04388
G1 X120.552 Y157.524 Z22.098 E.04827
G1 X119.552 Y157.524 Z22.116 E.05266
G1 X118.552 Y157.524 Z22.134 E.05705
G1 X117.552 Y157.524 Z22.152 E.06143
G1 X116.552 Y157.524 Z22.17 E.06582
G1 X115.552 Y157.524 Z22.188 E.07021
G1 X114.552 Y157.524 Z22.206 E.0746
G1 X113.552 Y157.524 Z22.224 E.07899
G1 X112.552 Y157.524 Z22.242 E.08337
G1 X111.552 Y157.524 Z22.26 E.08776
G1 X61.263 Y157.524 E4.4135
;WIDTH:0.695564
G1 X60.87 Y157.467 E.03675
;WIDTH:0.700063
G1 X60.69 Y157.378 E.01872
G1 X60.447 Y157.083 E.03563
;WIDTH:0.691822
G1 X60.384 Y156.645 E.0407
;WIDTH:0.663629
G1 X60.384 Y51.067 E9.26581
;WIDTH:0.695563
G1 X60.44 Y50.674 E.03674
;WIDTH:0.700062
G1 X60.529 Y50.494 E.01872
G1 X60.825 Y50.251 E.0357
;WIDTH:0.691822
G1 X61.263 Y50.188 E.0407
;WIDTH:0.663629
G1 X161.841 Y50.188 E8.82699
;WIDTH:0.69192
G1 X162.215 Y50.238 E.03471
;WIDTH:0.695785
G1 X162.456 Y50.377 E.02576
G1 X162.624 Y50.571 E.02376
;WIDTH:0.695582
G1 X162.72 Y51.067 E.04675
;WIDTH:0.663629
G1 X162.72 Y156.645 E9.26581
;WIDTH:0.695562
G1 X162.664 Y157.038 E.03674
;WIDTH:0.700061
G1 X162.575 Y157.217 E.01863
G1 X162.279 Y157.461 E.03576
;WIDTH:0.691821
G1 X161.841 Y157.524 E.0407
;WIDTH:0.663629
G1 X131.552 Y157.524 E2.65824
G1 X130.552 Y157.524 E.08337
G1 X129.552 Y157.524 E.07899
G1 X128.552 Y157.524 E.0746
G1 X127.552 Y157.524 E.07021
G1 X126.552 Y157.524 E.06582
G1 X125.552 Y157.524 E.06143
G1 X124.552 Y157.524 E.05705
G1 X123.552 Y157.524 E.05266
G1 X122.552 Y157.524 E.04827
G1 X121.552 Y157.524 E.04388
G1 X120.552 Y157.524 E.03949
G1 X119.552 Y157.524 E.03511
G1 X118.552 Y157.524 E.03072
G1 X117.552 Y157.524 E.02633
G1 X116.552 Y157.524 E.02194
G1 X115.552 Y157.524 E.01755
G1 X114.552 Y157.524 E.01316
G1 X113.552 Y157.524 E.00878
G1 X112.552 Y157.524 E.00439
G1 X111.642 Y157.524 E.07986
;LAYER_CHANGE
;Z:22.62
;HEIGHT:0.360001
;BEFORE_LAYER_CHANGE
G92 E0
;22.62


;WIPE_START
G1 F9600
G1 X111.552 Y157.524 E-.01603
G1 X107.151 Y157.524 E-.78397
;WIPE_END
G1 Z22.62 F12000
;AFTER_LAYER_CHANGE
;22.62
G1 X131.552 Y156.938
G1 Z22.26
G1 E.8 F1800
G1 F2661
G1 X130.552 Y156.938 Z22.278 E.00439
G1 X129.552 Y156.938 Z22.296 E.00878
G1 X128.552 Y156.938 Z22.314 E.01316
G1 X127.552 Y156.938 Z22.332 E.01755
G1 X126.552 Y156.938 Z22.35 E.02194
G1 X125.552 Y156.938 Z22.368 E.02633
G1 X124.552 Y156.938 Z22.386 E.03072
G1 X123.552 Y156.938 Z22.404 E.03511
G1 X122.552 Y156.938 Z22.422 E.03949
G1 X121.552 Y156.938 Z22.44 E.04388
G1 X120.552 Y156.938 Z22.458 E.04827
G1 X119.552 Y156.938 Z22.476 E.05266
G1 X118.552 Y156.938 Z22.494 E.05705
G1 X117.552 Y156.938 Z22.512 E.06143
G1 X116.552 Y156.938 Z22.53 E.06582
G1 X115.552 Y156.938 Z22.548 E.07021
G1 X114.552 Y156.938 Z22.566 E.0746
G1 X113.552 Y156.938 Z22.584 E.07899
G1 X112.552 Y156.938 Z22.602 E.08337
G1 X111.552 Y156.938 Z22.62 E.08776
G1 X61.263 Y156.938 E4.4135
;WIDTH:0.702548
G1 X61.049 Y156.872 E.02096
G1 X60.97 Y156.69 E.01857
;WIDTH:0.663629
G1 X60.97 Y51.067 E9.26976
;WIDTH:0.702548
G1 X61.036 Y50.853 E.02096
;WIDTH:0.700589
G1 X61.263 Y50.774 E.02242
;WIDTH:0.663629
G1 X161.841 Y50.774 E8.82699
;WIDTH:0.702147
G1 X162.048 Y50.833 E.02013
G1 X162.134 Y50.99 E.01674
;WIDTH:0.663629
G1 X162.134 Y156.645 E9.27256
;WIDTH:0.699913
G1 X162.076 Y156.848 E.01968
G1 X161.919 Y156.938 E.01686
;WIDTH:0.663629
G1 X131.552 Y156.938 E2.66509
G1 X130.552 Y156.938 E.08337
G1 X129.552 Y156.938 E.07899
G1 X128.552 Y156.938 E.0746
G1 X127.552 Y156.938 E.07021
G1 X126.552 Y156.938 E.06582
G1 X125.552 Y156.938 E.06143
G1 X124.552 Y156.938 E.05705
G1 X123.552 Y156.938 E.05266
G1 X122.552 Y156.938 E.04827
G1 X121.552 Y156.938 E.04388
G1 X120.552 Y156.938 E.03949
G1 X119.552 Y156.938 E.03511
G1 X118.552 Y156.938 E.03072
G1 X117.552 Y156.938 E.02633
G1 X116.552 Y156.938 E.02194
G1 X115.552 Y156.938 E.01755
G1 X114.552 Y156.938 E.01316
G1 X113.552 Y156.938 E.00878
G1 X112.552 Y156.938 E.00439
G1 X111.642 Y156.938 E.07986
;WIPE_START
G1 F9600
G1 X111.552 Y156.938 E-.01603
G1 X107.151 Y156.938 E-.78397
;WIPE_END
G1 X131.552 Y157.524 F12000
G1 Z22.26
G1 E.8 F1800
G1 F2661
G1 X130.552 Y157.524 Z22.278 E.00439
G1 X129.552 Y157.524 Z22.296 E.00878
G1 X128.552 Y157.524 Z22.314 E.01316
G1 X127.552 Y157.524 Z22.332 E.01755
G1 X126.552 Y157.524 Z22.35 E.02194
G1 X125.552 Y157.524 Z22.368 E.02633
G1 X124.552 Y157.524 Z22.386 E.03072
G1 X123.552 Y157.524 Z22.404 E.03511
G1 X122.552 Y157.524 Z22.422 E.03949
G1 X121.552 Y157.524 Z22.44 E.04388
G1 X120.552 Y157.524 Z22.458 E.04827
G1 X119.552 Y157.524 Z22.476 E.05266
G1 X118.552 Y157.524 Z22.494 E.05705
G1 X117.552 Y157.524 Z22.512 E.06143
G1 X116.552 Y157.524 Z22.53 E.06582
G1 X115.552 Y157.524 Z22.548 E.07021
G1 X114.552 Y157.524 Z22.566 E.0746
G1 X113.552 Y157.524 Z22.584 E.07899
G1 X112.552 Y157.524 Z22.602 E.08337
G1 X111.552 Y157.524 Z22.62 E.08776
G1 X61.263 Y157.524 E4.4135
;WIDTH:0.695352
G1 X60.821 Y157.46 E.04132
;WIDTH:0.700403
G1 X60.548 Y157.245 E.03241
G1 X60.423 Y157.005 E.02524
;WIDTH:0.687255
G1 X60.384 Y156.645 E.03306
;WIDTH:0.663629
G1 X60.384 Y51.067 E9.26581
;WIDTH:0.695353
G1 X60.448 Y50.625 E.04132
;WIDTH:0.700403
G1 X60.662 Y50.351 E.03243
G1 X60.903 Y50.227 E.02528
;WIDTH:0.687256
G1 X61.263 Y50.188 E.03306
;WIDTH:0.663629
G1 X162.049 Y50.188 E8.84525
;WIDTH:0.700554
G1 X162.397 Y50.319 E.03469
G1 X162.605 Y50.525 E.02731
;WIDTH:0.699873
G1 X162.713 Y50.887 E.0352
;WIDTH:0.677472
G1 X162.72 Y51.067 E.01618
;WIDTH:0.663629
G1 X162.72 Y156.645 E9.26581
;WIDTH:0.695351
G1 X162.656 Y157.087 E.04132
;WIDTH:0.700401
G1 X162.442 Y157.36 E.03235
G1 X162.201 Y157.485 E.02532
;WIDTH:0.687254
G1 X161.841 Y157.524 E.03306
;WIDTH:0.663629
G1 X131.552 Y157.524 E2.65824
G1 X130.552 Y157.524 E.08337
G1 X129.552 Y157.524 E.07899
G1 X128.552 Y157.524 E.0746
G1 X127.552 Y157.524 E.07021
G1 X126.552 Y157.524 E.06582
G1 X125.552 Y157.524 E.06143
G1 X124.552 Y157.524 E.05705
G1 X123.552 Y157.524 E.05266
G1 X122.552 Y157.524 E.04827
G1 X121.552 Y157.524 E.04388
G1 X120.552 Y157.524 E.03949
G1 X119.552 Y157.524 E.03511
G1 X118.552 Y157.524 E.03072
G1 X117.552 Y157.524 E.02633
G1 X116.552 Y157.524 E.02194
G1 X115.552 Y157.524 E.01755
G1 X114.552 Y157.524 E.01316
G1 X113.552 Y157.524 E.00878
G1 X112.552 Y157.524 E.00439
G1 X111.642 Y157.524 E.07986
;LAYER_CHANGE
;Z:22.98
;HEIGHT:0.359999
;BEFORE_LAYER_CHANGE
G92 E0
;22.98


;WIPE_START
G1 F9600
G1 X111.552 Y157.524 E-.01603
G1 X107.151 Y157.524 E-.78397
;WIPE_END
G1 Z22.98 F12000
;AFTER_LAYER_CHANGE
;22.98
G1 X131.552 Y156.938
G1 Z22.62
G1 E.8 F1800
G1 F2661
G1 X130.552 Y156.938 Z22.638 E.00439
G1 X129.552 Y156.938 Z22.656 E.00878
G1 X128.552 Y156.938 Z22.674 E.01316
G1 X127.552 Y156.938 Z22.692 E.01755
G1 X126.552 Y156.938 Z22.71 E.02194
G1 X125.552 Y156.938 Z22.728 E.02633
G1 X124.552 Y156.938 Z22.746 E.03072
G1 X123.552 Y156.938 Z22.764 E.03511
G1 X122.552 Y156.938 Z22.782 E.03949
G1 X121.552 Y156.938 Z22.8 E.04388
G1 X120.552 Y156.938 Z22.818 E.04827
G1 X119.552 Y156.938 Z22.836 E.05266
G1 X118.552 Y156.938 Z22.854 E.05705
G1 X117.552 Y156.938 Z22.872 E.06143
G1 X116.552 Y156.938 Z22.89 E.06582
G1 X115.552 Y156.938 Z22.908 E.07021
G1 X114.552 Y156.938 Z22.926 E.0746
G1 X113.552 Y156.938 Z22.944 E.07899
G1 X112.552 Y156.938 Z22.962 E.08337
G1 X111.552 Y156.938 Z22.98 E.08776
G1 X61.263 Y156.938 E4.4135
;WIDTH:0.702324
G1 X61.051 Y156.874 E.02072
G1 X60.97 Y156.691 E.01872
;WIDTH:0.663629
G1 X60.97 Y51.067 E9.26984
;WIDTH:0.702325
G1 X61.034 Y50.855 E.02072
;WIDTH:0.700104
G1 X61.263 Y50.774 E.02264
;WIDTH:0.663629
G1 X161.841 Y50.774 E8.82699
;WIDTH:0.702181
G1 X162.05 Y50.835 E.02036
G1 X162.134 Y50.989 E.01641
;WIDTH:0.663629
G1 X162.134 Y156.645 E9.27265
;WIDTH:0.699712
G1 X162.078 Y156.846 E.01944
G1 X161.92 Y156.938 E.01703
;WIDTH:0.663629
G1 X131.552 Y156.938 E2.66518
G1 X130.552 Y156.938 E.08337
G1 X129.552 Y156.938 E.07899
G1 X128.552 Y156.938 E.0746
G1 X127.552 Y156.938 E.07021
G1 X126.552 Y156.938 E.06582
G1 X125.552 Y156.938 E.06143
G1 X124.552 Y156.938 E.05705
G1 X123.552 Y156.938 E.05266
G1 X122.552 Y156.938 E.04827
G1 X121.552 Y156.938 E.04388
G1 X120.552 Y156.938 E.03949
G1 X119.552 Y156.938 E.03511
G1 X118.552 Y156.938 E.03072
G1 X117.552 Y156.938 E.02633
G1 X116.552 Y156.938 E.02194
G1 X115.552 Y156.938 E.01755
G1 X114.552 Y156.938 E.01316
G1 X113.552 Y156.938 E.00878
G1 X112.552 Y156.938 E.00439
G1 X111.642 Y156.938 E.07986
;WIPE_START
G1 F9600
G1 X111.552 Y156.938 E-.01603
G1 X107.151 Y156.938 E-.78397
;WIPE_END
G1 X131.552 Y157.524 F12000
G1 Z22.62
G1 E.8 F1800
G1 F2661
G1 X130.552 Y157.524 Z22.638 E.00439
G1 X129.552 Y157.524 Z22.656 E.00878
G1 X128.552 Y157.524 Z22.674 E.01316
G1 X127.552 Y157.524 Z22.692 E.01755
G1 X126.552 Y157.524 Z22.71 E.02194
G1 X125.552 Y157.524 Z22.728 E.02633
G1 X124.552 Y157.524 Z22.746 E.03072
G1 X123.552 Y157.524 Z22.764 E.03511
G1 X122.552 Y157.524 Z22.782 E.03949
G1 X121.552 Y157.524 Z22.8 E.04388
G1 X120.552 Y157.524 Z22.818 E.04827
G1 X119.552 Y157.524 Z22.836 E.05266
G1 X118.552 Y157.524 Z22.854 E.05705
G1 X117.552 Y157.524 Z22.872 E.06143
G1 X116.552 Y157.524 Z22.89 E.06582
G1 X115.552 Y157.524 Z22.908 E.07021
G1 X114.552 Y157.524 Z22.926 E.0746
G1 X113.552 Y157.524 Z22.944 E.07899
G1 X112.552 Y157.524 Z22.962 E.08337
G1 X111.552 Y157.524 Z22.98 E.08776
G1 X61.127 Y157.524 E4.42543
;WIDTH:0.695175
G1 X60.78 Y157.435 E.03313
;WIDTH:0.699797
G1 X60.548 Y157.245 E.02794
G1 X60.42 Y156.998 E.02592
;WIDTH:0.686869
G1 X60.384 Y156.645 E.03238
;WIDTH:0.663629
G1 X60.384 Y50.931 E9.27774
;WIDTH:0.695175
G1 X60.473 Y50.584 E.03313
;WIDTH:0.699797
G1 X60.663 Y50.352 E.02794
G1 X60.91 Y50.224 E.02592
;WIDTH:0.686869
G1 X61.263 Y50.188 E.03238
;WIDTH:0.663629
G1 X162.047 Y50.188 E8.84507
;WIDTH:0.699956
G1 X162.396 Y50.32 E.03478
G1 X162.609 Y50.53 E.02788
;WIDTH:0.699849
G1 X162.713 Y50.885 E.03447
;WIDTH:0.677787
G1 X162.72 Y51.067 E.01637
;WIDTH:0.663629
G1 X162.72 Y156.781 E9.27774
;WIDTH:0.695175
G1 X162.631 Y157.128 E.03313
;WIDTH:0.699795
G1 X162.441 Y157.36 E.02794
G1 X162.194 Y157.487 E.02588
;WIDTH:0.686868
G1 X161.841 Y157.524 E.03238
;WIDTH:0.663629
G1 X131.552 Y157.524 E2.65824
G1 X130.552 Y157.524 E.08337
G1 X129.552 Y157.524 E.07899
G1 X128.552 Y157.524 E.0746
G1 X127.552 Y157.524 E.07021
G1 X126.552 Y157.524 E.06582
G1 X125.552 Y157.524 E.06143
G1 X124.552 Y157.524 E.05705
G1 X123.552 Y157.524 E.05266
G1 X122.552 Y157.524 E.04827
G1 X121.552 Y157.524 E.04388
G1 X120.552 Y157.524 E.03949
G1 X119.552 Y157.524 E.03511
G1 X118.552 Y157.524 E.03072
G1 X117.552 Y157.524 E.02633
G1 X116.552 Y157.524 E.02194
G1 X115.552 Y157.524 E.01755
G1 X114.552 Y157.524 E.01316
G1 X113.552 Y157.524 E.00878
G1 X112.552 Y157.524 E.00439
G1 X111.642 Y157.524 E.07986
; stop printing object Nozzle_Deckel.stl id:0 copy 0
;WIPE_START
G1 F9600;_WIPE
G1 X111.552 Y157.524 E-.01603
G1 X107.151 Y157.524 E-.78397
;WIPE_END
M107
;TYPE:Custom
; Filament-specific end gcode 
;END gcode for filament
G1 Z24.98 F600 ; Move print bed down
G1 X50 Y50 F12000 ; move print head out of the way
G1 Z270 F600 ; Move print bed close to the bottom
M140 S0 ; turn off heatbed
M104 S0 ; turn off temperature
M107 ; turn off fan
M84 X Y E ; disable motors
; objects_info = {"objects":[{"name":"Nozzle_Deckel.stl id:0 copy 0","polygon":[[162.139,49.860],[162.475,49.950],[162.818,50.213],[162.992,50.514],[163.052,50.856],[163.052,156.856],[162.992,157.198],[162.759,157.563],[162.394,157.796],[162.052,157.856],[61.052,157.856],[60.710,157.796],[60.345,157.563],[60.146,157.278],[60.052,156.856],[60.052,50.856],[60.146,50.433],[60.345,50.149],[60.629,49.950],[61.052,49.856]]}]}
; filament used [mm] = 9171.81
; filament used [cm3] = 22.06
; filament used [g] = 27.36
; filament cost = 3.56
; total filament used [g] = 27.36
; total filament cost = 3.56
; total filament used for wipe tower [g] = 0.00
; estimated printing time (normal mode) = 58m 43s
; estimated first layer printing time (normal mode) = 17m 9s

; prusaslicer_config = begin
; arc_fitting = disabled
; autoemit_temperature_commands = 1
; automatic_extrusion_widths = 0
; automatic_infill_combination = 1
; automatic_infill_combination_max_layer_height = 100%
; avoid_crossing_curled_overhangs = 0
; avoid_crossing_perimeters = 0
; avoid_crossing_perimeters_max_detour = 0
; bed_custom_model = 
; bed_custom_texture = 
; bed_shape = 5x0,215x0,215x220,5x220
; bed_temperature = 60
; bed_temperature_extruder = 0
; before_layer_gcode = ;BEFORE_LAYER_CHANGE\nG92 E0\n;{layer_z}\n\n
; between_objects_gcode = 
; binary_gcode = 0
; bottom_fill_pattern = alignedrectilinear
; bottom_solid_layers = 3
; bottom_solid_min_thickness = 0
; bridge_acceleration = 250
; bridge_angle = 0
; bridge_fan_speed = 100
; bridge_flow_ratio = 0.95
; bridge_speed = 25
; brim_separation = 0
; brim_type = outer_only
; brim_width = 0
; chamber_minimal_temperature = 0
; chamber_temperature = 0
; color_change_gcode = M600
; colorprint_heights = 
; compatible_printers_condition_cummulative = "printer_model=~/(ENDER|CR|SERMOON).*/ and nozzle_diameter[0]==0.6";printer_notes=~/.*PRINTER_VENDOR_CREALITY.*/
; complete_objects = 0
; cooling = 1
; cooling_perimeter_transition_distance = 0
; cooling_slowdown_logic = uniform_cooling
; cooling_tube_length = 5
; cooling_tube_retraction = 91.5
; custom_parameters_filament = ""
; custom_parameters_print = 
; custom_parameters_printer = 
; default_acceleration = 500
; default_filament_profile = "Generic PLA @CREALITY"
; default_print_profile = "0.24 mm DRAFT (0.6 mm nozzle) @CREALITY"
; deretract_speed = 30
; disable_fan_first_layers = 1
; dont_support_bridges = 1
; draft_shield = disabled
; duplicate_distance = 6
; elefant_foot_compensation = 0.1
; enable_dynamic_fan_speeds = 0
; enable_dynamic_overhang_speeds = 0
; end_filament_gcode = "; Filament-specific end gcode \n;END gcode for filament\n"
; end_gcode = {if max_layer_z < max_print_height}G1 Z{z_offset+min(max_layer_z+2, max_print_height)} F600{endif} ; Move print bed down\nG1 X50 Y50 F{travel_speed*60} ; move print head out of the way\n{if max_layer_z < max_print_height-10}G1 Z{z_offset+max_print_height-10} F600{endif} ; Move print bed close to the bottom\nM140 S0 ; turn off heatbed\nM104 S0 ; turn off temperature\nM107 ; turn off fan\nM84 X Y E ; disable motors
; ensure_vertical_shell_thickness = enabled
; external_perimeter_acceleration = 0
; external_perimeter_extrusion_width = 0.63
; external_perimeter_speed = 60
; external_perimeters_first = 0
; extra_loading_move = -2
; extra_perimeters = 0
; extra_perimeters_on_overhangs = 0
; extruder_clearance_height = 25
; extruder_clearance_radius = 55
; extruder_colour = #FCE94F
; extruder_offset = 0x0
; extrusion_axis = E
; extrusion_multiplier = 1
; extrusion_width = 0.66
; fan_always_on = 1
; fan_below_layer_time = 100
; filament_abrasive = 0
; filament_colour = #DDDDDD
; filament_cooling_final_speed = 3.4
; filament_cooling_initial_speed = 2.2
; filament_cooling_moves = 4
; filament_cost = 130
; filament_density = 1.24
; filament_deretract_speed = nil
; filament_diameter = 1.75
; filament_infill_max_crossing_speed = 0
; filament_infill_max_speed = 0
; filament_load_time = 0
; filament_loading_speed = 28
; filament_loading_speed_start = 3
; filament_max_volumetric_speed = 15
; filament_minimal_purge_on_wipe_tower = 15
; filament_multitool_ramming = 0
; filament_multitool_ramming_flow = 10
; filament_multitool_ramming_volume = 10
; filament_notes = ""
; filament_purge_multiplier = 100%
; filament_ramming_parameters = "120 100 6.6 6.8 7.2 7.6 7.9 8.2 8.7 9.4 9.9 10.0| 0.05 6.6 0.45 6.8 0.95 7.8 1.45 8.3 1.95 9.7 2.45 10 2.95 7.6 3.45 7.6 3.95 7.6 4.45 7.6 4.95 7.6"
; filament_retract_before_travel = nil
; filament_retract_before_wipe = nil
; filament_retract_layer_change = nil
; filament_retract_length = nil
; filament_retract_length_toolchange = nil
; filament_retract_lift = nil
; filament_retract_lift_above = nil
; filament_retract_lift_below = nil
; filament_retract_restart_extra = nil
; filament_retract_restart_extra_toolchange = nil
; filament_retract_speed = nil
; filament_seam_gap_distance = nil
; filament_settings_id = "Generic PLA @CREALITY - Custom"
; filament_shrinkage_compensation_xy = 0%
; filament_shrinkage_compensation_z = 0%
; filament_soluble = 0
; filament_spool_weight = 1000
; filament_stamping_distance = 0
; filament_stamping_loading_speed = 20
; filament_toolchange_delay = 0
; filament_travel_lift_before_obstacle = nil
; filament_travel_max_lift = nil
; filament_travel_ramping_lift = nil
; filament_travel_slope = nil
; filament_type = PLA
; filament_unload_time = 0
; filament_unloading_speed = 90
; filament_unloading_speed_start = 100
; filament_vendor = Generic
; filament_wipe = nil
; fill_angle = 45
; fill_density = 10%
; fill_pattern = gyroid
; first_layer_acceleration = 0
; first_layer_acceleration_over_raft = 0
; first_layer_bed_temperature = 65
; first_layer_extrusion_width = 0.63
; first_layer_height = 0.3
; first_layer_infill_speed = 0
; first_layer_speed = 20
; first_layer_speed_over_raft = 30
; first_layer_temperature = 220
; full_fan_speed_layer = 0
; fuzzy_skin = none
; fuzzy_skin_point_dist = 0.8
; fuzzy_skin_thickness = 0.3
; gap_fill_enabled = 1
; gap_fill_speed = 30
; gcode_comments = 0
; gcode_flavor = marlin
; gcode_label_objects = octoprint
; gcode_resolution = 0.0125
; gcode_substitutions = 
; high_current_on_filament_swap = 0
; host_type = prusalink
; idle_temperature = nil
; infill_acceleration = 0
; infill_anchor = 600%
; infill_anchor_max = 50
; infill_every_layers = 1
; infill_extruder = 1
; infill_extrusion_width = 0.66
; infill_first = 0
; infill_overlap = 23%
; infill_speed = 120
; inherits_cummulative = "0.36 mm CHUNKY SPEED (0.6 mm nozzle) @CREALITY";"Generic PLA @CREALITY";"Creality Ender-5 S1 (0.6 mm nozzle)"
; interface_shells = 0
; interlocking_beam = 0
; interlocking_beam_layer_count = 2
; interlocking_beam_width = 0.8
; interlocking_boundary_avoidance = 2
; interlocking_depth = 2
; interlocking_orientation = 22.5
; ironing = 0
; ironing_flowrate = 10%
; ironing_spacing = 0.1
; ironing_speed = 20
; ironing_type = top
; layer_gcode = ;AFTER_LAYER_CHANGE\n;{layer_z}
; layer_height = 0.36
; machine_limits_usage = emit_to_gcode
; machine_max_acceleration_e = 5000
; machine_max_acceleration_extruding = 1500
; machine_max_acceleration_retracting = 1000
; machine_max_acceleration_travel = 2000
; machine_max_acceleration_x = 2000
; machine_max_acceleration_y = 2000
; machine_max_acceleration_z = 100
; machine_max_feedrate_e = 60
; machine_max_feedrate_x = 500
; machine_max_feedrate_y = 500
; machine_max_feedrate_z = 10
; machine_max_jerk_e = 5
; machine_max_jerk_x = 8
; machine_max_jerk_y = 8
; machine_max_jerk_z = 0.4
; machine_max_junction_deviation = 0,0
; machine_min_extruding_rate = 0
; machine_min_travel_rate = 0
; max_fan_speed = 100
; max_layer_height = 0.48
; max_print_height = 280
; max_print_speed = 150
; max_volumetric_extrusion_rate_slope_negative = 0
; max_volumetric_extrusion_rate_slope_positive = 0
; max_volumetric_speed = 0
; min_bead_width = 85%
; min_fan_speed = 100
; min_feature_size = 25%
; min_layer_height = 0.08
; min_print_speed = 15
; min_skirt_length = 4
; mmu_segmented_region_interlocking_depth = 0
; mmu_segmented_region_max_width = 0
; multimaterial_purging = 140
; notes = 
; nozzle_diameter = 0.6
; nozzle_high_flow = 0
; only_one_perimeter_first_layer = 0
; only_retract_when_crossing_perimeters = 0
; ooze_prevention = 0
; output_filename_format = {input_filename_base}_{print_time}_{digits(layer_height,1,2)}mm_{temperature[0]}C_{filament_type[0]}_{printer_model}.gcode
; over_bridge_speed = 0
; overhang_fan_speed_0 = 0
; overhang_fan_speed_1 = 0
; overhang_fan_speed_2 = 0
; overhang_fan_speed_3 = 0
; overhang_speed_0 = 15
; overhang_speed_1 = 15
; overhang_speed_2 = 20
; overhang_speed_3 = 25
; overhangs = 0
; parking_pos_retraction = 92
; pause_print_gcode = 
; perimeter_acceleration = 0
; perimeter_extruder = 1
; perimeter_extrusion_width = 0.66
; perimeter_generator = arachne
; perimeter_speed = 100
; perimeters = 2
; physical_printer_settings_id = 
; post_process = 
; prefer_clockwise_movements = 0
; print_settings_id = 0.36 mm CHUNKY SPEED (0.6 mm nozzle) @CREALITY - Custom
; printer_model = ENDER5S1
; printer_notes = Don't remove the following keywords! These keywords are used in the "compatible printer" condition of the print and filament profiles to link the particular print and filament profiles to this printer profile.\nPRINTER_VENDOR_CREALITY\nPRINTER_MODEL_ENDER5S1\nPRINTER_HAS_ULTRADETAIL\nPRINTER_HAS_HIGHSPEED\nPRINTER_HAS_SUPERSPEED
; printer_settings_id = Creality Ender-5 S1 (0.6 mm nozzle) - Custom
; printer_technology = FFF
; printer_variant = 0.6
; printer_vendor = 
; raft_contact_distance = 0.1
; raft_expansion = 1.5
; raft_first_layer_density = 90%
; raft_first_layer_expansion = 3
; raft_layers = 0
; remaining_times = 0
; resolution = 0
; retract_before_travel = 1
; retract_before_wipe = 0%
; retract_layer_change = 1
; retract_length = 0.8
; retract_length_toolchange = 1
; retract_lift = 0
; retract_lift_above = 0.3
; retract_lift_below = 0
; retract_restart_extra = 0
; retract_restart_extra_toolchange = 0
; retract_speed = 30
; scarf_seam_entire_loop = 0
; scarf_seam_length = 20
; scarf_seam_max_segment_length = 1
; scarf_seam_on_inner_perimeters = 0
; scarf_seam_only_on_smooth = 1
; scarf_seam_placement = contours
; scarf_seam_start_height = 0%
; seam_gap_distance = 15%
; seam_position = rear
; silent_mode = 0
; single_extruder_multi_material = 0
; single_extruder_multi_material_priming = 0
; skirt_distance = 3
; skirt_height = 2
; skirts = 1
; slice_closing_radius = 0.049
; slicing_mode = regular
; slowdown_below_layer_time = 20
; small_perimeter_speed = 30
; solid_infill_acceleration = 0
; solid_infill_below_area = 0
; solid_infill_every_layers = 0
; solid_infill_extruder = 1
; solid_infill_extrusion_width = 0.66
; solid_infill_speed = 120
; spiral_vase = 0
; staggered_inner_seams = 0
; standby_temperature_delta = -5
; start_filament_gcode = "; Filament gcode\n"
; start_gcode = G90 ; use absolute coordinates\nM83 ; extruder relative mode\nM104 S{is_nil(idle_temperature[0]) ? 150 : idle_temperature[0]} ; set temporary nozzle temp to prevent oozing during homing\nM140 S{first_layer_bed_temperature[0]} ; set final bed temp\nG4 S30 ; allow partial nozzle warmup\nG28 ; home all axis\nG1 Z50 F240\nG1 X2.0 Y10 F3000\nM104 S{first_layer_temperature[0]} ; set final nozzle temp\nM190 S{first_layer_bed_temperature[0]} ; wait for bed temp to stabilize\nM109 S{first_layer_temperature[0]} ; wait for nozzle temp to stabilize\nG1 Z0.28 F240\nG92 E0\nG1 X2.0 Y140 E10 F1500 ; prime the nozzle\nG1 X2.3 Y140 F5000\nG92 E0\nG1 X2.3 Y10 E10 F1200 ; prime the nozzle\nG92 E0
; support_material = 0
; support_material_angle = 0
; support_material_auto = 1
; support_material_bottom_contact_distance = 0
; support_material_bottom_interface_layers = -1
; support_material_buildplate_only = 0
; support_material_closing_radius = 2
; support_material_contact_distance = 0.15
; support_material_enforce_layers = 0
; support_material_extruder = 0
; support_material_extrusion_width = 0.54
; support_material_interface_contact_loops = 0
; support_material_interface_extruder = 0
; support_material_interface_layers = 2
; support_material_interface_pattern = rectilinear
; support_material_interface_spacing = 0.3
; support_material_interface_speed = 100%
; support_material_pattern = rectilinear
; support_material_spacing = 1.2
; support_material_speed = 80
; support_material_style = grid
; support_material_synchronize_layers = 0
; support_material_threshold = 40
; support_material_with_sheath = 0
; support_material_xy_spacing = 60%
; support_tree_angle = 40
; support_tree_angle_slow = 25
; support_tree_branch_diameter = 2
; support_tree_branch_diameter_angle = 5
; support_tree_branch_diameter_double_wall = 3
; support_tree_branch_distance = 1
; support_tree_tip_diameter = 0.8
; support_tree_top_rate = 15%
; temperature = 220
; template_custom_gcode = 
; thick_bridges = 1
; thin_walls = 0
; thumbnails = 
; thumbnails_format = PNG
; toolchange_gcode = 
; toolchange_ordering = optimized
; top_fill_pattern = alignedrectilinear
; top_infill_extrusion_width = 0.6
; top_one_perimeter_type = none
; top_solid_infill_acceleration = 0
; top_solid_infill_speed = 30
; top_solid_layers = 3
; top_solid_min_thickness = 0
; travel_acceleration = 0
; travel_lift_before_obstacle = 0
; travel_max_lift = 0
; travel_ramping_lift = 0
; travel_short_distance_acceleration = 0
; travel_slope = 0
; travel_speed = 200
; travel_speed_z = 0
; use_firmware_retraction = 0
; use_relative_e_distances = 1
; use_volumetric_e = 0
; variable_layer_height = 1
; wall_distribution_count = 1
; wall_transition_angle = 10
; wall_transition_filter_deviation = 25%
; wall_transition_length = 100%
; wipe = 1
; wipe_into_infill = 0
; wipe_into_objects = 0
; wipe_tower = 0
; wipe_tower_acceleration = 0
; wipe_tower_bridging = 10
; wipe_tower_brim_width = 2
; wipe_tower_cone_angle = 0
; wipe_tower_extra_flow = 100%
; wipe_tower_extra_spacing = 100%
; wipe_tower_extruder = 0
; wipe_tower_no_sparse_layers = 0
; wipe_tower_width = 60
; wiping_volumes_matrix = 0
; wiping_volumes_use_custom_matrix = 0
; xy_size_compensation = 0
; z_offset = 0
; prusaslicer_config = end
