; generated by PrusaSlicer 2.9.6 on 2026-07-07 at 01:53:12 UTC

; 

; external perimeters extrusion width = 0.63mm
; perimeters extrusion width = 0.66mm
; infill extrusion width = 0.66mm
; solid infill extrusion width = 0.66mm
; top infill extrusion width = 0.60mm
; first layer extrusion width = 0.63mm

M201 X2000 Y2000 Z100 E5000 ; sets maximum accelerations, mm/sec^2
M203 X500 Y500 Z10 E60 ; sets maximum feedrates, mm / sec
M204 S1500 T1000 ; sets acceleration (S) and retract acceleration (R), mm/sec^2
M205 X8.00 Y8.00 Z0.40 E5.00 ; sets the jerk limits, mm/sec
M205 S0 T0 ; sets the minimum extruding and travel feed rate, mm/sec

; printing object Nozzle_Deckel.stl id:0 copy 0
; stop printing object Nozzle_Deckel.stl id:0 copy 0

;TYPE:Custom
G90 ; use absolute coordinates
M83 ; extruder relative mode
M104 S150 ; set temporary nozzle temp to prevent oozing during homing
M140 S65 ; set final bed temp
G4 S30 ; allow partial nozzle warmup
G28 ; home all axis
G1 Z50 F240
G1 X2.0 Y10 F3000
M104 S220 ; set final nozzle temp
M190 S65 ; wait for bed temp to stabilize
M109 S220 ; wait for nozzle temp to stabilize
G1 Z0.28 F240
G92 E0
G1 X2.0 Y140 E10 F1500 ; prime the nozzle
G1 X2.3 Y140 F5000
G92 E0
G1 X2.3 Y10 E10 F1200 ; prime the nozzle
G92 E0
G21 ; set units to millimeters
G90 ; use absolute coordinates
M83 ; use relative distances for extrusion
; Filament gcode
M107
;LAYER_CHANGE
;Z:0.3
;HEIGHT:0.3
G1 E-.8 F1800
G1 Z.3 F12000
G1 X54.023 Y56.637
G1 E.8 F1800
M204 S500
;TYPE:Skirt/Brim
;WIDTH:0.63
G1 F1200
G1 X54.612 Y56.13 E.05483
G1 X55.397 Y55.692 E.06342
G1 X56.134 Y55.462 E.05447
G1 X56.977 Y55.365 E.05986
G1 X163.276 Y55.375 E7.49909
G1 X163.866 Y55.462 E.04207
G1 X164.802 Y55.78 E.06974
G1 X165.543 Y56.246 E.06175
G1 X166.077 Y56.744 E.05151
G1 X166.633 Y57.536 E.06827
G1 X166.916 Y58.172 E.04911
G1 X167.129 Y59.3 E.08098
G1 X167.135 Y160.504 E7.13966
G1 X167.066 Y161.224 E.05103
G1 X166.908 Y161.852 E.04568
G1 X166.633 Y162.464 E.04733
G1 X165.977 Y163.363 E.07851
G1 X165.388 Y163.87 E.05483
G1 X164.603 Y164.308 E.06342
G1 X163.866 Y164.538 E.05447
G1 X163.023 Y164.635 E.05986
G1 X57.994 Y164.636 E7.4095
G1 X56.671 Y164.621 E.09334
G1 X55.533 Y164.362 E.08234
G1 X54.612 Y163.87 E.07366
G1 X54.023 Y163.363 E.05483
G1 X53.367 Y162.464 E.07851
G1 X53.092 Y161.852 E.04733
G1 X52.934 Y161.224 E.04568
G1 X52.865 Y160.504 E.05103
G1 X52.864 Y60.517 E7.0538
G1 X52.883 Y59.146 E.09673
G1 X53.084 Y58.172 E.07016
G1 X53.367 Y57.536 E.04911
G1 X53.97 Y56.71 E.07215
;WIPE_START
G1 F9600
G1 X54.023 Y56.637 E-.01607
G1 X54.612 Y56.13 E-.13843
G1 X55.397 Y55.692 E-.16012
G1 X56.134 Y55.462 E-.13752
G1 X56.977 Y55.365 E-.15115
G1 X58.081 Y55.365 E-.19671
;WIPE_END
; printing object Nozzle_Deckel.stl id:0 copy 0
G1 X110 Y160.042 F12000
G1 E.8 F1800
;TYPE:Perimeter
;WIDTH:0.63
G1 F1200
G1 X57.458 Y160.042 E3.70669
G1 X57.458 Y59.958 E7.06064
G1 X162.542 Y59.958 E7.41337
G1 X162.542 Y160.042 E7.06064
G1 X110.09 Y160.042 E3.70034
G1 X110 Y160.608 F12000
;TYPE:External perimeter
G1 F1200
G1 X56.967 Y160.608 E3.74133
G1 X56.892 Y160.484 E.01022
G1 X56.892 Y59.473 E7.12603
G1 X57.028 Y59.392 E.01117
G1 X163.043 Y59.392 E7.47905
G1 X163.108 Y59.53 E.01076
G1 X163.108 Y160.527 E7.12505
G1 X162.972 Y160.608 E.01117
G1 X110.09 Y160.608 E3.73067
;WIPE_START
G1 F9600
G1 X110 Y160.608 E-.01603
G1 X105.599 Y160.608 E-.78397
;WIPE_END
G1 X57.639 Y158.714 F12000
G1 E.8 F1800
;TYPE:Solid infill
;WIDTH:0.631613
G1 F1200
G1 X58.531 Y159.607 E.0893
G1 X59.334 Y159.607 E.05681
G1 X57.894 Y158.167 E.14408
G1 X57.894 Y157.365 E.05674
G1 X60.136 Y159.607 E.22432
G1 X60.938 Y159.607 E.05674
G1 X57.894 Y156.562 E.30461
G1 X57.894 Y155.76 E.05674
G1 X61.74 Y159.607 E.38485
G1 X62.542 Y159.607 E.05674
G1 X57.894 Y154.958 E.4651
G1 X57.894 Y154.156 E.05674
G1 X63.344 Y159.607 E.54534
G1 X64.147 Y159.607 E.05681
G1 X57.894 Y153.354 E.62563
G1 X57.894 Y152.551 E.05681
G1 X64.949 Y159.607 E.70593
G1 X65.751 Y159.607 E.05674
G1 X57.894 Y151.749 E.78617
G1 X57.894 Y150.947 E.05674
G1 X66.553 Y159.607 E.86641
G1 X67.355 Y159.607 E.05674
G1 X57.894 Y150.145 E.94665
G1 X57.894 Y149.343 E.05674
G1 X68.158 Y159.607 E1.02695
G1 X68.96 Y159.607 E.05674
G1 X57.894 Y148.541 E1.10719
G1 X57.894 Y147.738 E.05681
G1 X69.762 Y159.607 E1.18748
G1 X70.564 Y159.607 E.05674
G1 X57.894 Y146.936 E1.26772
G1 X57.894 Y146.134 E.05674
G1 X71.366 Y159.607 E1.34797
G1 X72.169 Y159.607 E.05681
G1 X57.894 Y145.332 E1.42826
G1 X57.894 Y144.53 E.05674
G1 X72.971 Y159.607 E1.5085
G1 X73.773 Y159.607 E.05674
G1 X57.894 Y143.727 E1.58879
G1 X57.894 Y142.925 E.05674
G1 X74.575 Y159.607 E1.66904
G1 X75.377 Y159.607 E.05674
G1 X57.894 Y142.123 E1.74928
G1 X57.894 Y141.321 E.05674
G1 X76.179 Y159.607 E1.82952
G1 X76.982 Y159.607 E.05681
G1 X57.894 Y140.519 E1.90982
G1 X57.894 Y139.716 E.05681
G1 X77.784 Y159.607 E1.99011
G1 X78.586 Y159.607 E.05674
G1 X57.894 Y138.914 E2.07035
G1 X57.894 Y138.112 E.05674
G1 X79.388 Y159.607 E2.15059
G1 X80.19 Y159.607 E.05674
G1 X57.894 Y137.31 E2.23084
G1 X57.894 Y136.508 E.05674
G1 X80.993 Y159.607 E2.31113
G1 X81.795 Y159.607 E.05674
G1 X57.894 Y135.706 E2.39137
G1 X57.894 Y134.903 E.05681
G1 X82.597 Y159.607 E2.47166
G1 X83.399 Y159.607 E.05674
G1 X57.894 Y134.101 E2.55191
G1 X57.894 Y133.299 E.05674
G1 X84.201 Y159.607 E2.63215
G1 X85.004 Y159.607 E.05681
G1 X57.894 Y132.497 E2.71244
G1 X57.894 Y131.695 E.05674
G1 X85.806 Y159.607 E2.79269
G1 X86.608 Y159.607 E.05674
G1 X57.894 Y130.892 E2.87298
G1 X57.894 Y130.09 E.05674
G1 X87.41 Y159.607 E2.95322
G1 X88.212 Y159.607 E.05674
G1 X57.894 Y129.288 E3.03346
G1 X57.894 Y128.486 E.05674
G1 X89.014 Y159.607 E3.11371
G1 X89.817 Y159.607 E.05681
G1 X57.894 Y127.684 E3.194
G1 X57.894 Y126.881 E.05681
G1 X90.619 Y159.607 E3.27429
G1 X91.421 Y159.607 E.05674
G1 X57.894 Y126.079 E3.35453
G1 X57.894 Y125.277 E.05674
G1 X92.223 Y159.607 E3.43478
G1 X93.025 Y159.607 E.05674
G1 X57.894 Y124.475 E3.51502
G1 X57.894 Y123.673 E.05674
G1 X93.828 Y159.607 E3.59531
G1 X94.63 Y159.607 E.05674
G1 X57.894 Y122.871 E3.67555
G1 X57.894 Y122.068 E.05681
G1 X95.432 Y159.607 E3.75585
G1 X96.234 Y159.607 E.05674
G1 X57.894 Y121.266 E3.83609
G1 X57.894 Y120.464 E.05674
G1 X97.036 Y159.607 E3.91633
G1 X97.839 Y159.607 E.05681
G1 X57.894 Y119.662 E3.99663
G1 X57.894 Y118.86 E.05674
G1 X98.641 Y159.607 E4.07687
G1 X99.443 Y159.607 E.05674
G1 X57.894 Y118.057 E4.15716
G1 X57.894 Y117.255 E.05674
G1 X100.245 Y159.607 E4.2374
G1 X101.047 Y159.607 E.05674
G1 X57.894 Y116.453 E4.31765
G1 X57.894 Y115.651 E.05674
G1 X101.849 Y159.607 E4.39789
G1 X102.652 Y159.607 E.05681
G1 X57.894 Y114.849 E4.47818
G1 X57.894 Y114.046 E.05681
G1 X103.454 Y159.607 E4.55847
G1 X104.256 Y159.607 E.05674
G1 X57.894 Y113.244 E4.63872
G1 X57.894 Y112.442 E.05674
G1 X105.058 Y159.607 E4.71896
G1 X105.86 Y159.607 E.05674
G1 X57.894 Y111.64 E4.7992
G1 X57.894 Y110.838 E.05674
G1 X106.663 Y159.607 E4.87949
G1 X107.465 Y159.607 E.05674
G1 X57.894 Y110.036 E4.95974
G1 X57.894 Y109.233 E.05681
G1 X108.267 Y159.607 E5.04003
G1 X109.069 Y159.607 E.05674
G1 X57.894 Y108.431 E5.12027
G1 X57.894 Y107.629 E.05674
G1 X109.871 Y159.607 E5.20052
G1 X110.674 Y159.607 E.05681
G1 X57.894 Y106.827 E5.28081
G1 X57.894 Y106.025 E.05674
G1 X111.476 Y159.607 E5.36105
G1 X112.278 Y159.607 E.05674
G1 X57.894 Y105.222 E5.44134
G1 X57.894 Y104.42 E.05674
G1 X113.08 Y159.607 E5.52159
G1 X113.882 Y159.607 E.05674
G1 X57.894 Y103.618 E5.60183
G1 X57.894 Y102.816 E.05674
G1 X114.684 Y159.607 E5.68207
G1 X115.487 Y159.607 E.05681
G1 X57.894 Y102.014 E5.76236
G1 X57.894 Y101.211 E.05681
G1 X116.289 Y159.607 E5.84266
G1 X117.091 Y159.607 E.05674
G1 X57.894 Y100.409 E5.9229
G1 X57.894 Y99.607 E.05674
G1 X117.893 Y159.607 E6.00314
G1 X118.695 Y159.607 E.05674
G1 X57.894 Y98.805 E6.08339
G1 X57.894 Y98.003 E.05674
G1 X119.498 Y159.607 E6.16368
G1 X120.3 Y159.607 E.05674
G1 X57.894 Y97.201 E6.24392
G1 X57.894 Y96.398 E.05681
G1 X121.102 Y159.607 E6.32421
G1 X121.904 Y159.607 E.05674
G1 X57.894 Y95.596 E6.40446
G1 X57.894 Y94.794 E.05674
G1 X122.706 Y159.607 E6.4847
G1 X123.509 Y159.607 E.05681
G1 X57.894 Y93.992 E6.56499
G1 X57.894 Y93.19 E.05674
G1 X124.311 Y159.607 E6.64523
G1 X125.113 Y159.607 E.05674
G1 X57.894 Y92.387 E6.72553
G1 X57.894 Y91.585 E.05674
G1 X125.915 Y159.607 E6.80577
G1 X126.717 Y159.607 E.05674
G1 X57.894 Y90.783 E6.88601
G1 X57.894 Y89.981 E.05674
G1 X127.519 Y159.607 E6.96625
G1 X128.322 Y159.607 E.05681
G1 X57.894 Y89.179 E7.04655
G1 X57.894 Y88.376 E.05681
G1 X129.124 Y159.607 E7.12684
G1 X129.926 Y159.607 E.05674
G1 X57.894 Y87.574 E7.20708
G1 X57.894 Y86.772 E.05674
G1 X130.728 Y159.607 E7.28733
G1 X131.53 Y159.607 E.05674
G1 X57.894 Y85.97 E7.36757
G1 X57.894 Y85.168 E.05674
G1 X132.333 Y159.607 E7.44786
G1 X133.135 Y159.607 E.05674
G1 X57.894 Y84.366 E7.5281
G1 X57.894 Y83.563 E.05681
G1 X133.937 Y159.607 E7.6084
G1 X134.739 Y159.607 E.05674
G1 X57.894 Y82.761 E7.68864
G1 X57.894 Y81.959 E.05674
G1 X135.541 Y159.607 E7.76888
G1 X136.344 Y159.607 E.05681
G1 X57.894 Y81.157 E7.84917
G1 X57.894 Y80.355 E.05674
G1 X137.146 Y159.607 E7.92942
G1 X137.948 Y159.607 E.05674
G1 X57.894 Y79.552 E8.00971
G1 X57.894 Y78.75 E.05674
G1 X138.75 Y159.607 E8.08995
G1 X139.552 Y159.607 E.05674
G1 X57.894 Y77.948 E8.17019
G1 X57.894 Y77.146 E.05674
G1 X140.354 Y159.607 E8.25044
G1 X141.157 Y159.607 E.05681
G1 X57.894 Y76.344 E8.33073
G1 X57.894 Y75.541 E.05681
G1 X141.959 Y159.607 E8.41102
G1 X142.761 Y159.607 E.05674
G1 X57.894 Y74.739 E8.49127
G1 X57.894 Y73.937 E.05674
G1 X143.563 Y159.607 E8.57151
G1 X144.365 Y159.607 E.05674
G1 X57.894 Y73.135 E8.65175
G1 X57.894 Y72.333 E.05674
G1 X145.168 Y159.607 E8.73204
G1 X145.97 Y159.607 E.05674
G1 X57.894 Y71.531 E8.81229
G1 X57.894 Y70.728 E.05681
G1 X146.772 Y159.607 E8.89258
G1 X147.574 Y159.607 E.05674
G1 X57.894 Y69.926 E8.97282
G1 X57.894 Y69.124 E.05674
G1 X148.376 Y159.607 E9.05306
G1 X149.179 Y159.607 E.05681
G1 X57.894 Y68.322 E9.13336
G1 X57.894 Y67.52 E.05674
G1 X149.981 Y159.607 E9.2136
G1 X150.783 Y159.607 E.05674
G1 X57.894 Y66.717 E9.29389
G1 X57.894 Y65.915 E.05674
G1 X151.585 Y159.607 E9.37414
G1 X152.387 Y159.607 E.05674
G1 X57.894 Y65.113 E9.45438
G1 X57.894 Y64.311 E.05674
G1 X153.189 Y159.607 E9.53462
G1 X153.992 Y159.607 E.05681
G1 X57.894 Y63.509 E9.61491
G1 X57.894 Y62.706 E.05681
G1 X154.794 Y159.607 E9.69521
G1 X155.596 Y159.607 E.05674
G1 X57.894 Y61.904 E9.77545
G1 X57.894 Y61.102 E.05674
G1 X156.398 Y159.607 E9.85569
G1 X157.2 Y159.607 E.05674
G1 X57.987 Y60.393 E9.92663
G1 X58.789 Y60.393 E.05674
G1 X158.003 Y159.607 E9.92668
G1 X158.805 Y159.607 E.05674
G1 X59.591 Y60.393 E9.92668
G1 X60.393 Y60.393 E.05674
G1 X159.607 Y159.607 E9.92668
G1 X160.409 Y159.607 E.05674
G1 X61.196 Y60.393 E9.92663
G1 X61.998 Y60.393 E.05674
G1 X161.211 Y159.607 E9.92663
G1 X162.013 Y159.607 E.05674
G1 X62.8 Y60.393 E9.92663
G1 X63.602 Y60.393 E.05674
G1 X162.106 Y158.898 E9.85569
G1 X162.106 Y158.095 E.05681
G1 X64.404 Y60.393 E9.7754
G1 X65.207 Y60.393 E.05681
G1 X162.106 Y157.293 E9.69511
G1 X162.106 Y156.491 E.05674
G1 X66.009 Y60.393 E9.61486
G1 X66.811 Y60.393 E.05674
G1 X162.106 Y155.689 E9.53462
G1 X162.106 Y154.887 E.05674
G1 X67.613 Y60.393 E9.45438
G1 X68.415 Y60.393 E.05674
G1 X162.106 Y154.084 E9.37409
G1 X162.106 Y153.282 E.05674
G1 X69.217 Y60.393 E9.29384
G1 X70.02 Y60.393 E.05681
G1 X162.106 Y152.48 E9.21355
G1 X162.106 Y151.678 E.05674
G1 X70.822 Y60.393 E9.13331
G1 X71.624 Y60.393 E.05674
G1 X162.107 Y150.876 E9.05311
G1 X162.107 Y150.074 E.05674
G1 X72.426 Y60.393 E8.97287
G1 X73.228 Y60.393 E.05674
G1 X162.107 Y149.271 E8.89258
G1 X162.107 Y148.469 E.05674
G1 X74.031 Y60.393 E8.81229
G1 X74.833 Y60.393 E.05674
G1 X162.107 Y147.667 E8.73204
G1 X162.107 Y146.865 E.05674
G1 X75.635 Y60.393 E8.6518
G1 X76.437 Y60.393 E.05674
G1 X162.107 Y146.063 E8.57156
G1 X162.107 Y145.26 E.05681
G1 X77.239 Y60.393 E8.49127
G1 X78.042 Y60.393 E.05681
G1 X162.107 Y144.458 E8.41097
G1 X162.107 Y143.656 E.05674
G1 X78.844 Y60.393 E8.33073
G1 X79.646 Y60.393 E.05674
G1 X162.107 Y142.854 E8.25049
G1 X162.107 Y142.052 E.05674
G1 X80.448 Y60.393 E8.17024
G1 X81.25 Y60.393 E.05674
G1 X162.107 Y141.249 E8.08995
G1 X162.107 Y140.447 E.05674
G1 X82.052 Y60.393 E8.00971
G1 X82.855 Y60.393 E.05681
G1 X162.107 Y139.645 E7.92942
G1 X162.107 Y138.843 E.05674
G1 X83.657 Y60.393 E7.84917
G1 X84.459 Y60.393 E.05674
G1 X162.107 Y138.041 E7.76893
G1 X162.107 Y137.239 E.05674
G1 X85.261 Y60.393 E7.68869
G1 X86.063 Y60.393 E.05674
G1 X162.107 Y136.436 E7.6084
G1 X162.107 Y135.634 E.05674
G1 X86.866 Y60.393 E7.5281
G1 X87.668 Y60.393 E.05674
G1 X162.107 Y134.832 E7.44786
G1 X162.107 Y134.03 E.05674
G1 X88.47 Y60.393 E7.36762
G1 X89.272 Y60.393 E.05674
G1 X162.107 Y133.228 E7.28738
G1 X162.107 Y132.425 E.05681
G1 X90.074 Y60.393 E7.20708
G1 X90.877 Y60.393 E.05681
G1 X162.107 Y131.623 E7.12679
G1 X162.107 Y130.821 E.05674
G1 X91.679 Y60.393 E7.04655
G1 X92.481 Y60.393 E.05674
G1 X162.107 Y130.019 E6.9663
G1 X162.107 Y129.217 E.05674
G1 X93.283 Y60.393 E6.88606
G1 X94.085 Y60.393 E.05674
G1 X162.107 Y128.415 E6.80582
G1 X162.107 Y127.612 E.05681
G1 X94.887 Y60.393 E6.72553
G1 X95.69 Y60.393 E.05681
G1 X162.107 Y126.81 E6.64523
G1 X162.107 Y126.008 E.05674
G1 X96.492 Y60.393 E6.56499
G1 X97.294 Y60.393 E.05674
G1 X162.107 Y125.206 E6.48475
G1 X162.107 Y124.404 E.05674
G1 X98.096 Y60.393 E6.40451
G1 X98.898 Y60.393 E.05674
G1 X162.107 Y123.601 E6.32421
G1 X162.107 Y122.799 E.05674
G1 X99.701 Y60.393 E6.24392
G1 X100.503 Y60.393 E.05674
G1 X162.107 Y121.997 E6.16368
G1 X162.107 Y121.195 E.05674
G1 X101.305 Y60.393 E6.08344
G1 X102.107 Y60.393 E.05674
G1 X162.107 Y120.393 E6.00319
G1 X162.107 Y119.59 E.05681
G1 X102.909 Y60.393 E5.9229
G1 X103.712 Y60.393 E.05681
G1 X162.107 Y118.788 E5.84261
G1 X162.107 Y117.986 E.05674
G1 X104.514 Y60.393 E5.76236
G1 X105.316 Y60.393 E.05674
G1 X162.107 Y117.184 E5.68212
G1 X162.107 Y116.382 E.05674
G1 X106.118 Y60.393 E5.60188
G1 X106.92 Y60.393 E.05674
G1 X162.107 Y115.58 E5.52164
G1 X162.107 Y114.777 E.05681
G1 X107.722 Y60.393 E5.44134
G1 X108.525 Y60.393 E.05681
G1 X162.107 Y113.975 E5.36105
G1 X162.107 Y113.173 E.05674
G1 X109.327 Y60.393 E5.28081
G1 X110.129 Y60.393 E.05674
G1 X162.107 Y112.371 E5.20057
G1 X162.107 Y111.569 E.05674
G1 X110.931 Y60.393 E5.12032
G1 X111.733 Y60.393 E.05674
G1 X162.107 Y110.766 E5.04003
G1 X162.107 Y109.964 E.05674
G1 X112.536 Y60.393 E4.95974
G1 X113.338 Y60.393 E.05674
G1 X162.107 Y109.162 E4.87949
G1 X162.107 Y108.36 E.05674
G1 X114.14 Y60.393 E4.79925
G1 X114.942 Y60.393 E.05674
G1 X162.107 Y107.558 E4.71901
G1 X162.107 Y106.756 E.05674
G1 X115.744 Y60.393 E4.63877
G1 X116.547 Y60.393 E.05681
G1 X162.107 Y105.953 E4.55842
G1 X162.107 Y105.151 E.05674
G1 X117.349 Y60.393 E4.47818
G1 X118.151 Y60.393 E.05674
G1 X162.107 Y104.349 E4.39794
G1 X162.107 Y103.547 E.05674
G1 X118.953 Y60.393 E4.3177
G1 X119.755 Y60.393 E.05674
G1 X162.107 Y102.745 E4.23745
G1 X162.107 Y101.942 E.05681
G1 X120.557 Y60.393 E4.15716
G1 X121.36 Y60.393 E.05681
G1 X162.107 Y101.14 E4.07687
G1 X162.107 Y100.338 E.05674
G1 X122.162 Y60.393 E3.99663
G1 X122.964 Y60.393 E.05674
G1 X162.107 Y99.536 E3.91638
G1 X162.107 Y98.734 E.05674
G1 X123.766 Y60.393 E3.83614
G1 X124.568 Y60.393 E.05674
G1 X162.107 Y97.931 E3.75585
G1 X162.107 Y97.129 E.05674
G1 X125.371 Y60.393 E3.67555
G1 X126.173 Y60.393 E.05674
G1 X162.107 Y96.327 E3.59531
G1 X162.107 Y95.525 E.05674
G1 X126.975 Y60.393 E3.51507
G1 X127.777 Y60.393 E.05674
G1 X162.107 Y94.723 E3.43483
G1 X162.107 Y93.921 E.05674
G1 X128.579 Y60.393 E3.35458
G1 X129.382 Y60.393 E.05681
G1 X162.107 Y93.118 E3.27424
G1 X162.107 Y92.316 E.05674
G1 X130.184 Y60.393 E3.194
G1 X130.986 Y60.393 E.05674
G1 X162.107 Y91.514 E3.11376
G1 X162.107 Y90.712 E.05674
G1 X131.788 Y60.393 E3.03351
G1 X132.59 Y60.393 E.05674
G1 X162.107 Y89.91 E2.95327
G1 X162.107 Y89.107 E.05681
G1 X133.392 Y60.393 E2.87298
G1 X134.195 Y60.393 E.05681
G1 X162.107 Y88.305 E2.79269
G1 X162.107 Y87.503 E.05674
G1 X134.997 Y60.393 E2.71244
G1 X135.799 Y60.393 E.05674
G1 X162.107 Y86.701 E2.6322
G1 X162.107 Y85.899 E.05674
G1 X136.601 Y60.393 E2.55196
G1 X137.403 Y60.393 E.05674
G1 X162.107 Y85.097 E2.47171
G1 X162.107 Y84.294 E.05681
G1 X138.206 Y60.393 E2.39137
G1 X139.008 Y60.393 E.05674
G1 X162.107 Y83.492 E2.31113
G1 X162.107 Y82.69 E.05674
G1 X139.81 Y60.393 E2.23089
G1 X140.612 Y60.393 E.05674
G1 X162.107 Y81.888 E2.15064
G1 X162.107 Y81.086 E.05674
G1 X141.414 Y60.393 E2.0704
G1 X142.217 Y60.393 E.05681
G1 X162.107 Y80.283 E1.99006
G1 X162.107 Y79.481 E.05674
G1 X143.019 Y60.393 E1.90982
G1 X143.821 Y60.393 E.05674
G1 X162.107 Y78.679 E1.82957
G1 X162.107 Y77.877 E.05674
G1 X144.623 Y60.393 E1.74933
G1 X145.425 Y60.393 E.05674
G1 X162.107 Y77.075 E1.66909
G1 X162.107 Y76.272 E.05681
G1 X146.227 Y60.393 E1.58879
G1 X147.03 Y60.393 E.05681
G1 X162.107 Y75.47 E1.5085
G1 X162.107 Y74.668 E.05674
G1 X147.832 Y60.393 E1.42826
G1 X148.634 Y60.393 E.05674
G1 X162.107 Y73.866 E1.34802
G1 X162.107 Y73.064 E.05674
G1 X149.436 Y60.393 E1.26777
G1 X150.238 Y60.393 E.05674
G1 X162.107 Y72.262 E1.18753
G1 X162.107 Y71.459 E.05681
G1 X151.041 Y60.393 E1.10719
G1 X151.843 Y60.393 E.05674
G1 X162.107 Y70.657 E1.02695
G1 X162.107 Y69.855 E.05674
G1 X152.645 Y60.393 E.9467
G1 X153.447 Y60.393 E.05674
G1 X162.107 Y69.053 E.86646
G1 X162.107 Y68.251 E.05674
G1 X154.249 Y60.393 E.78622
G1 X155.052 Y60.393 E.05681
G1 X162.107 Y67.448 E.70588
G1 X162.107 Y66.646 E.05674
G1 X155.854 Y60.393 E.62563
G1 X156.656 Y60.393 E.05674
G1 X162.107 Y65.844 E.54539
G1 X162.107 Y65.042 E.05674
G1 X157.458 Y60.393 E.46515
G1 X158.26 Y60.393 E.05674
G1 X162.107 Y64.24 E.3849
G1 X162.107 Y63.438 E.05674
G1 X159.062 Y60.393 E.30466
G1 X159.865 Y60.393 E.05681
G1 X162.107 Y62.635 E.22432
G1 X162.107 Y61.833 E.05674
G1 X160.667 Y60.393 E.14408
G1 X161.469 Y60.393 E.05674
G1 X162.361 Y61.286 E.0893
M106 S255
;LAYER_CHANGE
;Z:0.66
;HEIGHT:0.36
;BEFORE_LAYER_CHANGE
G92 E0
;0.66


;WIPE_START
G1 F9600
G1 X161.469 Y60.393 E-.22483
G1 X160.667 Y60.393 E-.14286
G1 X162.107 Y61.833 E-.36275
G1 X162.107 Y62.224 E-.06956
;WIPE_END
G1 Z.66 F12000
;AFTER_LAYER_CHANGE
;0.66
M140 S60 ; set bed temperature
; stop printing object Nozzle_Deckel.stl id:0 copy 0
G1 X167.129 Y61.285
G1 E.8 F1800
;TYPE:Skirt/Brim
;WIDTH:0.63
G1 F4522.895
G1 X167.135 Y160.504 E8.20833
G1 X167.066 Y161.224 E.05984
G1 X166.908 Y161.852 E.05357
G1 X166.633 Y162.464 E.05551
G1 X165.977 Y163.363 E.09207
G1 X165.388 Y163.87 E.06429
G1 X164.603 Y164.308 E.07437
G1 X163.866 Y164.538 E.06387
G1 X163.023 Y164.635 E.0702
G1 X57.994 Y164.636 E8.68899
G1 X56.671 Y164.621 E.10946
G1 X55.533 Y164.362 E.09655
G1 X54.612 Y163.87 E.08638
G1 X54.023 Y163.363 E.06429
G1 X53.367 Y162.464 E.09207
G1 X53.092 Y161.852 E.05551
G1 X52.934 Y161.224 E.05357
G1 X52.865 Y160.504 E.05984
G1 X52.864 Y60.517 E8.27187
G1 X52.883 Y59.146 E.11343
G1 X53.084 Y58.172 E.08228
G1 X53.367 Y57.536 E.05759
G1 X54.023 Y56.637 E.09207
G1 X54.612 Y56.13 E.06429
G1 X55.397 Y55.692 E.07437
G1 X56.134 Y55.462 E.06387
G1 X56.977 Y55.365 E.0702
G1 X163.276 Y55.375 E8.79406
G1 X163.866 Y55.462 E.04934
G1 X164.802 Y55.78 E.08178
G1 X165.543 Y56.246 E.07242
G1 X166.077 Y56.744 E.06041
G1 X166.633 Y57.536 E.08006
G1 X166.916 Y58.172 E.05759
G1 X167.129 Y59.3 E.09497
G1 X167.129 Y61.195 E.15677
;WIPE_START
G1 F9600
G1 X167.129 Y61.285 E-.01603
G1 X167.129 Y65.686 E-.78397
;WIPE_END
; printing object Nozzle_Deckel.stl id:0 copy 0
G1 X130 Y160.47 F12000
G1 E.8 F1800
;TYPE:Perimeter
;WIDTH:0.66
G1 F4290.056
G1 X57.998 Y160.471 E6.27998
G1 X57.076 Y160.466 E.08042
G1 X57.031 Y160.425 E.00531
G1 X57.029 Y60.517 E8.71393
G1 X57.054 Y59.531 E.08603
G1 X162.89 Y59.531 E9.23096
G1 X162.969 Y59.578 E.00802
G1 X162.969 Y160.469 E8.79966
G1 X130.09 Y160.47 E2.86769
G1 X130 Y161.037 Z.3 F12000
;TYPE:External perimeter
;WIDTH:0.63
G1 F3600
G1 X129.048 Y161.037 Z.317 E.00375
G1 X128.095 Y161.037 Z.334 E.00751
G1 X127.143 Y161.037 Z.351 E.01125
G1 X126.19 Y161.037 Z.369 E.01502
G1 X125.238 Y161.037 Z.386 E.01875
G1 X124.286 Y161.037 Z.403 E.0225
G1 X123.333 Y161.037 Z.42 E.02628
G1 X122.381 Y161.038 Z.437 E.03
G1 X121.429 Y161.038 Z.454 E.03375
G1 X120.476 Y161.038 Z.471 E.03754
G1 X119.524 Y161.038 Z.489 E.04125
G1 X118.571 Y161.038 Z.506 E.04505
G1 X117.619 Y161.038 Z.523 E.04876
G1 X116.667 Y161.038 Z.54 E.05251
G1 X115.714 Y161.038 Z.557 E.05632
G1 X114.762 Y161.038 Z.574 E.06001
G1 X113.81 Y161.038 Z.591 E.06376
G1 X112.857 Y161.038 Z.609 E.06758
G1 X111.905 Y161.038 Z.626 E.07126
G1 X110.952 Y161.038 Z.643 E.07509
G1 X110 Y161.038 Z.66 E.07876
G1 X57.998 Y161.038 E4.30209
G1 X56.971 Y161.033 E.08496
G1 X56.706 Y160.938 E.02329
G1 X56.497 Y160.67 E.02812
G1 X56.463 Y160.473 E.01654
G1 X56.462 Y60.515 E8.26946
G1 X56.478 Y59.408 E.09159
G1 X56.646 Y59.109 E.02837
G1 X56.764 Y59.042 E.01123
G1 X57.007 Y58.963 E.02114
G1 X162.878 Y58.963 E8.75864
G1 X163.262 Y59.041 E.03242
G1 X163.478 Y59.269 E.02598
G1 X163.537 Y59.578 E.02603
G1 X163.537 Y160.42 E8.3426
G1 X163.503 Y160.67 E.02087
G1 X163.354 Y160.89 E.02198
G1 X163.236 Y160.958 E.01127
G1 X162.993 Y161.037 E.02114
G1 X130 Y161.037 E2.72949
G1 X129.048 Y161.037 E.07501
G1 X128.095 Y161.037 E.07133
G1 X127.143 Y161.037 E.06751
G1 X126.19 Y161.037 E.06382
G1 X125.238 Y161.037 E.06001
G1 X124.286 Y161.037 E.05626
G1 X123.333 Y161.037 E.05256
G1 X122.381 Y161.038 E.04876
G1 X121.429 Y161.038 E.045
G1 X120.476 Y161.038 E.0413
G1 X119.524 Y161.038 E.0375
G1 X118.571 Y161.038 E.03379
G1 X117.619 Y161.038 E.03
G1 X116.667 Y161.038 E.02625
G1 X115.714 Y161.038 E.02253
G1 X114.762 Y161.038 E.01875
G1 X113.81 Y161.038 E.015
G1 X112.857 Y161.038 E.01126
G1 X111.905 Y161.038 E.0075
G1 X110.952 Y161.038 E.00375
G1 X110.09 Y161.038 E.07131
;WIPE_START
G1 F9600
G1 X110 Y161.038 E-.01603
G1 X105.599 Y161.038 E-.78397
;WIPE_END
G1 X107.591 Y148.774 F12000
G1 E.8 F1800
;TYPE:Top solid infill
;WIDTH:0.600497
G1 X109.39 Y150.573 E.19924
G1 X110.443 Y150.886 E.08603
G1 X107.878 Y148.321 E.28408
G1 X107.978 Y147.995 E.0267
G1 X108.084 Y147.787 E.01828
G1 X111.375 Y151.078 E.36449
G1 X111.828 Y151.135 E.03576
G1 X112.196 Y151.159 E.02888
G1 X108.37 Y147.333 E.42374
G1 X108.656 Y146.879 E.04202
G1 X112.937 Y151.16 E.47413
G1 X113.609 Y151.092 E.0529
G1 X108.942 Y146.424 E.51694
G1 X109.227 Y145.97 E.04198
G1 X114.226 Y150.969 E.55365
G1 X114.8 Y150.803 E.04679
G1 X109.513 Y145.516 E.58555
G1 X109.799 Y145.062 E.04202
G1 X115.341 Y150.604 E.61379
G1 X115.856 Y150.379 E.04401
G1 X110.092 Y144.615 E.63838
G1 X110.278 Y144.415 E.02139
G1 X110.473 Y144.257 E.01965
G1 X116.349 Y150.132 E.65072
G1 X116.823 Y149.866 E.04257
G1 X110.947 Y143.99 E.65078
G1 X111.223 Y143.929 E.02214
G1 X111.384 Y143.915 E.01266
G1 X111.611 Y143.914 E.01778
G1 X117.279 Y149.582 E.62774
G1 X117.721 Y149.284 E.04175
G1 X112.598 Y144.161 E.56738
G1 X113.674 Y144.498 E.0883
G1 X118.149 Y148.973 E.49562
G1 X118.492 Y148.71 E.03385
G1 X118.566 Y148.65 E.00746
G1 X114.629 Y144.712 E.43609
G1 X114.964 Y144.744 E.02635
G1 X115.384 Y144.728 E.03292
G1 X118.97 Y148.313 E.3971
G1 X119.361 Y147.964 E.04104
G1 X115.966 Y144.57 E.37595
G1 X116.195 Y144.441 E.02058
G1 X116.413 Y144.277 E.02136
G1 X119.742 Y147.606 E.36869
G1 X120.114 Y147.238 E.04098
G1 X116.77 Y143.893 E.37041
G1 X116.942 Y143.632 E.02448
G1 X117.048 Y143.431 E.0178
G1 X120.474 Y146.857 E.37944
G1 X120.823 Y146.466 E.04104
G1 X117.262 Y142.905 E.39439
G1 X117.404 Y142.307 E.04813
G1 X121.162 Y146.065 E.41621
G1 X121.492 Y145.656 E.04116
G1 X117.481 Y141.644 E.44428
G1 X117.514 Y140.938 E.05535
G1 X121.808 Y145.232 E.47557
G1 X122.115 Y144.798 E.04163
G1 X103.459 Y126.142 E2.06619
G1 X104.01 Y125.954 E.04559
G1 X122.575 Y144.518 E2.05606
;WIPE_START
G1 F9600
G1 X119.399 Y141.342 E-.8
;WIPE_END
G1 X116.848 Y140.271 F12000
G1 E.8 F1800
G1 X102.907 Y126.331 E1.54394
G1 X102.356 Y126.519 E.04559
G1 X116.124 Y140.288 E1.52489
G1 X115.584 Y140.487 E.04507
G1 X101.804 Y126.708 E1.52611
G1 X101.253 Y126.896 E.04559
G1 X115.046 Y140.689 E1.52761
G1 X114.509 Y140.892 E.04496
G1 X100.701 Y127.085 E1.52921
G1 X100.15 Y127.273 E.04559
G1 X113.973 Y141.096 E1.53093
G1 X113.438 Y141.302 E.0449
G1 X99.598 Y127.462 E1.53281
G1 X99.25 Y127.58 E.02878
G1 X98.731 Y127.334 E.04498
G1 X113.087 Y141.69 E1.58996
;WIPE_START
G1 F9600
G1 X109.911 Y138.514 E-.8
;WIPE_END
G1 X107.405 Y137.488 F12000
G1 E.8 F1800
G1 X90.577 Y120.661 E1.86368
G1 X90.462 Y121.285 E.04969
G1 X106.253 Y137.077 E1.74894
G1 X105.366 Y136.929 E.07042
G1 X90.376 Y121.939 E1.66018
G1 X90.322 Y122.625 E.05389
G1 X104.458 Y136.761 E1.56559
G1 X103.525 Y136.568 E.07461
G1 X90.299 Y123.342 E1.46481
G1 X90.307 Y124.09 E.05858
G1 X102.564 Y136.347 E1.35749
G1 X101.559 Y136.082 E.0814
G1 X90.358 Y124.881 E1.24054
G1 X90.462 Y125.725 E.0666
G1 X100.502 Y135.765 E1.11195
G1 X99.376 Y135.379 E.09322
G1 X90.64 Y126.643 E.96753
G1 X90.725 Y126.989 E.0279
G1 X90.933 Y127.676 E.05621
G1 X98.16 Y134.903 E.80041
G1 X97.535 Y134.625 E.05357
G1 X96.743 Y134.226 E.06945
G1 X91.435 Y128.918 E.58787
G1 X91.759 Y129.546 E.05534
G1 X92.005 Y129.961 E.03778
G1 X92.28 Y130.38 E.03925
G1 X92.625 Y130.848 E.04553
G1 X95.624 Y133.847 E.33215
;WIPE_START
G1 F9600
G1 X92.625 Y130.848 E-.75547
G1 X92.477 Y130.647 E-.04453
;WIPE_END
G1 X108.745 Y129.948 F12000
G1 E.8 F1800
G1 X104.562 Y125.765 E.46328
G1 X105.113 Y125.577 E.04559
G1 X109.11 Y129.573 E.44262
G1 X109.66 Y129.383 E.04557
G1 X105.665 Y125.388 E.44246
G1 X106.216 Y125.2 E.04559
G1 X110.21 Y129.193 E.44229
G1 X110.758 Y129.002 E.04545
G1 X106.768 Y125.011 E.44196
G1 X107.319 Y124.823 E.04559
G1 X111.307 Y128.81 E.44162
G1 X111.855 Y128.619 E.04545
G1 X107.871 Y124.634 E.44129
G1 X108.414 Y124.437 E.04524
G1 X112.401 Y128.425 E.44162
G1 X112.948 Y128.231 E.04545
G1 X108.953 Y124.237 E.4424
G1 X109.493 Y124.037 E.0451
G1 X113.493 Y128.036 E.44295
G1 X114.036 Y127.84 E.04521
G1 X110.033 Y123.837 E.44334
G1 X110.572 Y123.636 E.04505
G1 X114.579 Y127.642 E.44373
G1 X115.118 Y127.442 E.04502
G1 X111.108 Y123.432 E.44412
G1 X111.645 Y123.228 E.04499
G1 X115.657 Y127.241 E.44439
G1 X116.191 Y127.035 E.04482
G1 X112.181 Y123.025 E.44412
G1 X112.716 Y122.82 E.04487
G1 X116.725 Y126.829 E.44401
G1 X117.253 Y126.617 E.04456
G1 X113.248 Y122.612 E.44356
G1 X113.778 Y122.402 E.04465
G1 X117.779 Y126.403 E.44312
G1 X118.297 Y126.181 E.04414
G1 X114.307 Y122.191 E.4419
G1 X114.832 Y121.976 E.04443
G1 X118.812 Y125.956 E.44079
G1 X119.32 Y125.724 E.04374
G1 X115.356 Y121.76 E.43902
G1 X115.876 Y121.54 E.04422
G1 X119.818 Y125.482 E.43659
G1 X120.192 Y125.296 E.03271
G1 X120.309 Y125.233 E.01041
G1 X116.392 Y121.316 E.43382
G1 X116.903 Y121.088 E.04382
G1 X120.789 Y124.973 E.43033
G1 X121.255 Y124.699 E.04234
G1 X117.411 Y120.855 E.42573
G1 X117.913 Y120.617 E.04351
G1 X121.71 Y124.414 E.42053
G1 X122.035 Y124.199 E.03052
G1 X122.152 Y124.116 E.01123
G1 X118.408 Y120.372 E.41466
G1 X118.896 Y120.12 E.04301
G1 X122.58 Y123.804 E.40801
G1 X122.991 Y123.476 E.04118
G1 X119.378 Y119.862 E.4002
G1 X119.852 Y119.596 E.04257
G1 X123.391 Y123.135 E.39195
G1 X123.779 Y122.783 E.04103
G1 X120.319 Y119.323 E.3832
G1 X120.771 Y119.035 E.04197
G1 X124.157 Y122.422 E.37506
G1 X124.528 Y122.053 E.04098
G1 X121.191 Y118.715 E.36964
G1 X121.423 Y118.499 E.02482
G1 X121.558 Y118.343 E.01616
G1 X124.892 Y121.676 E.36919
G1 X125.248 Y121.293 E.04095
G1 X121.828 Y117.872 E.37883
G1 X121.906 Y117.614 E.02111
G1 X121.963 Y117.267 E.02754
G1 X125.596 Y120.901 E.40242
G1 X125.935 Y120.5 E.04112
G1 X121.988 Y116.553 E.43714
G1 X121.913 Y115.738 E.0641
G1 X126.264 Y120.089 E.48188
G1 X126.58 Y119.665 E.04141
G1 X122.003 Y115.088 E.50691
G1 X122.115 Y114.816 E.02304
G1 X122.257 Y114.602 E.02011
G1 X126.883 Y119.227 E.51228
G1 X127.168 Y118.773 E.04198
G1 X122.618 Y114.223 E.50392
G1 X123.057 Y113.922 E.04168
G1 X127.435 Y118.3 E.48487
G1 X127.679 Y117.803 E.04336
G1 X123.5 Y113.625 E.46278
G1 X123.942 Y113.327 E.04175
G1 X127.895 Y117.28 E.4378
G1 X128.078 Y116.722 E.04599
G1 X124.385 Y113.03 E.40895
G1 X124.827 Y112.732 E.04175
G1 X128.22 Y116.124 E.37573
G1 X128.305 Y115.47 E.05165
G1 X125.27 Y112.435 E.33613
G1 X125.523 Y112.269 E.0237
G1 X125.746 Y112.171 E.01908
G1 X128.313 Y114.738 E.2843
G1 X128.256 Y113.941 E.06258
G1 X126.371 Y112.056 E.20877
G1 X126.579 Y112.044 E.01632
G1 X126.77 Y112.06 E.01501
G1 X127.023 Y112.112 E.02023
G1 X127.257 Y112.202 E.01963
G1 X128.417 Y113.362 E.12847
;WIPE_START
G1 F9600
G1 X127.257 Y112.202 E-.29221
G1 X127.023 Y112.112 E-.04466
G1 X126.77 Y112.06 E-.04601
G1 X126.579 Y112.044 E-.03414
G1 X126.371 Y112.056 E-.03711
G1 X127.744 Y113.429 E-.34587
;WIPE_END
G1 X115.515 Y113.779 F12000
G1 E.8 F1800
G1 X111.855 Y110.12 E.4053
G1 X111.807 Y110.424 E.0241
G1 X111.69 Y110.694 E.02304
G1 X115.064 Y114.068 E.37368
G1 X114.784 Y114.528 E.04217
G1 X111.347 Y111.091 E.38066
G1 X110.932 Y111.416 E.04128
G1 X114.495 Y114.979 E.39461
G1 X114.189 Y115.413 E.04159
G1 X110.486 Y111.71 E.41012
G1 X110.028 Y111.992 E.04212
G1 X113.862 Y115.826 E.42462
G1 X113.509 Y116.214 E.04108
G1 X109.565 Y112.269 E.43686
G1 X109.088 Y112.532 E.04266
G1 X113.132 Y116.576 E.44788
G1 X112.728 Y116.912 E.04115
G1 X108.599 Y112.783 E.4573
G1 X108.098 Y113.023 E.0435
G1 X112.305 Y117.229 E.46588
G1 X111.87 Y117.534 E.04161
G1 X107.584 Y113.249 E.47463
G1 X107.059 Y113.463 E.0444
G1 X111.425 Y117.829 E.48354
G1 X110.97 Y118.114 E.04205
G1 X106.52 Y113.664 E.49285
G1 X105.969 Y113.853 E.04562
G1 X110.504 Y118.388 E.50226
G1 X110.029 Y118.653 E.0426
G1 X105.404 Y114.028 E.51223
G1 X104.821 Y114.185 E.04728
G1 X109.543 Y118.907 E.52297
G1 X109.05 Y119.154 E.04318
G1 X104.031 Y114.135 E.55587
G1 X103.967 Y114.07 F12000
G1 F1800
G1 X97.607 Y107.71 E.70438
G1 X97.877 Y107.241 E.04238
G1 X104.09 Y113.454 E.6881
G1 X104.384 Y113.008 E.04183
G1 X98.154 Y106.778 E.68999
G1 X98.433 Y106.317 E.0422
G1 X104.682 Y112.566 E.69209
G1 X104.983 Y112.127 E.04168
G1 X98.715 Y105.859 E.69419
G1 X99.002 Y105.406 E.042
G1 X105.286 Y111.69 E.69597
G1 X105.5 Y111.383 E.02931
G1 X105.661 Y111.325 E.0134
G1 X99.289 Y104.953 E.70571
G1 X99.577 Y104.501 E.04197
G1 X106.204 Y111.128 E.73395
G1 X106.747 Y110.932 E.04521
G1 X99.869 Y104.053 E.76181
G1 X100.161 Y103.605 E.04188
G1 X107.291 Y110.735 E.78966
G1 X107.834 Y110.538 E.04524
G1 X100.455 Y103.159 E.81724
G1 X100.75 Y102.714 E.04181
G1 X108.378 Y110.342 E.84482
G1 X108.921 Y110.145 E.04524
G1 X101.045 Y102.27 E.87223
G1 X101.341 Y101.825 E.04186
G1 X109.648 Y110.132 E.92002
;WIPE_START
G1 F9600
G1 X106.472 Y106.956 E-.8
;WIPE_END
G1 X111.03 Y109.97 F12000
G1 E.8 F1800
;TYPE:Solid infill
;WIDTH:0.66
G1 F4290.056
G1 X105.854 Y111.843 E.4801
G1 X104.619 Y113.66 E.19162
G1 X105.433 Y113.44 E.07354
G1 X106.398 Y113.121 E.08865
G1 X106.987 Y112.898 E.05493
G1 X108.272 Y112.329 E.12257
G1 X109.427 Y111.711 E.11425
G1 X110.646 Y110.94 E.1258
G1 X111.074 Y110.577 E.04895
G1 X111.25 Y110.327 E.02667
G1 X111.304 Y109.871 E.04005
;WIPE_START
G1 F9600
G1 X111.25 Y110.327 E-.08179
G1 X111.074 Y110.577 E-.05446
G1 X110.646 Y110.94 E-.09996
G1 X109.427 Y111.711 E-.25692
G1 X108.272 Y112.329 E-.23333
G1 X107.894 Y112.496 E-.07354
;WIPE_END
G1 X109.158 Y111.232 F12000
G1 E.8 F1800
;WIDTH:0.638442
G1 F4454.858
G1 X108.91 Y111.345 E.02289
;WIDTH:0.683353
G1 F4124.759
G1 X108.663 Y111.459 E.02468
;WIDTH:0.730073
G1 F3829.563
G1 X108.332 Y111.603 E.03527
;WIDTH:0.776793
G1 F3573.797
G1 X108.002 Y111.748 E.03774
;WIDTH:0.803006
G1 F3444.717
G1 X107.728 Y111.86 E.03215
;WIDTH:0.829219
G1 F3324.636
G1 X107.454 Y111.973 E.03336
;WIDTH:0.854277
G1 F3217.42
G1 X106.876 Y112.196 E.07205
;WIDTH:0.879335
G1 F3116.904
G1 X106.298 Y112.419 E.07437
;WIPE_START
G1 F9600
G1 X106.876 Y112.196 E-.11035
G1 X107.454 Y111.973 E-.11035
G1 X107.728 Y111.86 E-.05279
G1 X108.002 Y111.748 E-.05273
G1 X108.332 Y111.603 E-.06421
G1 X108.663 Y111.459 E-.0643
G1 X108.91 Y111.345 E-.04846
G1 X109.158 Y111.232 E-.04854
;WIPE_END
G1 E-.24827 F1800
G1 X111.278 Y109.542 F12000
G1 E.8 F1800
;TYPE:Top solid infill
;WIDTH:0.600497
G1 X106.249 Y104.514 E.55692
G1 X105.697 Y104.701 E.04564
G1 X110.551 Y109.555 E.53759
G1 X110.008 Y109.752 E.04524
G1 X97.51 Y97.254 E1.38418
G1 X97.709 Y96.714 E.04507
G1 X105.191 Y104.195 E.82859
G1 X105.472 Y103.736 E.04215
G1 X97.913 Y96.177 E.83718
G1 X98.004 Y96.008 E.01503
G1 X98.2 Y95.725 E.02696
G1 X105.703 Y103.227 E.83092
G1 X105.76 Y102.931 E.02361
G1 X105.76 Y102.545 E.03023
G1 X104.116 Y100.901 E.18208
G1 X103.903 Y100.89 E.0167
G1 X103.448 Y100.912 E.03567
G1 X103.274 Y100.12 E.0635
G1 X103.318 Y100.102 E.00372
G1 X98.603 Y95.388 E.52214
G1 X98.829 Y95.261 E.0203
G1 X99.108 Y95.152 E.02346
G1 X103.845 Y99.889 E.52463
G1 X104.372 Y99.676 E.04451
G1 X99.648 Y94.952 E.52319
G1 X100.187 Y94.752 E.04502
G1 X104.902 Y99.467 E.5222
G1 X105.435 Y99.259 E.04481
G1 X100.727 Y94.551 E.52142
G1 X101.267 Y94.351 E.0451
G1 X105.968 Y99.052 E.52065
G1 X106.504 Y98.849 E.04489
G1 X101.806 Y94.151 E.52031
G1 X102.346 Y93.951 E.0451
G1 X107.041 Y98.646 E.51998
G1 X107.581 Y98.445 E.04512
G1 X102.886 Y93.75 E.51998
G1 X103.425 Y93.55 E.04502
G1 X108.122 Y98.246 E.52015
G1 X108.665 Y98.05 E.04521
G1 X103.965 Y93.35 E.52054
G1 X104.505 Y93.15 E.0451
G1 X111.916 Y100.56 E.82073
G1 X112.463 Y100.368 E.0454
G1 X105.045 Y92.949 E.82162
G1 X105.584 Y92.749 E.04502
G1 X113.006 Y100.171 E.822
G1 X113.075 Y100.139 E.00596
G1 X113.305 Y100.007 E.02077
G1 X113.465 Y99.89 E.01552
G1 X106.124 Y92.549 E.81303
G1 X106.664 Y92.349 E.0451
G1 X113.808 Y99.493 E.79121
G1 X114.074 Y99.019 E.04257
G1 X107.203 Y92.148 E.76098
G1 X107.743 Y91.948 E.0451
G1 X114.336 Y98.541 E.73019
G1 X114.596 Y98.061 E.04275
G1 X108.125 Y91.59 E.71668
G1 X108.399 Y91.124 E.04234
G1 X114.853 Y97.578 E.71479
G1 X115.109 Y97.094 E.04288
G1 X108.672 Y90.657 E.71291
G1 X108.945 Y90.19 E.04236
G1 X115.537 Y96.782 E.73008
G1 X115.788 Y96.293 F12000
G1 F1800
G1 X101.105 Y81.61 E1.62617
G1 X100.808 Y82.053 E.04177
G1 X108.472 Y89.717 E.84881
G1 X107.931 Y89.916 E.04514
G1 X100.513 Y82.498 E.82156
G1 X100.223 Y82.948 E.04193
G1 X107.39 Y90.114 E.79371
G1 X106.85 Y90.315 E.04512
G1 X99.933 Y83.398 E.76607
G1 X99.647 Y83.852 E.04202
G1 X106.311 Y90.516 E.73805
G1 X105.772 Y90.717 E.04505
G1 X99.363 Y84.308 E.70981
G1 X99.081 Y84.766 E.04212
G1 X105.23 Y90.915 E.68102
G1 X104.688 Y91.113 E.04519
G1 X98.805 Y85.23 E.65156
G1 X98.529 Y85.694 E.04228
G1 X104.146 Y91.311 E.6221
G1 X103.604 Y91.509 E.04519
G1 X98.259 Y86.164 E.59197
G1 X97.991 Y86.635 E.04244
G1 X103.059 Y91.704 E.56135
G1 X102.512 Y91.897 E.04543
G1 X97.728 Y87.112 E.52989
G1 X97.469 Y87.594 E.04285
G1 X101.96 Y92.085 E.49739
G1 X101.396 Y92.26 E.04625
G1 X97.214 Y88.079 E.46311
G1 X96.967 Y88.571 E.04311
G1 X100.806 Y92.411 E.42523
G1 X100.175 Y92.52 E.05015
G1 X96.727 Y89.071 E.38193
G1 X96.496 Y89.581 E.04385
G1 X99.465 Y92.55 E.32882
G1 X99.075 Y92.517 E.03065
G1 X98.605 Y92.429 E.03745
G1 X96.354 Y90.178 E.2493
G1 X96.357 Y90.619 E.03454
G1 X96.395 Y90.836 E.01725
G1 X96.454 Y91.019 E.01506
G1 X97.893 Y92.458 E.15937
;WIPE_START
G1 F9600
G1 X96.454 Y91.019 E-.36249
G1 X96.395 Y90.836 E-.03425
G1 X96.357 Y90.619 E-.03924
G1 X96.354 Y90.178 E-.07855
G1 X97.487 Y91.311 E-.28547
;WIPE_END
G1 X100.855 Y101.339 F12000
G1 E.8 F1800
G1 X97.31 Y97.794 E.39262
G1 X97.11 Y98.335 E.04517
G1 X100.136 Y101.36 E.33508
G1 X99.6 Y101.564 E.04491
G1 X96.911 Y98.875 E.29781
G1 X96.711 Y99.415 E.0451
G1 X99.063 Y101.767 E.26049
G1 X98.764 Y101.854 E.02439
G1 X98.437 Y101.881 E.0257
G1 X96.597 Y100.041 E.20378
G1 X96.615 Y100.269 E.01791
G1 X96.71 Y100.702 E.03472
G1 X96.845 Y101.03 E.02778
G1 X97.841 Y102.025 E.11025
;WIPE_START
G1 F9600
G1 X96.845 Y101.03 E-.25077
G1 X96.71 Y100.702 E-.06318
G1 X96.615 Y100.269 E-.07896
G1 X96.597 Y100.041 E-.04074
G1 X98.051 Y101.495 E-.36635
;WIPE_END
G1 X106.616 Y104.141 F12000
G1 E.8 F1800
G1 X115.631 Y113.155 E.99838
G1 X115.92 Y112.705 E.04188
G1 X107.353 Y104.138 E.94881
G1 X107.901 Y103.946 E.04547
G1 X116.204 Y112.248 E.91952
G1 X116.48 Y111.784 E.04228
G1 X108.449 Y103.754 E.8894
G1 X108.997 Y103.562 E.04547
G1 X116.734 Y111.299 E.85689
G1 X116.955 Y110.779 E.04425
G1 X109.543 Y103.367 E.8209
G1 X110.088 Y103.172 E.04533
G1 X117.136 Y110.22 E.78058
G1 X117.267 Y109.611 E.04878
G1 X110.633 Y102.977 E.73473
G1 X111.176 Y102.78 E.04524
G1 X117.351 Y108.956 E.68395
G1 X117.397 Y108.262 E.05447
G1 X111.719 Y102.583 E.62891
G1 X112.262 Y102.386 E.04524
G1 X117.413 Y107.538 E.57054
G1 X117.407 Y106.792 E.05842
G1 X112.751 Y102.135 E.51572
G1 X113.137 Y101.782 E.04096
G1 X117.375 Y106.02 E.46937
G1 X117.312 Y105.217 E.06308
G1 X113.518 Y101.422 E.42025
G1 X113.9 Y101.065 E.04095
G1 X117.212 Y104.377 E.36681
G1 X117.071 Y103.496 E.06987
G1 X114.396 Y100.82 E.29632
G1 X114.771 Y100.722 E.03035
G1 X115.008 Y100.693 E.0187
G1 X117.189 Y102.873 E.2415
;WIPE_START
G1 F9600
G1 X115.008 Y100.693 E-.54928
G1 X114.771 Y100.722 E-.04253
G1 X114.396 Y100.82 E-.06904
G1 X114.948 Y101.372 E-.13915
;WIPE_END
G1 X111.507 Y100.891 F12000
G1 E.8 F1800
G1 X109.477 Y98.862 E.22477
G1 X109.578 Y99.482 E.04919
G1 X109.642 Y99.664 E.01511
G1 X109.743 Y99.868 E.01783
G1 X110.668 Y100.793 E.10245
;WIPE_START
G1 F9600
G1 X109.743 Y99.868 E-.23301
G1 X109.642 Y99.664 E-.04055
G1 X109.578 Y99.482 E-.03436
G1 X109.477 Y98.862 E-.11189
G1 X110.986 Y100.371 E-.38019
;WIPE_END
G1 X117.64 Y91.485 F12000
G1 E.8 F1800
G1 X115.342 Y89.187 E.25451
;WIPE_START
G1 F9600
G1 X117.64 Y91.485 E-.57888
;WIPE_END
G1 E-.22112 F1800
G1 X117.456 Y82.422 F12000
G1 E.8 F1800
G1 X116.667 Y81.634 E.08733
G1 X116.334 Y81.369 E.03333
G1 X116.072 Y81.223 E.02349
G1 X115.821 Y81.122 E.02119
G1 X115.54 Y81.046 E.0228
G1 X115.305 Y81.011 E.01861
G1 X117.386 Y83.091 E.23042
G1 X117.415 Y83.499 E.03203
G1 X117.4 Y83.845 E.02712
G1 X114.588 Y81.034 E.31138
G1 X114.363 Y81.079 E.01797
G1 X114.002 Y81.187 E.02951
G1 X117.293 Y84.478 E.36449
G1 X117.12 Y85.046 E.0465
G1 X113.461 Y81.386 E.4053
G1 X112.928 Y81.593 E.04478
G1 X116.911 Y85.576 E.44113
G1 X116.677 Y86.083 E.04373
G1 X112.397 Y81.803 E.47402
G1 X111.867 Y82.012 E.04462
G1 X116.428 Y86.573 E.50514
G1 X116.167 Y87.052 E.04272
G1 X111.337 Y82.222 E.53493
G1 X110.807 Y82.433 E.04467
G1 X115.896 Y87.521 E.56356
G1 X115.625 Y87.99 E.04242
G1 X110.279 Y82.644 E.59208
G1 X109.75 Y82.855 E.0446
G1 X115.354 Y88.459 E.62066
G1 X115.083 Y88.928 E.04242
G1 X109.221 Y83.066 E.64923
G1 X108.692 Y83.278 E.04463
G1 X117.392 Y91.977 E.96349
G1 X117.347 Y92.227 E.01989
G1 X117.246 Y92.571 E.02808
G1 X108.164 Y83.489 E1.00585
G1 X107.635 Y83.7 E.0446
G1 X117.042 Y93.107 E1.04185
G1 X116.817 Y93.623 E.04408
G1 X107.106 Y83.911 E1.07557
G1 X106.574 Y84.119 E.04473
G1 X116.587 Y94.132 E1.10896
G1 X116.349 Y94.634 E.04351
G1 X106.042 Y84.327 E1.14152
G1 X105.506 Y84.531 E.04491
G1 X116.107 Y95.132 E1.17408
G1 X115.862 Y95.627 E.04325
G1 X101.402 Y81.167 E1.60148
G1 X101.602 Y80.932 E.02417
G1 X101.761 Y80.786 E.01691
G1 X104.901 Y83.926 E.34776
G1 X105.158 Y83.443 E.04285
G1 X102.233 Y80.518 E.32395
G1 X102.773 Y80.318 E.0451
G1 X105.415 Y82.96 E.29261
G1 X105.664 Y82.469 E.04311
G1 X103.313 Y80.118 E.26038
G1 X103.627 Y80.027 E.0256
G1 X103.938 Y80.004 E.02442
G1 X105.771 Y81.836 E.20295
G1 X105.705 Y81.275 E.04424
G1 X105.648 Y81.081 E.01584
G1 X105.564 Y80.889 E.01641
G1 X104.542 Y79.867 E.11319
;WIPE_START
G1 F9600
G1 X105.564 Y80.889 E-.25745
G1 X105.648 Y81.081 E-.03733
G1 X105.705 Y81.275 E-.03602
G1 X105.771 Y81.836 E-.10062
G1 X104.308 Y80.373 E-.36858
;WIPE_END
G1 X108.358 Y77.228 F12000
G1 E.8 F1800
;WIDTH:0.609401
G1 X100.398 Y69.267 E.89665
G1 X100.12 Y69.742 E.04384
G1 X107.631 Y77.253 E.84602
G1 X107.085 Y77.46 E.04651
G1 X99.841 Y70.216 E.81594
G1 X99.56 Y70.687 E.04368
G1 X106.536 Y77.663 E.78576
G1 X105.987 Y77.867 E.04665
G1 X99.276 Y71.155 E.75596
G1 X98.987 Y71.62 E.04361
G1 X105.442 Y78.074 E.72701
G1 X104.902 Y78.287 E.04623
G1 X98.695 Y72.08 E.69914
G1 X98.412 Y72.549 E.04363
G1 X104.364 Y78.502 E.67047
G1 X103.823 Y78.713 E.04625
G1 X98.129 Y73.019 E.64135
G1 X97.852 Y73.495 E.04386
G1 X103.276 Y78.919 E.61094
G1 X102.722 Y79.117 E.04686
G1 X97.579 Y73.974 E.57929
G1 X97.311 Y74.459 E.04413
G1 X102.152 Y79.3 E.54528
G1 X101.564 Y79.464 E.04862
G1 X97.058 Y74.959 E.50749
G1 X96.827 Y75.48 E.04539
G1 X100.951 Y79.604 E.46451
G1 X100.305 Y79.711 E.05215
G1 X96.635 Y76.041 E.41338
G1 X96.565 Y76.331 E.02376
G1 X96.512 Y76.671 E.02741
G1 X99.604 Y79.762 E.34822
G1 X99.135 Y79.742 E.03739
G1 X98.78 Y79.691 E.02856
G1 X96.509 Y77.42 E.2558
G1 X96.575 Y77.763 E.02782
G1 X96.664 Y78.033 E.02264
G1 X96.757 Y78.243 E.01829
G1 X96.912 Y78.513 E.0248
G1 X97.11 Y78.773 E.02603
G1 X98.059 Y79.722 E.10689
;WIPE_START
G1 F9600
G1 X97.11 Y78.773 E-.23906
G1 X96.912 Y78.513 E-.05821
G1 X96.757 Y78.243 E-.05546
G1 X96.664 Y78.033 E-.04091
G1 X96.575 Y77.763 E-.05064
G1 X96.509 Y77.42 E-.06222
G1 X97.674 Y78.585 E-.2935
;WIPE_END
G1 X104.92 Y71.532 F12000
G1 E.8 F1800
G1 X112.504 Y79.116 E.85424
G1 X112.772 Y79.009 E.02298
G1 X113.011 Y78.87 E.02202
G1 X105.653 Y71.512 E.82878
G1 X106.203 Y71.309 E.04669
G1 X113.392 Y78.499 E.8098
G1 X113.688 Y78.042 E.04337
G1 X106.753 Y71.107 E.78114
G1 X107.305 Y70.906 E.04679
G1 X113.973 Y77.574 E.75106
G1 X114.255 Y77.104 E.04365
G1 X107.856 Y70.706 E.72071
G1 X108.408 Y70.505 E.04679
G1 X114.536 Y76.633 E.69024
G1 X114.815 Y76.159 E.04381
G1 X108.96 Y70.304 E.65949
G1 X109.512 Y70.103 E.04679
G1 X115.092 Y75.683 E.62851
G1 X115.365 Y75.204 E.04391
G1 X110.063 Y69.902 E.5972
G1 X110.615 Y69.701 E.04679
G1 X115.638 Y74.724 E.56578
G1 X115.906 Y74.239 E.04413
G1 X111.167 Y69.5 E.53379
G1 X111.718 Y69.299 E.04671
G1 X116.169 Y73.75 E.50135
G1 X116.426 Y73.254 E.04449
G1 X112.272 Y69.1 E.46789
G1 X112.828 Y68.904 E.04695
G1 X116.675 Y72.751 E.43331
G1 X116.913 Y72.236 E.04519
G1 X113.388 Y68.712 E.39699
G1 X113.96 Y68.531 E.04778
G1 X117.13 Y71.701 E.35706
G1 X117.307 Y71.125 E.04799
G1 X114.561 Y68.379 E.3093
G1 X114.886 Y68.327 E.02621
G1 X115.247 Y68.313 E.02877
G1 X117.466 Y70.532 E.24994
G1 X117.48 Y70.481 E.00421
G1 X118.313 Y71.188 E.08702
G1 X119.528 Y71.841 E.10986
G1 X116.273 Y68.586 E.36663
G1 X116.484 Y68.716 E.01974
G1 X116.675 Y68.875 E.01979
G1 X117.324 Y69.583 E.0765
G1 X117.536 Y69.097 E.04223
G1 X120.818 Y72.378 E.36962
G1 X121.321 Y72.523 E.04169
G1 X121.824 Y72.632 E.04099
G1 X117.786 Y68.594 E.45483
G1 X118.122 Y68.177 E.04265
G1 X122.539 Y72.594 E.49752
G1 X122.799 Y72.515 E.02164
G1 X123.063 Y72.366 E.02414
G1 X118.461 Y67.764 E.51836
G1 X118.8 Y67.35 E.04262
G1 X123.465 Y72.015 E.52545
G1 X123.582 Y71.872 E.01472
G1 X123.775 Y71.573 E.02834
G1 X119.125 Y66.923 E.52376
G1 X119.44 Y66.485 E.04297
G1 X124.069 Y71.114 E.5214
G1 X124.37 Y70.663 E.04319
G1 X119.756 Y66.049 E.51971
G1 X120.074 Y65.614 E.04292
G1 X124.686 Y70.226 E.51948
G1 X125.011 Y69.799 E.04274
G1 X120.474 Y65.261 E.51109
G1 X120.708 Y65.113 E.02205
G1 X120.966 Y65.001 E.0224
G1 X125.334 Y69.369 E.492
G1 X125.648 Y68.93 E.04299
G1 X121.671 Y64.953 E.44796
G1 X121.92 Y64.987 E.02002
G1 X122.15 Y65.053 E.01906
G1 X122.864 Y65.394 E.06302
G1 X125.917 Y68.446 E.34382
G1 X125.975 Y68.246 E.01659
G1 X126.042 Y67.819 E.03443
G1 X124.085 Y65.862 E.22043
G1 X124.506 Y65.967 E.03456
G1 X124.862 Y66.082 E.0298
G1 X125.209 Y66.266 E.03128
G1 X125.333 Y66.358 E.0123
G1 X126.234 Y67.259 E.10149
;WIPE_START
G1 F9600
G1 X125.333 Y66.358 E-.22697
G1 X125.209 Y66.266 E-.0275
G1 X124.862 Y66.082 E-.06996
G1 X124.506 Y65.967 E-.06664
G1 X124.085 Y65.862 E-.07729
G1 X125.401 Y67.178 E-.33164
;WIPE_END
G1 X117.881 Y71.522 F12000
G1 E.8 F1800
;TYPE:Solid infill
;WIDTH:0.743249
G1 F3753.799
G1 X117.822 Y71.463 E.00832
G1 X117.741 Y71.485 E.00837
G1 X117.72 Y71.565 E.00824
G1 X117.779 Y71.624 E.00832
G1 X117.859 Y71.602 E.00827
G1 X118.116 Y71.728 E.02853
;WIDTH:0.701624
G1 F4004.052
G1 X118.374 Y71.853 E.02679
;WIDTH:0.66
G1 F4290.056
G1 X117.114 Y73.113 E.15542
;WIPE_START
G1 F9600
G1 X118.374 Y71.853 E-.3174
G1 X118.116 Y71.728 E-.05107
G1 X117.859 Y71.602 E-.05098
G1 X117.779 Y71.624 E-.01478
G1 X117.72 Y71.565 E-.01486
G1 X117.741 Y71.485 E-.01473
G1 X117.822 Y71.463 E-.01495
G1 X117.881 Y71.522 E-.01486
;WIPE_END
G1 E-.30637 F1800
G1 X118.908 Y72.143 F12000
G1 E.8 F1800
G1 F4290.056
G1 X116.2 Y74.851 E.33402
G1 X116.074 Y75.049 E.02047
;WIDTH:0.623628
G1 F4575.641
G1 X115.948 Y75.247 E.01919
;WIDTH:0.587257
G1 F4901.961
G1 X115.903 Y75.202 E.00486
G1 X115.842 Y75.218 E.00481
G1 X115.825 Y75.28 E.00491
G1 X115.87 Y75.325 E.00486
G1 X115.932 Y75.308 E.00491
;WIPE_START
G1 F9600
G1 X115.87 Y75.325 E-.01145
G1 X115.825 Y75.28 E-.01134
G1 X115.842 Y75.218 E-.01145
G1 X115.903 Y75.202 E-.01123
G1 X115.948 Y75.247 E-.01134
G1 X116.074 Y75.049 E-.0418
G1 X116.2 Y74.851 E-.0418
G1 X118.818 Y72.232 E-.65959
;WIPE_END
G1 X114.81 Y77.247 F12000
G1 E.8 F1800
G1 F4901.961
G1 X114.748 Y77.264 E.00491
G1 X114.703 Y77.219 E.00486
G1 X114.72 Y77.157 E.00491
G1 X114.781 Y77.141 E.00481
G1 X114.826 Y77.186 E.00486
;WIDTH:0.623628
G1 F4575.641
G1 X114.956 Y76.988 E.01937
;WIDTH:0.66
G1 F4290.056
G1 X115.085 Y76.79 E.02061
G1 X119.453 Y72.422 E.53878
;WIPE_START
G1 F9600
G1 X116.277 Y75.598 E-.8
;WIPE_END
G1 X105.537 Y99.712 F12000
G1 E.8 F1800
;WIDTH:0.587257
G1 F4901.961
G1 X105.492 Y99.667 E.00486
G1 X105.431 Y99.683 E.00481
G1 X105.414 Y99.745 E.00491
G1 X105.459 Y99.79 E.00486
G1 X105.521 Y99.774 E.00489
;WIDTH:0.623628
G1 F4575.641
G1 X105.292 Y99.885 E.02081
;WIDTH:0.66
G1 F4290.056
G1 X105.064 Y99.997 E.02216
G1 X104.619 Y100.442 E.05489
G1 X105.192 Y100.693 E.05456
G1 X106.409 Y99.476 E.15011
G1 X106.637 Y99.366 E.02208
;WIDTH:0.623628
G1 F4575.641
G1 X106.866 Y99.256 E.02078
;WIDTH:0.587257
G1 F4901.961
G1 X106.804 Y99.272 E.00489
G1 X106.759 Y99.227 E.00486
G1 X106.776 Y99.165 E.00491
G1 X106.837 Y99.149 E.00481
G1 X106.882 Y99.194 E.00486
;WIDTH:0.66
G1 F4290.056
G1 X107.73 Y98.979 E.0763
G1 X105.672 Y101.037 E.25385
G1 X106.044 Y101.489 E.05106
G1 X109.074 Y98.453 E.37411
;WIDTH:0.623628
G1 F4575.641
G1 X109.212 Y98.309 E.01631
;WIDTH:0.587257
G1 F4901.961
G1 X109.151 Y98.325 E.00481
G1 X109.106 Y98.28 E.00486
G1 X109.122 Y98.219 E.00481
G1 X109.184 Y98.202 E.00491
G1 X109.229 Y98.247 E.00486
;WIDTH:0.66
G1 F4290.056
G1 X108.992 Y99.366 E.09976
G1 X106.266 Y102.091 E.33618
;WIPE_START
G1 F9600
G1 X108.992 Y99.366 E-.68657
G1 X109.124 Y98.743 E-.11343
;WIPE_END
G1 X106.148 Y103.322 F12000
G1 E.8 F1800
;WIDTH:0.587257
G1 F4901.961
G1 X106.086 Y103.339 E.00491
G1 X106.041 Y103.294 E.00486
G1 X106.058 Y103.232 E.00491
G1 X106.119 Y103.216 E.00481
G1 X106.164 Y103.261 E.00486
;WIDTH:0.623628
G1 F4575.641
G1 X106.24 Y103.063 E.01734
;WIDTH:0.66
G1 F4290.056
G1 X106.316 Y102.865 E.0185
G1 X109.188 Y99.994 E.35419
G1 X109.512 Y100.493 E.05189
G1 X105.986 Y104.019 E.43492
G1 X105.835 Y104.145 E.01715
;WIDTH:0.623628
G1 F4575.641
G1 X105.684 Y104.27 E.01603
;WIDTH:0.587257
G1 F4901.961
G1 X105.639 Y104.225 E.00486
G1 X105.578 Y104.242 E.00483
G1 X105.561 Y104.303 E.00483
G1 X105.606 Y104.349 E.00491
G1 X105.668 Y104.332 E.00491
;WIPE_START
G1 F9600
G1 X105.606 Y104.349 E-.01145
G1 X105.561 Y104.303 E-.01146
G1 X105.578 Y104.242 E-.01128
G1 X105.639 Y104.225 E-.01128
G1 X105.684 Y104.27 E-.01134
G1 X105.835 Y104.145 E-.03492
G1 X105.986 Y104.019 E-.03503
G1 X108.659 Y101.347 E-.67324
;WIPE_END
G1 X106.873 Y103.896 F12000
G1 E.8 F1800
G1 F4901.961
G1 X106.811 Y103.912 E.00489
G1 X106.766 Y103.867 E.00486
G1 X106.783 Y103.805 E.00491
G1 X106.844 Y103.789 E.00481
G1 X106.889 Y103.834 E.00486
;WIDTH:0.623628
G1 F4575.641
G1 X107.063 Y103.713 E.01733
;WIDTH:0.66
G1 F4290.056
G1 X107.237 Y103.593 E.01844
G1 X109.977 Y100.853 E.33797
G1 X110.56 Y101.093 E.05499
G1 X108.505 Y103.149 E.25354
G1 X108.331 Y103.27 E.01848
;WIDTH:0.623628
G1 F4575.641
G1 X108.158 Y103.392 E.01731
;WIDTH:0.587257
G1 F4901.961
G1 X108.112 Y103.347 E.00491
G1 X108.051 Y103.363 E.00481
G1 X108.034 Y103.425 E.00491
G1 X108.079 Y103.47 E.00486
G1 X108.141 Y103.453 E.00491
;WIPE_START
G1 F9600
G1 X108.079 Y103.47 E-.01145
G1 X108.034 Y103.425 E-.01134
G1 X108.051 Y103.363 E-.01145
G1 X108.112 Y103.347 E-.01123
G1 X108.158 Y103.392 E-.01146
G1 X108.331 Y103.27 E-.03771
G1 X108.505 Y103.149 E-.03775
G1 X110.56 Y101.093 E-.51779
G1 X109.977 Y100.853 E-.1123
G1 X109.828 Y101.002 E-.03752
;WIPE_END
G1 X113.34 Y100.659 F12000
G1 E.8 F1800
;WIDTH:0.75733
G1 F3676.073
G1 X113.151 Y100.751 E.0214
;WIDTH:0.742117
G1 F3760.19
G1 X112.422 Y101.009 E.07695
;WIDTH:0.738282
G1 F3782.005
G1 X111.874 Y101.193 E.05719
;WIDTH:0.769041
G1 F3613.842
G1 X111.587 Y101.235 E.03003
;WIDTH:0.799801
G1 F3459.997
G1 X111.3 Y101.277 E.03137
G1 X110.06 Y102.517 E.18964
G1 X111.582 Y101.968 E.17498
G1 X111.836 Y101.893 E.02864
;WIDTH:0.769041
G1 F3613.842
G1 X112.091 Y101.818 E.02752
;WIDTH:0.738282
G1 F3782.005
G1 X112.354 Y101.698 E.0286
;WIDTH:0.742117
G1 F3760.19
G1 X113.226 Y100.874 E.11939
;WIDTH:0.778219
G1 F3566.527
G1 X113.602 Y100.532 E.05332
;WIPE_START
G1 F9600
G1 X113.226 Y100.874 E-.09054
G1 X112.354 Y101.698 E-.2137
G1 X112.091 Y101.818 E-.05149
G1 X111.836 Y101.893 E-.04735
G1 X111.582 Y101.968 E-.04717
G1 X110.06 Y102.517 E-.2882
G1 X110.304 Y102.273 E-.06155
;WIPE_END
G1 X96.821 Y121.426 F12000
G1 E.8 F1800
;WIDTH:0.66
G1 F4290.056
G1 X95.605 Y122.638 E.14974
;WIDTH:0.623628
G1 F4575.641
G1 X95.428 Y122.811 E.02024
;WIDTH:0.587257
G1 F4901.961
G1 X95.36 Y123.175 E.02827
;WIDTH:0.66
G1 F4290.056
G1 X95.565 Y123.506 E.03396
G1 X97.746 Y121.325 E.26902
G1 X97.581 Y121.173 E.01957
;WIDTH:0.623628
G1 F4575.641
G1 X97.415 Y121.02 E.01846
;WIDTH:0.587257
G1 F4901.961
G1 X97.353 Y121.037 E.00491
G1 X97.308 Y120.992 E.00486
G1 X97.325 Y120.93 E.00491
G1 X97.386 Y120.914 E.00481
G1 X97.431 Y120.959 E.00486
;WIDTH:0.66
G1 F4290.056
G1 X98.315 Y121.581 E.09428
G1 X95.751 Y124.144 E.3162
G1 X96.055 Y124.664 E.05254
G1 X98.946 Y121.774 E.35653
G1 X99.644 Y121.899 E.06185
G1 X96.431 Y125.112 E.39631
G1 X96.856 Y125.511 E.05084
G1 X100.408 Y121.96 E.43807
G1 X101.239 Y121.953 E.07248
G1 X97.32 Y125.871 E.48334
G1 X97.813 Y126.202 E.05179
G1 X102.152 Y121.863 E.5352
G1 X103.135 Y121.705 E.08684
G1 X98.333 Y126.507 E.59231
G1 X98.874 Y126.79 E.05325
G1 X104.189 Y121.475 E.65559
;WIPE_START
G1 F9600
G1 X101.013 Y124.651 E-.8
;WIPE_END
G1 X105.405 Y120.922 F12000
G1 E.8 F1800
;WIDTH:0.587257
G1 F4901.961
G1 X105.592 Y120.896 E.01441
G1 X105.722 Y120.929 E.01024
;WIDTH:0.623628
G1 F4575.641
G1 X105.517 Y121.052 E.01955
;WIDTH:0.66
G1 F4290.056
G1 X105.313 Y121.175 E.02078
G1 X99.617 Y126.871 E.70258
G1 X99.468 Y127.047 E.02011
;WIDTH:0.623628
G1 F4575.641
G1 X99.318 Y127.223 E.01891
;WIDTH:0.587257
G1 F4901.961
G1 X99.257 Y127.24 E.00483
G1 X99.212 Y127.195 E.00486
G1 X99.228 Y127.133 E.00489
G1 X99.29 Y127.116 E.00491
G1 X99.335 Y127.162 E.00491
;WIPE_START
G1 F9600
G1 X99.29 Y127.116 E-.01146
G1 X99.228 Y127.133 E-.01145
G1 X99.212 Y127.195 E-.01141
G1 X99.257 Y127.24 E-.01134
G1 X99.318 Y127.223 E-.01128
G1 X99.468 Y127.047 E-.04119
G1 X99.617 Y126.871 E-.04108
G1 X102.24 Y124.248 E-.66079
;WIPE_END
G1 X100.505 Y126.746 F12000
G1 E.8 F1800
G1 F4901.961
G1 X100.443 Y126.762 E.00489
G1 X100.398 Y126.717 E.00486
G1 X100.415 Y126.655 E.00491
G1 X100.476 Y126.639 E.00481
G1 X100.522 Y126.684 E.00491
;WIDTH:0.623628
G1 F4575.641
G1 X100.695 Y126.563 E.01726
;WIDTH:0.66
G1 F4290.056
G1 X100.869 Y126.443 E.01844
G1 X106.52 Y120.793 E.69697
G1 X106.748 Y120.684 E.02204
;WIDTH:0.623628
G1 F4575.641
G1 X106.977 Y120.576 E.0207
;WIDTH:0.587257
G1 F4901.961
G1 X106.915 Y120.592 E.00489
G1 X106.87 Y120.547 E.00486
G1 X106.887 Y120.486 E.00483
G1 X106.948 Y120.469 E.00483
G1 X106.993 Y120.514 E.00486
;WIDTH:0.66
G1 F4290.056
G1 X107.841 Y120.295 E.07639
G1 X102.121 Y126.015 E.70554
G1 X101.947 Y126.136 E.01848
;WIDTH:0.623628
G1 F4575.641
G1 X101.773 Y126.256 E.01728
;WIDTH:0.587257
G1 F4901.961
G1 X101.728 Y126.211 E.00486
G1 X101.667 Y126.228 E.00483
G1 X101.65 Y126.289 E.00483
G1 X101.695 Y126.334 E.00486
G1 X101.757 Y126.318 E.00489
;WIPE_START
G1 F9600
G1 X101.695 Y126.334 E-.01141
G1 X101.65 Y126.289 E-.01134
G1 X101.667 Y126.228 E-.01128
G1 X101.728 Y126.211 E-.01128
G1 X101.773 Y126.256 E-.01134
G1 X101.947 Y126.136 E-.03765
G1 X102.121 Y126.015 E-.03775
G1 X104.773 Y123.363 E-.66795
;WIPE_END
G1 X103.009 Y125.89 F12000
G1 E.8 F1800
G1 F4901.961
G1 X102.947 Y125.906 E.00489
G1 X102.902 Y125.861 E.00486
G1 X102.919 Y125.8 E.00483
G1 X102.98 Y125.783 E.00483
G1 X103.025 Y125.828 E.00486
;WIDTH:0.623628
G1 F4575.641
G1 X103.199 Y125.708 E.01728
;WIDTH:0.66
G1 F4290.056
G1 X103.373 Y125.587 E.01848
G1 X109.325 Y119.636 E.7341
;WIPE_START
G1 F9600
G1 X106.149 Y122.812 E-.8
;WIPE_END
G1 X112.848 Y117.242 F12000
G1 E.8 F1800
;WIDTH:0.587257
G1 F4901.961
G1 X111.521 Y118.348 E.13186
;WIDTH:0.623628
G1 F4575.641
G1 X111.315 Y118.512 E.02153
;WIDTH:0.66
G1 F4290.056
G1 X111.109 Y118.675 E.02291
G1 X104.625 Y125.159 E.79978
G1 X104.451 Y125.28 E.01848
;WIDTH:0.623628
G1 F4575.641
G1 X104.277 Y125.4 E.01728
;WIDTH:0.587257
G1 F4901.961
G1 X104.232 Y125.355 E.00486
G1 X104.171 Y125.372 E.00483
G1 X104.154 Y125.433 E.00483
G1 X104.199 Y125.478 E.00486
G1 X104.261 Y125.462 E.00489
;WIPE_START
G1 F9600
G1 X104.199 Y125.478 E-.01141
G1 X104.154 Y125.433 E-.01134
G1 X104.171 Y125.372 E-.01128
G1 X104.232 Y125.355 E-.01128
G1 X104.277 Y125.4 E-.01134
G1 X104.451 Y125.28 E-.03765
G1 X104.625 Y125.159 E-.03775
G1 X107.277 Y122.508 E-.66795
;WIPE_END
G1 X110.758 Y129.574 F12000
G1 E.8 F1800
;WIDTH:0.640617
G1 F4437.66
G1 X109.238 Y130.103 E.1357
G1 X110.903 Y130.396 E.14255
G1 X110.704 Y130.191 E.02409
G1 X110.629 Y130.007 E.01675
G1 X110.712 Y129.8 E.0188
G1 X111.033 Y129.478 E.03834
;WIDTH:0.66
G1 F4290.056
G1 X111.323 Y130 E.05208
G1 X112.261 Y129.061 E.11576
G1 X112.488 Y128.953 E.02193
;WIDTH:0.623628
G1 F4575.641
G1 X112.716 Y128.846 E.0206
;WIDTH:0.587257
G1 F4901.961
G1 X112.654 Y128.862 E.00489
G1 X112.609 Y128.817 E.00486
G1 X112.625 Y128.755 E.00489
G1 X112.687 Y128.739 E.00489
G1 X112.732 Y128.784 E.00486
;WIDTH:0.66
G1 F4290.056
G1 X113.539 Y128.607 E.07206
G1 X111.637 Y130.51 E.23467
G1 X112.344 Y130.626 E.06249
G1 X114.833 Y128.138 E.30695
;WIPE_START
G1 F9600
G1 X112.344 Y130.626 E-.62687
G1 X111.637 Y130.51 E-.12762
G1 X111.818 Y130.329 E-.04551
;WIPE_END
G1 X116.625 Y127.357 F12000
G1 E.8 F1800
;WIDTH:0.587257
G1 F4901.961
G1 X116.58 Y127.312 E.00486
G1 X116.519 Y127.329 E.00483
G1 X116.502 Y127.39 E.00483
G1 X116.547 Y127.435 E.00486
G1 X116.609 Y127.419 E.00489
;WIDTH:0.623628
G1 F4575.641
G1 X116.38 Y127.531 E.02085
;WIDTH:0.66
G1 F4290.056
G1 X116.152 Y127.643 E.02216
G1 X113.055 Y130.74 E.38201
G1 X113.765 Y130.854 E.06272
G1 X117.51 Y127.109 E.46193
G1 X117.739 Y126.994 E.02235
;WIDTH:0.623628
G1 F4575.641
G1 X117.967 Y126.878 E.02092
;WIDTH:0.587257
G1 F4901.961
G1 X117.906 Y126.895 E.00483
G1 X117.861 Y126.85 E.00486
G1 X117.877 Y126.788 E.00489
G1 X117.939 Y126.772 E.00489
G1 X117.984 Y126.817 E.00486
;WIDTH:0.66
G1 F4290.056
G1 X118.935 Y126.508 E.08721
G1 X114.479 Y130.964 E.54963
G1 X115.194 Y131.073 E.06308
G1 X120.52 Y125.747 E.65695
;WIPE_START
G1 F9600
G1 X117.344 Y128.923 E-.8
;WIPE_END
G1 X104.673 Y145.853 F12000
G1 E.8 F1800
;WIDTH:0.587257
G1 F4901.961
G1 X104.22 Y146.253 E.04613
G1 X103.941 Y146.56 E.03167
;WIDTH:0.66
G1 F4290.056
G1 X103.813 Y147.398 E.07394
G1 X106.088 Y145.124 E.28055
;WIPE_START
G1 F9600
G1 X103.813 Y147.398 E-.57296
G1 X103.941 Y146.56 E-.151
G1 X104.22 Y146.253 E-.07389
G1 X104.229 Y146.245 E-.00215
;WIPE_END
G1 X107.741 Y144.295 F12000
G1 E.8 F1800
G1 F4290.056
G1 X103.783 Y148.253 E.48821
G1 X103.808 Y149.052 E.06972
G1 X108.97 Y143.89 E.63672
;WIPE_START
G1 F9600
G1 X105.795 Y147.066 E-.8
;WIPE_END
G1 X108.965 Y145.46 F12000
G1 E.8 F1800
;WIDTH:0.587257
G1 F4901.961
G1 X109.838 Y144.384 E.10577
;WIDTH:0.623628
G1 F4575.641
G1 X109.597 Y144.356 E.01984
;WIDTH:0.66
G1 F4290.056
G1 X109.357 Y144.328 E.02107
G1 X103.869 Y149.815 E.67687
G1 X103.941 Y150.567 E.06589
G1 X108.636 Y145.872 E.57911
;WIPE_START
G1 F9600
G1 X105.46 Y149.048 E-.8
;WIPE_END
G1 X110.499 Y143.057 F12000
G1 E.8 F1800
;WIDTH:0.619625
G1 F4609.416
G1 X110.071 Y143.237 E.03769
;WIDTH:0.654824
G1 F4328.502
G1 X109.428 Y143.531 E.06112
G1 X109.704 Y143.831 E.03524
G1 X109.876 Y144.229 E.03748
;WIDTH:0.606197
G1 F4726.433
G1 X109.838 Y144.384 E.01263
;WIDTH:0.614717
G1 F4651.509
G1 X109.907 Y144.175 E.0177
;WIDTH:0.654824
G1 F4328.502
G1 X110.102 Y143.857 E.03225
G1 X110.544 Y143.603 E.04407
;WIDTH:0.619625
G1 F4609.416
G1 X110.444 Y143.436 E.0158
G1 X110.519 Y143.194 E.02057
G1 X110.768 Y142.945 E.02859
;WIDTH:0.66
G1 F4290.056
G1 X111.123 Y143.386 E.04938
G1 X112.08 Y142.429 E.11804
G1 X112.308 Y142.316 E.02219
;WIDTH:0.623628
G1 F4575.641
G1 X112.537 Y142.203 E.02088
;WIDTH:0.587257
G1 F4901.961
G1 X112.475 Y142.22 E.00491
G1 X112.43 Y142.175 E.00486
G1 X112.447 Y142.113 E.00491
G1 X112.508 Y142.097 E.00481
G1 X112.553 Y142.142 E.00486
;WIDTH:0.66
G1 F4290.056
G1 X113.438 Y141.894 E.08016
G1 X111.943 Y143.389 E.1844
G1 X112.584 Y143.572 E.05814
G1 X114.774 Y141.383 E.27007
;WIPE_START
G1 F9600
G1 X112.584 Y143.572 E-.55155
G1 X111.943 Y143.389 E-.11874
G1 X112.458 Y142.874 E-.12971
;WIPE_END
G1 X116.092 Y140.889 F12000
G1 E.8 F1800
G1 F4290.056
G1 X113.203 Y143.778 E.35635
G1 X113.836 Y143.969 E.05767
G1 X116.963 Y140.842 E.38571
G1 X117.032 Y140.663 E.01673
;WIDTH:0.623628
G1 F4575.641
G1 X117.101 Y140.484 E.01569
;WIDTH:0.587257
G1 F4901.961
G1 X117.04 Y140.5 E.00481
G1 X116.995 Y140.455 E.00486
G1 X117.011 Y140.394 E.00481
G1 X117.073 Y140.377 E.00491
G1 X117.118 Y140.422 E.00486
;WIPE_START
G1 F9600
G1 X117.073 Y140.377 E-.01134
G1 X117.011 Y140.394 E-.01145
G1 X116.995 Y140.455 E-.01123
G1 X117.04 Y140.5 E-.01134
G1 X117.101 Y140.484 E-.01123
G1 X117.032 Y140.663 E-.03417
G1 X116.963 Y140.842 E-.03417
G1 X114.283 Y143.522 E-.67507
;WIPE_END
G1 X116.825 Y141.907 F12000
G1 E.8 F1800
;WIDTH:0.805619
G1 F3432.359
G1 X116.725 Y142.507 E.06631
G1 X116.56 Y142.99 E.05564
G1 X116.314 Y143.446 E.05648
;WIDTH:0.821476
G1 F3359.226
G1 X116.092 Y143.701 E.03766
G1 X115.812 Y143.935 E.04065
;WIDTH:0.801088
G1 F3453.845
G1 X115.474 Y144.075 E.03963
G1 X115.001 Y144.118 E.05145
G1 X114.651 Y144.077 E.03818
G1 X115.341 Y143.388 E.10564
;WIDTH:0.805619
G1 F3432.359
G1 X116.619 Y142.113 E.1968
;WIPE_START
G1 F9600
G1 X115.341 Y143.388 E-.32156
G1 X114.651 Y144.077 E-.17369
G1 X115.001 Y144.118 E-.06277
G1 X115.474 Y144.075 E-.0846
G1 X115.812 Y143.935 E-.06517
G1 X116.092 Y143.701 E-.065
G1 X116.192 Y143.586 E-.02721
;WIPE_END
G1 X57.618 Y60.114 F12000
G1 E.8 F1800
;WIDTH:0.801397
G1 F3452.371
G1 X57.53 Y60.138 E.00989
G1 X57.466 Y60.074 E.00981
G1 X57.49 Y59.986 E.00989
G1 X57.577 Y59.963 E.00975
G1 X57.641 Y60.027 E.00981
;WIDTH:0.66
G1 F4290.056
G1 X57.483 Y61.045 E.08985
G1 X58.549 Y59.979 E.13149
G1 X58.683 Y59.878 E.01464
;WIDTH:0.623628
G1 F4575.641
G1 X58.817 Y59.776 E.01377
;WIDTH:0.587257
G1 F4901.961
G1 X58.756 Y59.792 E.00481
G1 X58.711 Y59.747 E.00486
G1 X58.727 Y59.686 E.00481
G1 X58.789 Y59.669 E.00491
G1 X58.834 Y59.714 E.00486
;WIDTH:0.66
G1 F4290.056
G1 X59.373 Y59.979 E.05239
G1 X57.483 Y61.869 E.23313
G1 X57.483 Y62.693 E.07187
G1 X60.197 Y59.979 E.33476
G1 X61.021 Y59.979 E.07187
G1 X57.483 Y63.517 E.4364
G1 X57.483 Y64.342 E.07196
G1 X61.845 Y59.979 E.5381
G1 X62.669 Y59.979 E.07187
G1 X57.483 Y65.166 E.63974
G1 X57.483 Y65.99 E.07187
G1 X63.493 Y59.979 E.74138
G1 X64.317 Y59.979 E.07187
G1 X57.483 Y66.814 E.84302
G1 X57.483 Y67.638 E.07187
G1 X65.142 Y59.979 E.94471
G1 X65.966 Y59.979 E.07187
G1 X57.483 Y68.462 E1.04635
G1 X57.483 Y69.287 E.07196
G1 X66.79 Y59.979 E1.14805
G1 X67.614 Y59.979 E.07187
G1 X57.483 Y70.111 E1.24969
G1 X57.483 Y70.935 E.07187
G1 X68.438 Y59.979 E1.35133
G1 X69.262 Y59.979 E.07187
G1 X57.483 Y71.759 E1.45297
G1 X57.483 Y72.583 E.07187
G1 X70.086 Y59.979 E1.5546
G1 X70.91 Y59.979 E.07187
G1 X57.483 Y73.407 E1.65624
G1 X57.483 Y74.231 E.07187
G1 X71.735 Y59.979 E1.75794
G1 X72.559 Y59.979 E.07187
G1 X57.483 Y75.056 E1.85964
G1 X57.483 Y75.88 E.07187
G1 X73.383 Y59.979 E1.96128
G1 X74.207 Y59.979 E.07187
G1 X57.482 Y76.704 E2.06298
G1 X57.482 Y77.528 E.07187
G1 X75.031 Y59.979 E2.16462
G1 X75.855 Y59.979 E.07187
G1 X57.482 Y78.352 E2.26625
G1 X57.482 Y79.176 E.07187
G1 X76.679 Y59.979 E2.36789
G1 X77.503 Y59.979 E.07187
G1 X57.482 Y80.001 E2.46959
G1 X57.482 Y80.825 E.07187
G1 X78.328 Y59.979 E2.57129
G1 X79.152 Y59.979 E.07187
G1 X57.482 Y81.649 E2.67293
G1 X57.482 Y82.473 E.07187
G1 X79.976 Y59.979 E2.77457
G1 X80.8 Y59.979 E.07187
G1 X57.482 Y83.297 E2.87621
G1 X57.482 Y84.121 E.07187
G1 X81.624 Y59.979 E2.97784
G1 X82.448 Y59.979 E.07187
G1 X57.482 Y84.945 E3.07948
G1 X57.482 Y85.77 E.07196
G1 X83.272 Y59.979 E3.18118
G1 X84.096 Y59.979 E.07187
G1 X57.482 Y86.594 E3.28282
G1 X57.482 Y87.418 E.07187
G1 X84.921 Y59.979 E3.38452
G1 X85.745 Y59.979 E.07187
G1 X57.482 Y88.242 E3.48616
G1 X57.482 Y89.066 E.07187
G1 X86.569 Y59.979 E3.58779
G1 X87.393 Y59.979 E.07187
G1 X57.482 Y89.89 E3.68943
G1 X57.482 Y90.714 E.07187
G1 X88.217 Y59.979 E3.79107
G1 X89.041 Y59.979 E.07187
G1 X57.482 Y91.539 E3.89277
G1 X57.482 Y92.363 E.07187
G1 X89.865 Y59.979 E3.99441
G1 X90.689 Y59.979 E.07187
G1 X57.482 Y93.187 E4.09605
G1 X57.482 Y94.011 E.07187
G1 X91.514 Y59.979 E4.19775
G1 X92.338 Y59.979 E.07187
G1 X57.482 Y94.835 E4.29938
G1 X57.482 Y95.659 E.07187
G1 X93.162 Y59.979 E4.40102
G1 X93.986 Y59.979 E.07187
G1 X57.482 Y96.484 E4.50272
G1 X57.482 Y97.308 E.07187
G1 X94.81 Y59.979 E4.60436
G1 X95.634 Y59.979 E.07187
G1 X57.482 Y98.132 E4.706
G1 X57.482 Y98.956 E.07187
G1 X96.458 Y59.979 E4.80763
G1 X97.282 Y59.979 E.07187
G1 X57.482 Y99.78 E4.90927
G1 X57.482 Y100.604 E.07187
G1 X98.107 Y59.979 E5.01097
G1 X98.931 Y59.979 E.07187
G1 X57.482 Y101.428 E5.11261
G1 X57.482 Y102.253 E.07196
G1 X99.755 Y59.979 E5.21431
G1 X100.579 Y59.979 E.07187
G1 X57.482 Y103.077 E5.31595
G1 X57.481 Y103.901 E.07187
G1 X101.403 Y59.979 E5.41765
G1 X102.227 Y59.979 E.07187
G1 X57.481 Y104.725 E5.51928
G1 X57.481 Y105.549 E.07187
G1 X103.051 Y59.979 E5.62092
G1 X103.875 Y59.979 E.07187
G1 X57.481 Y106.373 E5.72256
G1 X57.481 Y107.198 E.07196
G1 X104.7 Y59.979 E5.82432
G1 X105.524 Y59.979 E.07187
G1 X57.481 Y108.022 E5.92596
G1 X57.481 Y108.846 E.07187
G1 X106.348 Y59.979 E6.0276
G1 X107.172 Y59.979 E.07187
G1 X57.481 Y109.67 E6.12924
;WIPE_START
G1 F9600
G1 X60.657 Y106.494 E-.8
;WIPE_END
G1 X57.372 Y110.89 F12000
G1 E.8 F1800
;WIDTH:0.587257
G1 F4901.961
G1 X57.327 Y110.845 E.00486
G1 X57.265 Y110.861 E.00489
G1 X57.249 Y110.923 E.00489
G1 X57.294 Y110.968 E.00486
G1 X57.356 Y110.951 E.00491
;WIDTH:0.623628
G1 F4575.641
G1 X57.418 Y110.723 E.01932
;WIDTH:0.66
G1 F4290.056
G1 X57.481 Y110.494 E.02072
G1 X107.996 Y59.979 E6.23087
G1 X108.82 Y59.979 E.07187
G1 X101.746 Y67.054 E.87262
G1 X101.333 Y67.344 E.04402
;WIDTH:0.587257
G1 F4901.961
G1 X100.856 Y67.764 E.04851
G1 X100.391 Y68.314 E.05498
;WIDTH:0.623628
G1 F4575.641
G1 X100.232 Y68.52 E.02128
;WIDTH:0.66
G1 F4290.056
G1 X100.073 Y68.726 E.0227
G1 X57.481 Y111.318 E5.2536
G1 X57.481 Y112.142 E.07187
G1 X99.065 Y70.559 E5.1292
;WIDTH:0.623628
G1 F4575.641
G1 X99.248 Y70.376 E.02116
;WIDTH:0.587257
G1 F4901.961
G1 X99.186 Y70.392 E.00489
G1 X99.141 Y70.347 E.00486
G1 X99.158 Y70.285 E.00491
G1 X99.219 Y70.269 E.00481
G1 X99.264 Y70.314 E.00486
;WIPE_START
G1 F9600
G1 X99.219 Y70.269 E-.01134
G1 X99.158 Y70.285 E-.01123
G1 X99.141 Y70.347 E-.01145
G1 X99.186 Y70.392 E-.01134
G1 X99.248 Y70.376 E-.01141
G1 X99.065 Y70.559 E-.0461
G1 X96.298 Y73.326 E-.69713
;WIPE_END
G1 X97.956 Y72.445 F12000
G1 E.8 F1800
G1 F4901.961
G1 X97.911 Y72.4 E.00486
G1 X97.85 Y72.416 E.00481
G1 X97.833 Y72.478 E.00491
G1 X97.878 Y72.523 E.00486
G1 X97.94 Y72.507 E.00489
;WIDTH:0.623628
G1 F4575.641
G1 X97.757 Y72.69 E.02116
;WIDTH:0.66
G1 F4290.056
G1 X57.481 Y112.967 E4.96799
G1 X57.481 Y113.791 E.07187
G1 X96.739 Y74.521 E4.8431
;WIDTH:0.623628
G1 F4575.641
G1 X96.911 Y74.338 E.02054
;WIDTH:0.587257
G1 F4901.961
G1 X96.849 Y74.354 E.00489
G1 X96.804 Y74.309 E.00486
G1 X96.821 Y74.248 E.00483
G1 X96.882 Y74.231 E.00483
G1 X96.928 Y74.276 E.00491
;WIPE_START
G1 F9600
G1 X96.882 Y74.231 E-.01146
G1 X96.821 Y74.248 E-.01128
G1 X96.804 Y74.309 E-.01128
G1 X96.849 Y74.354 E-.01134
G1 X96.911 Y74.338 E-.01141
G1 X96.739 Y74.521 E-.04473
G1 X93.967 Y77.294 E-.6985
;WIPE_END
G1 X96.379 Y75.599 F12000
G1 E.8 F1800
G1 F4901.961
G1 X96.333 Y75.554 E.00491
G1 X96.272 Y75.57 E.00481
G1 X96.255 Y75.632 E.00491
G1 X96.3 Y75.677 E.00486
G1 X96.362 Y75.66 E.00491
;WIDTH:0.623628
G1 F4575.641
G1 X96.215 Y75.844 E.01926
;WIDTH:0.66
G1 F4290.056
G1 X96.069 Y76.027 E.02042
G1 X57.481 Y114.615 E4.75971
G1 X57.481 Y115.439 E.07187
G1 X95.938 Y76.983 E4.74349
G1 X96.004 Y77.74 E.06628
G1 X57.481 Y116.263 E4.7517
G1 X57.481 Y117.087 E.07187
G1 X96.203 Y78.366 E4.77618
G1 X96.502 Y78.891 E.0527
G1 X57.481 Y117.912 E4.81312
G1 X57.481 Y118.736 E.07187
G1 X96.883 Y79.334 E4.86012
G1 X97.339 Y79.701 E.05105
G1 X57.481 Y119.56 E4.91643
G1 X57.481 Y120.384 E.07187
G1 X97.876 Y79.989 E4.9826
G1 X98.495 Y80.194 E.05687
G1 X57.481 Y121.208 E5.05895
G1 X57.481 Y122.032 E.07187
G1 X99.211 Y80.302 E5.14727
G1 X100.042 Y80.295 E.07248
G1 X57.481 Y122.856 E5.24977
G1 X57.481 Y123.681 E.07196
G1 X101.006 Y80.156 E5.36868
;WIPE_START
G1 F9600
G1 X97.83 Y83.332 E-.8
;WIPE_END
G1 X103.394 Y79.487 F12000
G1 E.8 F1800
;WIDTH:0.709411
G1 F3954.732
G1 X103.145 Y79.574 E.02496
;WIDTH:0.711333
G1 F3942.745
G1 X102.602 Y79.765 E.05463
;WIDTH:0.759521
G1 F3664.271
G1 X102.185 Y79.91 E.04508
;WIDTH:0.807709
G1 F3422.538
G1 X101.769 Y80.055 E.04816
G1 X101.731 Y80.107 E.00704
;WIDTH:0.763618
G1 F3642.395
G1 X101.693 Y80.16 E.0067
;WIDTH:0.719528
G1 F3892.437
G1 X101.656 Y80.213 E.00621
;WIDTH:0.675438
G1 F4179.338
G1 X101.618 Y80.266 E.00584
;WIDTH:0.631347
G1 F4511.899
G1 X101.581 Y80.319 E.00536
;WIDTH:0.587257
G1 F4901.961
G1 X101.474 Y80.406 E.01053
G1 X100.911 Y81.004 E.06269
;WIDTH:0.623628
G1 F4575.641
G1 X100.741 Y81.21 E.02184
;WIDTH:0.66
G1 F4290.056
G1 X100.57 Y81.416 E.02335
G1 X57.481 Y124.505 E5.3149
G1 X57.481 Y125.329 E.07187
G1 X99.246 Y83.567 E5.1514
;WIDTH:0.623628
G1 F4575.641
G1 X99.434 Y83.383 E.02151
;WIDTH:0.587257
G1 F4901.961
G1 X99.372 Y83.4 E.00491
G1 X99.327 Y83.355 E.00486
G1 X99.343 Y83.293 E.00489
G1 X99.405 Y83.277 E.00489
G1 X99.45 Y83.322 E.00486
;WIPE_START
G1 F9600
G1 X99.405 Y83.277 E-.01134
G1 X99.343 Y83.293 E-.01141
G1 X99.327 Y83.355 E-.01141
G1 X99.372 Y83.4 E-.01134
G1 X99.434 Y83.383 E-.01145
G1 X99.246 Y83.567 E-.04686
G1 X96.482 Y86.331 E-.69619
;WIPE_END
G1 X98.203 Y85.381 F12000
G1 E.8 F1800
G1 F4901.961
G1 X98.158 Y85.336 E.00486
G1 X98.097 Y85.352 E.00481
G1 X98.08 Y85.414 E.00491
G1 X98.125 Y85.459 E.00486
G1 X98.187 Y85.442 E.00491
;WIDTH:0.623628
G1 F4575.641
G1 X98.006 Y85.626 E.02111
;WIDTH:0.66
G1 F4290.056
G1 X57.481 Y126.153 E4.99876
G1 X57.481 Y126.977 E.07187
G1 X96.993 Y87.457 E4.87418
;WIDTH:0.623628
G1 F4575.641
G1 X97.168 Y87.273 E.02077
;WIDTH:0.587257
G1 F4901.961
G1 X97.106 Y87.29 E.00491
G1 X97.061 Y87.245 E.00486
G1 X97.078 Y87.183 E.00491
G1 X97.139 Y87.167 E.00481
G1 X97.184 Y87.212 E.00486
;WIPE_START
G1 F9600
G1 X97.139 Y87.167 E-.01134
G1 X97.078 Y87.183 E-.01123
G1 X97.061 Y87.245 E-.01145
G1 X97.106 Y87.29 E-.01134
G1 X97.168 Y87.273 E-.01145
G1 X96.993 Y87.457 E-.04523
G1 X94.223 Y90.228 E-.69796
;WIPE_END
G1 X96.393 Y88.81 F12000
G1 E.8 F1800
G1 F4901.961
G1 X96.348 Y88.765 E.00486
G1 X96.286 Y88.781 E.00489
G1 X96.27 Y88.843 E.00489
G1 X96.315 Y88.888 E.00486
G1 X96.376 Y88.872 E.00481
;WIDTH:0.623628
G1 F4575.641
G1 X96.21 Y89.055 E.0202
;WIDTH:0.66
G1 F4290.056
G1 X57.481 Y127.801 E4.77815
G1 X57.481 Y128.626 E.07196
G1 X95.797 Y90.309 E4.72623
G1 X95.88 Y91.05 E.06503
G1 X57.481 Y129.45 E4.73646
G1 X57.481 Y130.274 E.07187
G1 X96.15 Y91.604 E4.76977
G1 X96.531 Y92.048 E.05103
G1 X57.48 Y131.098 E4.81676
G1 X57.48 Y131.922 E.07187
G1 X96.997 Y92.405 E4.8743
G1 X97.56 Y92.667 E.05416
G1 X57.48 Y132.746 E4.94369
G1 X57.48 Y133.57 E.07187
G1 X98.166 Y92.885 E5.01843
G1 X98.836 Y93.039 E.05996
G1 X57.48 Y134.395 E5.10114
G1 X57.48 Y135.219 E.07187
G1 X99.595 Y93.104 E5.19476
;WIPE_START
G1 F9600
G1 X96.419 Y96.28 E-.8
;WIPE_END
G1 X106.947 Y90.909 F12000
G1 E.8 F1800
;WIDTH:0.743066
G1 F3754.831
G1 X103.67 Y92.117 E.34804
;WIDTH:0.757474
G1 F3675.297
G1 X102.224 Y92.631 E.15624
;WIDTH:0.773757
G1 F3589.375
G1 X101.615 Y92.832 E.06685
;WIDTH:0.814849
G1 F3389.408
G1 X100.892 Y93.037 E.08296
;WIDTH:0.84324
G1 F3263.78
G1 X100.372 Y93.142 E.06082
G1 X100.336 Y93.317 E.02048
G1 X99.228 Y94.424 E.17956
G1 X100.809 Y93.837 E.19334
G1 X101.306 Y93.671 E.06007
;WIDTH:0.809293
G1 F3415.133
G1 X101.803 Y93.504 E.05745
;WIDTH:0.775346
G1 F3581.205
G1 X102.444 Y93.275 E.07112
;WIDTH:0.757474
G1 F3675.297
G1 X103.896 Y92.744 E.1574
;WIDTH:0.743066
G1 F3754.831
G1 X107.45 Y91.426 E.37773
;WIDTH:0.736967
G1 F3789.544
G1 X107.56 Y91.385 E.01159
G1 X108.083 Y90.49 E.10235
G1 X107.221 Y90.808 E.09072
;WIPE_START
G1 F9600
G1 X108.083 Y90.49 E-.16366
G1 X107.56 Y91.385 E-.18465
G1 X107.45 Y91.426 E-.02091
G1 X105.182 Y92.267 E-.43078
;WIPE_END
G1 X105.752 Y78.55 F12000
G1 E.8 F1800
;WIDTH:0.66
G1 F4290.056
G1 X104.274 Y79.129 E.13845
;WIDTH:0.709411
G1 F3954.732
G1 X103.394 Y79.487 E.08989
G1 X103.901 Y79.449 E.0481
;WIDTH:0.667301
G1 F4236.972
G1 X104.371 Y79.496 E.04171
;WIDTH:0.66
G1 F4290.056
G1 X104.926 Y79.647 E.05017
G1 X105.487 Y79.953 E.05574
G1 X105.853 Y80.306 E.04435
G1 X106.14 Y80.826 E.0518
G1 X106.267 Y81.29 E.04196
G1 X106.279 Y81.475 E.01617
G1 X108.839 Y78.915 E.31577
G1 X108.599 Y78.371 E.05186
G1 X108.505 Y77.921 E.0401
G1 X108.496 Y77.515 E.03542
G1 X106.024 Y78.443 E.2303
G1 X106.232 Y78.988 E.05088
G1 X107.987 Y78.33 E.16348
G1 X108.143 Y78.787 E.04212
G1 X106.559 Y80.371 E.19538
G1 X106.421 Y80.106 E.02606
G1 X105.965 Y79.591 E.06
G1 X105.483 Y79.281 E.04998
G1 X105.961 Y79.094 E.04477
G1 X106.722 Y79.435 E.07273
;WIDTH:0.661629
G1 F4278.097
G1 X106.67 Y79.383 E.00643
G1 X106.599 Y79.402 E.00643
G1 X106.581 Y79.473 E.00641
G1 X106.632 Y79.524 E.00631
G1 X106.703 Y79.506 E.00641
;WIPE_START
G1 F9600
G1 X106.632 Y79.524 E-.01305
G1 X106.581 Y79.473 E-.01285
G1 X106.599 Y79.402 E-.01305
G1 X106.67 Y79.383 E-.01309
G1 X106.722 Y79.435 E-.0131
G1 X105.961 Y79.094 E-.14854
G1 X105.483 Y79.281 E-.09143
G1 X105.965 Y79.591 E-.10208
G1 X106.421 Y80.106 E-.12253
G1 X106.559 Y80.371 E-.05322
G1 X107.421 Y79.509 E-.21706
;WIPE_END
G1 X109.245 Y79.334 F12000
G1 E.8 F1800
;WIDTH:0.66
G1 F4290.056
G1 X106.278 Y82.3 E.36591
G1 X106.185 Y82.498 E.01908
;WIDTH:0.623628
G1 F4575.641
G1 X106.093 Y82.696 E.01785
;WIDTH:0.587257
G1 F4901.961
G1 X106.048 Y82.651 E.00486
G1 X105.986 Y82.667 E.00489
G1 X105.97 Y82.729 E.00489
G1 X106.015 Y82.774 E.00486
G1 X106.076 Y82.758 E.00481
;WIPE_START
G1 F9600
G1 X106.015 Y82.774 E-.01123
G1 X105.97 Y82.729 E-.01134
G1 X105.986 Y82.667 E-.01141
G1 X106.048 Y82.651 E-.01141
G1 X106.093 Y82.696 E-.01134
G1 X106.185 Y82.498 E-.03889
G1 X106.278 Y82.3 E-.03897
G1 X108.92 Y79.659 E-.66541
;WIPE_END
G1 X105.315 Y84.202 F12000
G1 E.8 F1800
G1 F4901.961
G1 X105.253 Y84.219 E.00491
G1 X105.208 Y84.173 E.00491
G1 X105.225 Y84.112 E.00483
G1 X105.286 Y84.095 E.00483
G1 X105.331 Y84.14 E.00486
;WIDTH:0.623628
G1 F4575.641
G1 X105.458 Y83.979 E.01677
;WIDTH:0.66
G1 F4290.056
G1 X105.585 Y83.817 E.01795
G1 X109.754 Y79.648 E.51423
G1 X110.356 Y79.871 E.05599
G1 X106.782 Y83.444 E.44078
G1 X106.607 Y83.571 E.01886
;WIDTH:0.623628
G1 F4575.641
G1 X106.432 Y83.697 E.01763
;WIDTH:0.587257
G1 F4901.961
G1 X106.387 Y83.652 E.00486
G1 X106.325 Y83.668 E.00489
G1 X106.309 Y83.73 E.00489
G1 X106.354 Y83.775 E.00486
G1 X106.415 Y83.758 E.00483
;WIPE_START
G1 F9600
G1 X106.354 Y83.775 E-.01128
G1 X106.309 Y83.73 E-.01134
G1 X106.325 Y83.668 E-.01141
G1 X106.387 Y83.652 E-.01141
G1 X106.432 Y83.697 E-.01134
G1 X106.607 Y83.571 E-.03841
G1 X106.782 Y83.444 E-.03852
G1 X109.427 Y80.8 E-.66629
;WIPE_END
G1 X107.786 Y83.214 F12000
G1 E.8 F1800
G1 F4901.961
G1 X107.725 Y83.231 E.00483
G1 X107.68 Y83.186 E.00486
G1 X107.696 Y83.124 E.00489
G1 X107.758 Y83.108 E.00489
G1 X107.803 Y83.153 E.00486
;WIDTH:0.623628
G1 F4575.641
G1 X107.978 Y83.025 E.01773
;WIDTH:0.66
G1 F4290.056
G1 X108.153 Y82.898 E.01886
G1 X111.14 Y79.91 E.3685
G1 X112.115 Y79.76 E.08604
G1 X109.526 Y82.35 E.31941
G1 X109.35 Y82.477 E.01893
;WIDTH:0.623628
G1 F4575.641
G1 X109.175 Y82.605 E.01773
;WIDTH:0.587257
G1 F4901.961
G1 X109.13 Y82.56 E.00486
G1 X109.068 Y82.576 E.00489
G1 X109.052 Y82.638 E.00489
G1 X109.097 Y82.683 E.00486
G1 X109.159 Y82.666 E.00491
;WIPE_START
G1 F9600
G1 X109.097 Y82.683 E-.01145
G1 X109.052 Y82.638 E-.01134
G1 X109.068 Y82.576 E-.01141
G1 X109.13 Y82.56 E-.01141
G1 X109.175 Y82.605 E-.01134
G1 X109.35 Y82.477 E-.03862
G1 X109.526 Y82.35 E-.03866
G1 X112.115 Y79.76 E-.65231
G1 X112.04 Y79.772 E-.01346
;WIPE_END
G1 X110.531 Y82.118 F12000
G1 E.8 F1800
G1 F4901.961
G1 X110.469 Y82.135 E.00491
G1 X110.424 Y82.09 E.00486
G1 X110.44 Y82.028 E.00489
G1 X110.502 Y82.011 E.00491
G1 X110.547 Y82.057 E.00491
;WIDTH:0.623628
G1 F4575.641
G1 X110.722 Y81.929 E.01773
;WIDTH:0.66
G1 F4290.056
G1 X110.898 Y81.802 E.01893
G1 X120.023 Y72.676 E1.1256
G1 X120.626 Y72.897 E.05601
G1 X112.261 Y81.262 E1.0318
G1 X112.086 Y81.389 E.01886
;WIDTH:0.623628
G1 F4575.641
G1 X111.911 Y81.516 E.01768
;WIDTH:0.587257
G1 F4901.961
G1 X111.865 Y81.471 E.00491
G1 X111.804 Y81.488 E.00483
G1 X111.787 Y81.549 E.00483
G1 X111.832 Y81.594 E.00486
G1 X111.894 Y81.578 E.00489
;WIPE_START
G1 F9600
G1 X111.832 Y81.594 E-.01141
G1 X111.787 Y81.549 E-.01134
G1 X111.804 Y81.488 E-.01128
G1 X111.865 Y81.471 E-.01128
G1 X111.911 Y81.516 E-.01146
G1 X112.086 Y81.389 E-.03852
G1 X112.261 Y81.262 E-.03852
G1 X114.906 Y78.617 E-.66619
;WIPE_END
G1 X113.594 Y80.976 F12000
G1 E.8 F1800
G1 F4901.961
G1 X113.422 Y81.031 E.01378
G1 X113.194 Y81.009 E.01748
;WIDTH:0.623628
G1 F4575.641
G1 X113.4 Y80.875 E.0201
;WIDTH:0.66
G1 F4290.056
G1 X113.606 Y80.741 E.02143
G1 X121.269 Y73.078 E.94521
G1 X121.974 Y73.197 E.06236
G1 X114.711 Y80.46 E.89587
G1 X115.516 Y80.48 E.07023
G1 X122.943 Y73.052 E.91616
;WIPE_START
G1 F9600
G1 X119.767 Y76.228 E-.8
;WIPE_END
G1 X109.644 Y59.979 F12000
G1 E.8 F1800
G1 F4290.056
G1 X102.858 Y66.766 E.83709
G1 X103.792 Y66.656 E.08203
G1 X110.468 Y59.979 E.82353
G1 X111.293 Y59.979 E.07196
G1 X104.458 Y66.814 E.84308
G1 X105.024 Y67.072 E.05425
G1 X112.117 Y59.979 E.8749
G1 X112.941 Y59.979 E.07187
G1 X105.474 Y67.447 E.92109
G1 X105.788 Y67.956 E.05216
G1 X113.765 Y59.979 E.98394
G1 X114.589 Y59.979 E.07187
G1 X105.962 Y68.606 E1.06411
;WIPE_START
G1 F9600
G1 X109.138 Y65.43 E-.8
;WIPE_END
G1 X105.787 Y69.822 F12000
G1 E.8 F1800
;WIDTH:0.587257
G1 F4901.961
G1 X105.741 Y69.777 E.00491
G1 X105.68 Y69.793 E.00481
G1 X105.663 Y69.855 E.00491
G1 X105.708 Y69.9 E.00486
G1 X105.77 Y69.883 E.00491
;WIDTH:0.623628
G1 F4575.641
G1 X105.868 Y69.655 E.02029
;WIDTH:0.66
G1 F4290.056
G1 X105.966 Y69.426 E.02173
G1 X115.413 Y59.979 E1.16526
G1 X116.237 Y59.979 E.07187
G1 X105.281 Y70.935 E1.35139
G1 X105.124 Y71.113 E.0207
;WIDTH:0.623628
G1 F4575.641
G1 X104.968 Y71.29 E.01929
;WIDTH:0.587257
G1 F4901.961
G1 X105.111 Y71.28 E.01094
G1 X106.157 Y70.955 E.08361
;WIDTH:0.66
G1 F4290.056
G1 X106.389 Y70.652 E.03328
G1 X117.061 Y59.979 E1.31642
G1 X117.885 Y59.979 E.07187
G1 X107.685 Y70.18 E1.2582
G1 X107.511 Y70.303 E.01859
;WIDTH:0.623628
G1 F4575.641
G1 X107.337 Y70.426 E.01743
;WIDTH:0.587257
G1 F4901.961
G1 X107.292 Y70.381 E.00486
G1 X107.231 Y70.398 E.00483
G1 X107.214 Y70.459 E.00483
G1 X107.259 Y70.504 E.00486
G1 X107.321 Y70.488 E.00489
;WIPE_START
G1 F9600
G1 X107.259 Y70.504 E-.01141
G1 X107.214 Y70.459 E-.01134
G1 X107.231 Y70.398 E-.01128
G1 X107.292 Y70.381 E-.01128
G1 X107.337 Y70.426 E-.01134
G1 X107.511 Y70.303 E-.03796
G1 X107.685 Y70.18 E-.03796
G1 X110.335 Y67.53 E-.66743
;WIPE_END
G1 X108.617 Y70.016 F12000
G1 E.8 F1800
G1 F4901.961
G1 X108.555 Y70.033 E.00491
G1 X108.51 Y69.987 E.00491
G1 X108.527 Y69.926 E.00483
G1 X108.588 Y69.909 E.00483
G1 X108.633 Y69.954 E.00486
;WIDTH:0.623628
G1 F4575.641
G1 X108.807 Y69.831 E.01743
;WIDTH:0.66
G1 F4290.056
G1 X108.981 Y69.708 E.01859
G1 X118.71 Y59.979 E1.20004
G1 X119.534 Y59.979 E.07187
G1 X110.277 Y69.236 E1.14182
G1 X110.103 Y69.359 E.01859
;WIDTH:0.623628
G1 F4575.641
G1 X109.929 Y69.483 E.01747
;WIDTH:0.587257
G1 F4901.961
G1 X109.884 Y69.438 E.00486
G1 X109.823 Y69.454 E.00481
G1 X109.806 Y69.516 E.00491
G1 X109.851 Y69.561 E.00486
G1 X109.913 Y69.544 E.00491
;WIPE_START
G1 F9600
G1 X109.851 Y69.561 E-.01145
G1 X109.806 Y69.516 E-.01134
G1 X109.823 Y69.454 E-.01145
G1 X109.884 Y69.438 E-.01123
G1 X109.929 Y69.483 E-.01134
G1 X110.103 Y69.359 E-.03806
G1 X110.277 Y69.236 E-.03796
G1 X112.925 Y66.588 E-.66717
;WIPE_END
G1 X111.209 Y69.072 F12000
G1 E.8 F1800
G1 F4901.961
G1 X111.147 Y69.089 E.00491
G1 X111.102 Y69.044 E.00486
G1 X111.119 Y68.982 E.00491
G1 X111.18 Y68.966 E.00481
G1 X111.225 Y69.011 E.00486
;WIDTH:0.623628
G1 F4575.641
G1 X111.399 Y68.887 E.01747
;WIDTH:0.66
G1 F4290.056
G1 X111.573 Y68.764 E.01859
G1 X120.358 Y59.979 E1.0836
G1 X121.182 Y59.979 E.07187
G1 X112.85 Y68.311 E1.02773
G1 X112.676 Y68.433 E.01853
;WIDTH:0.623628
G1 F4575.641
G1 X112.502 Y68.555 E.01738
;WIDTH:0.587257
G1 F4901.961
G1 X112.457 Y68.51 E.00486
G1 X112.395 Y68.527 E.00491
G1 X112.379 Y68.588 E.00481
G1 X112.424 Y68.633 E.00486
G1 X112.486 Y68.617 E.00489
;WIPE_START
G1 F9600
G1 X112.424 Y68.633 E-.01141
G1 X112.379 Y68.588 E-.01134
G1 X112.395 Y68.527 E-.01123
G1 X112.457 Y68.51 E-.01145
G1 X112.502 Y68.555 E-.01134
G1 X112.676 Y68.433 E-.03785
G1 X112.85 Y68.311 E-.03785
G1 X115.5 Y65.661 E-.66753
;WIPE_END
G1 X113.861 Y68.212 F12000
G1 E.8 F1800
G1 F4901.961
G1 X113.645 Y68.176 E.01672
;WIDTH:0.623628
G1 F4575.641
G1 X113.85 Y68.054 E.01951
;WIDTH:0.66
G1 F4290.056
G1 X114.054 Y67.931 E.02078
G1 X122.006 Y59.979 E.98086
G1 X122.83 Y59.979 E.07187
G1 X115.048 Y67.762 E.95995
G1 X115.807 Y67.827 E.06644
G1 X123.654 Y59.979 E.96797
G1 X124.478 Y59.979 E.07187
G1 X116.419 Y68.039 E.99412
G1 X117.13 Y68.356 E.0679
;WIDTH:0.948979
G1 F2867.887
G1 X117.195 Y68.27 E.01406
;WIDTH:0.918917
G1 F2970.32
G1 X117.26 Y68.184 E.01358
;WIDTH:0.888855
G1 F3080.343
G1 X117.567 Y67.844 E.05565
;WIDTH:0.842034
G1 F3268.925
G1 X117.873 Y67.504 E.05236
;WIDTH:0.795213
G1 F3482.104
G1 X118.18 Y67.164 E.04923
;WIDTH:0.748393
G1 F3725.027
G1 X118.407 Y66.909 E.03429
;WIDTH:0.708358
G1 F3961.331
G1 X118.635 Y66.653 E.03238
;WIDTH:0.668323
G1 F4229.646
G1 X119.021 Y66.199 E.05272
;WIDTH:0.62779
G1 F4541.053
G1 X119.407 Y65.745 E.0491
;WIDTH:0.587257
G1 F4901.961
G1 X119.849 Y65.241 E.05117
G1 X120.4 Y64.758 E.05593
;WIDTH:0.623628
G1 F4575.641
G1 X120.606 Y64.614 E.02055
;WIDTH:0.66
G1 F4290.056
G1 X120.812 Y64.47 E.02192
G1 X125.303 Y59.979 E.55395
G1 X126.127 Y59.979 E.07187
G1 X121.705 Y64.401 E.54544
G1 X122.38 Y64.55 E.06029
G1 X126.951 Y59.979 E.56382
G1 X127.775 Y59.979 E.07187
G1 X122.939 Y64.815 E.59651
G1 X123.501 Y65.077 E.05408
G1 X128.599 Y59.979 E.62882
G1 X129.423 Y59.979 E.07187
G1 X124.112 Y65.291 E.65516
G1 X124.759 Y65.467 E.05848
G1 X130.247 Y59.979 E.67693
G1 X131.071 Y59.979 E.07187
G1 X125.348 Y65.703 E.70598
G1 X125.819 Y66.056 E.05134
G1 X131.896 Y59.979 E.74958
G1 X132.72 Y59.979 E.07187
G1 X126.212 Y66.487 E.80274
G1 X126.498 Y67.026 E.05322
G1 X133.544 Y59.979 E.86916
G1 X134.368 Y59.979 E.07187
G1 X126.598 Y67.749 E.95841
;WIPE_START
G1 F9600
G1 X129.774 Y64.573 E-.8
;WIPE_END
G1 X124.711 Y70.765 F12000
G1 E.8 F1800
;WIDTH:0.587257
G1 F4901.961
G1 X126.042 Y69.219 E.15572
;WIDTH:0.623628
G1 F4575.641
G1 X126.203 Y69.013 E.02138
;WIDTH:0.66
G1 F4290.056
G1 X126.365 Y68.807 E.02286
G1 X135.192 Y59.979 E1.08885
G1 X136.016 Y59.979 E.07187
G1 X124.445 Y71.55 E1.42725
G1 X124.279 Y71.757 E.02314
;WIDTH:0.623628
G1 F4575.641
G1 X124.114 Y71.963 E.02158
;WIDTH:0.587257
G1 F4901.961
G1 X123.981 Y72.126 E.01606
G1 X123.355 Y72.735 E.06667
;WIPE_START
G1 F9600
G1 X123.981 Y72.126 E-.15557
G1 X124.114 Y71.963 E-.03747
G1 X124.279 Y71.757 E-.04701
G1 X124.445 Y71.55 E-.04726
G1 X126.48 Y69.515 E-.51269
;WIPE_END
G1 X116.161 Y80.659 F12000
G1 E.8 F1800
;WIDTH:0.66
G1 F4290.056
G1 X136.84 Y59.979 E2.55075
G1 X137.664 Y59.979 E.07187
G1 X116.696 Y80.948 E2.5864
G1 X117.142 Y81.326 E.05099
G1 X138.489 Y59.979 E2.63309
G1 X139.313 Y59.979 E.07187
G1 X117.5 Y81.792 E2.69057
G1 X117.768 Y82.348 E.05383
G1 X140.137 Y59.979 E2.75915
G1 X140.961 Y59.979 E.07187
G1 X117.932 Y83.008 E2.84056
G1 X117.958 Y83.807 E.06973
G1 X141.785 Y59.979 E2.93905
G1 X142.609 Y59.979 E.07187
G1 X117.772 Y84.817 E3.06363
G1 X117.631 Y84.913 E.01488
;WIDTH:0.623628
G1 F4575.641
G1 X117.49 Y85.009 E.01395
;WIDTH:0.587257
G1 F4901.961
G1 X117.519 Y85.229 E.01694
;WIPE_START
G1 F9600
G1 X117.49 Y85.009 E-.03953
G1 X117.631 Y84.913 E-.03038
G1 X117.772 Y84.817 E-.03038
G1 X120.55 Y82.039 E-.69971
;WIPE_END
G1 X117.008 Y86.611 F12000
G1 E.8 F1800
G1 F4901.961
G1 X116.946 Y86.628 E.00491
G1 X116.901 Y86.583 E.00486
G1 X116.918 Y86.521 E.00491
G1 X116.979 Y86.505 E.00481
G1 X117.024 Y86.55 E.00486
;WIDTH:0.623628
G1 F4575.641
G1 X117.142 Y86.352 E.01885
;WIDTH:0.66
G1 F4290.056
G1 X117.259 Y86.154 E.02006
G1 X143.433 Y59.979 E3.22855
G1 X144.257 Y59.979 E.07187
G1 X116.285 Y87.952 E3.45032
;WIPE_START
G1 F9600
G1 X119.461 Y84.776 E-.8
;WIPE_END
G1 X115.687 Y89.019 F12000
G1 E.8 F1800
;WIDTH:0.587257
G1 F4901.961
G1 X115.626 Y89.035 E.00481
G1 X115.58 Y88.99 E.00491
G1 X115.597 Y88.929 E.00483
G1 X115.659 Y88.912 E.00491
G1 X115.704 Y88.957 E.00486
;WIDTH:0.623628
G1 F4575.641
G1 X115.873 Y88.988 E.01405
;WIDTH:0.66
G1 F4290.056
G1 X116.043 Y89.018 E.01506
G1 X145.082 Y59.979 E3.58187
G1 X145.906 Y59.979 E.07187
G1 X116.607 Y89.278 E3.61394
G1 X117.076 Y89.633 E.0513
G1 X146.73 Y59.979 E3.65773
G1 X147.554 Y59.979 E.07187
G1 X117.459 Y90.074 E3.71213
G1 X117.751 Y90.606 E.05293
G1 X148.378 Y59.979 E3.77775
G1 X149.202 Y59.979 E.07187
G1 X117.932 Y91.25 E3.85712
;WIPE_START
G1 F9600
G1 X121.108 Y88.074 E-.8
;WIPE_END
G1 X117.77 Y92.464 F12000
G1 E.8 F1800
;WIDTH:0.587257
G1 F4901.961
G1 X117.725 Y92.419 E.00486
G1 X117.664 Y92.435 E.00481
G1 X117.647 Y92.497 E.00491
G1 X117.692 Y92.542 E.00486
G1 X117.754 Y92.526 E.00489
;WIDTH:0.623628
G1 F4575.641
G1 X117.846 Y92.297 E.02018
;WIDTH:0.66
G1 F4290.056
G1 X117.937 Y92.069 E.02141
G1 X150.026 Y59.979 E3.95814
G1 X150.85 Y59.979 E.07187
G1 X117.58 Y93.25 E4.10382
G1 X117.471 Y93.448 E.01971
;WIDTH:0.623628
G1 F4575.641
G1 X117.363 Y93.645 E.01837
;WIDTH:0.587257
G1 F4901.961
G1 X117.318 Y93.6 E.00486
G1 X117.256 Y93.617 E.00491
G1 X117.24 Y93.678 E.00481
G1 X117.285 Y93.723 E.00486
G1 X117.346 Y93.707 E.00481
;WIPE_START
G1 F9600
G1 X117.285 Y93.723 E-.01123
G1 X117.24 Y93.678 E-.01134
G1 X117.256 Y93.617 E-.01123
G1 X117.318 Y93.6 E-.01145
G1 X117.363 Y93.645 E-.01134
G1 X117.471 Y93.448 E-.04002
G1 X117.58 Y93.25 E-.04026
G1 X120.212 Y90.618 E-.66313
;WIPE_END
G1 X116.659 Y95.204 F12000
G1 E.8 F1800
G1 F4901.961
G1 X116.598 Y95.22 E.00481
G1 X116.553 Y95.175 E.00486
G1 X116.569 Y95.114 E.00481
G1 X116.631 Y95.097 E.00491
G1 X116.676 Y95.142 E.00486
;WIDTH:0.623628
G1 F4575.641
G1 X116.791 Y94.945 E.01865
;WIDTH:0.66
G1 F4290.056
G1 X116.907 Y94.747 E.02001
G1 X151.675 Y59.979 E4.28853
G1 X152.499 Y59.979 E.07187
G1 X116.102 Y96.376 E4.48946
G1 X115.983 Y96.574 E.02015
;WIDTH:0.623628
G1 F4575.641
G1 X115.863 Y96.772 E.01893
;WIDTH:0.587257
G1 F4901.961
G1 X115.818 Y96.726 E.00491
G1 X115.756 Y96.743 E.00491
G1 X115.74 Y96.805 E.00489
G1 X115.785 Y96.85 E.00486
G1 X115.847 Y96.833 E.00491
;WIPE_START
G1 F9600
G1 X115.785 Y96.85 E-.01145
G1 X115.74 Y96.805 E-.01134
G1 X115.756 Y96.743 E-.01141
G1 X115.818 Y96.726 E-.01145
G1 X115.863 Y96.772 E-.01146
G1 X115.983 Y96.574 E-.04124
G1 X116.102 Y96.376 E-.04115
G1 X118.724 Y93.754 E-.6605
;WIPE_END
G1 X114.956 Y98.497 F12000
G1 E.8 F1800
G1 F4901.961
G1 X114.911 Y98.452 E.00486
G1 X114.849 Y98.468 E.00489
G1 X114.833 Y98.53 E.00489
G1 X114.878 Y98.575 E.00486
G1 X114.939 Y98.558 E.00483
;WIDTH:0.623628
G1 F4575.641
G1 X115.07 Y98.33 E.0215
;WIDTH:0.66
G1 F4290.056
G1 X115.201 Y98.101 E.02301
G1 X153.323 Y59.979 E4.70223
G1 X154.147 Y59.979 E.07187
G1 X114.081 Y100.046 E4.94208
G1 X114.792 Y100.158 E.06278
G1 X154.971 Y59.979 E4.95596
G1 X155.795 Y59.979 E.07187
G1 X115.584 Y100.19 E4.95991
G1 X116.156 Y100.443 E.05455
G1 X156.619 Y59.979 E4.99105
G1 X157.443 Y59.979 E.07187
G1 X116.609 Y100.814 E5.03681
G1 X116.991 Y101.256 E.05095
G1 X158.268 Y59.979 E5.09139
G1 X159.092 Y59.979 E.07187
G1 X117.259 Y101.812 E5.15998
G1 X117.426 Y102.469 E.05913
G1 X159.916 Y59.979 E5.24101
G1 X160.74 Y59.979 E.07187
G1 X117.57 Y103.149 E5.32489
G1 X117.693 Y103.85 E.06207
G1 X161.564 Y59.979 E5.41136
G1 X162.388 Y59.979 E.07187
G1 X117.795 Y104.572 E5.50041
G1 X117.875 Y105.316 E.06527
G1 X162.521 Y60.671 E5.50689
G1 X162.521 Y61.495 E.07187
G1 X117.932 Y106.084 E5.49992
G1 X117.962 Y106.878 E.0693
G1 X162.521 Y62.319 E5.49622
G1 X162.521 Y63.143 E.07187
G1 X117.964 Y107.7 E5.49597
G1 X117.935 Y108.553 E.07444
G1 X162.521 Y63.968 E5.49949
G1 X162.521 Y64.792 E.07187
G1 X117.849 Y109.463 E5.5101
;WIPE_START
G1 F9600
G1 X121.025 Y106.287 E-.8
;WIPE_END
G1 X117.371 Y110.92 F12000
G1 E.8 F1800
;WIDTH:0.587257
G1 F4901.961
G1 X117.344 Y110.792 E.00999
G1 X117.364 Y110.623 E.01299
;WIDTH:0.623628
G1 F4575.641
G1 X117.496 Y110.566 E.01176
;WIDTH:0.66
G1 F4290.056
G1 X117.628 Y110.508 E.01258
G1 X162.521 Y65.616 E5.53736
G1 X162.521 Y66.44 E.07187
G1 X117.035 Y111.926 E5.61056
G1 X116.906 Y112.124 E.02061
;WIDTH:0.623628
G1 F4575.641
G1 X116.778 Y112.321 E.01921
;WIDTH:0.587257
G1 F4901.961
G1 X116.733 Y112.276 E.00486
G1 X116.671 Y112.293 E.00491
G1 X116.655 Y112.354 E.00481
G1 X116.7 Y112.399 E.00486
G1 X116.761 Y112.383 E.00481
;WIPE_START
G1 F9600
G1 X116.7 Y112.399 E-.01123
G1 X116.655 Y112.354 E-.01134
G1 X116.671 Y112.293 E-.01123
G1 X116.733 Y112.276 E-.01145
G1 X116.778 Y112.321 E-.01134
G1 X116.906 Y112.124 E-.04185
G1 X117.035 Y111.926 E-.04209
G1 X119.653 Y109.308 E-.65947
;WIPE_END
G1 X114.384 Y115.706 F12000
G1 E.8 F1800
G1 F4901.961
G1 X115.376 Y114.498 E.11932
;WIDTH:0.623628
G1 F4575.641
G1 X115.538 Y114.292 E.02143
;WIDTH:0.66
G1 F4290.056
G1 X115.699 Y114.086 E.0228
G1 X162.521 Y67.264 E5.77535
G1 X162.521 Y68.088 E.07187
G1 X105.877 Y124.732 E6.98687
G1 X105.703 Y124.852 E.01844
;WIDTH:0.623628
G1 F4575.641
G1 X105.529 Y124.973 E.01733
;WIDTH:0.587257
G1 F4901.961
G1 X105.484 Y124.927 E.00491
G1 X105.423 Y124.944 E.00483
G1 X105.406 Y125.006 E.00491
G1 X105.451 Y125.051 E.00486
G1 X105.513 Y125.034 E.00491
;WIPE_START
G1 F9600
G1 X105.451 Y125.051 E-.01145
G1 X105.406 Y125.006 E-.01134
G1 X105.423 Y124.944 E-.01145
G1 X105.484 Y124.927 E-.01128
G1 X105.529 Y124.973 E-.01146
G1 X105.703 Y124.852 E-.03775
G1 X105.877 Y124.732 E-.03765
G1 X108.527 Y122.082 E-.66762
;WIPE_END
G1 X106.765 Y124.606 F12000
G1 E.8 F1800
G1 F4901.961
G1 X106.703 Y124.623 E.00491
G1 X106.658 Y124.578 E.00486
G1 X106.675 Y124.516 E.00491
G1 X106.736 Y124.5 E.00481
G1 X106.781 Y124.545 E.00486
;WIDTH:0.623628
G1 F4575.641
G1 X106.955 Y124.424 E.01733
;WIDTH:0.66
G1 F4290.056
G1 X107.129 Y124.304 E.01844
G1 X162.521 Y68.912 E6.83244
G1 X162.521 Y69.736 E.07187
G1 X108.407 Y123.85 E6.6748
G1 X108.233 Y123.973 E.01859
;WIDTH:0.623628
G1 F4575.641
G1 X108.059 Y124.096 E.01743
;WIDTH:0.587257
G1 F4901.961
G1 X108.014 Y124.051 E.00486
G1 X107.952 Y124.067 E.00489
G1 X107.936 Y124.129 E.00489
G1 X107.981 Y124.174 E.00486
G1 X108.042 Y124.158 E.00481
;WIPE_START
G1 F9600
G1 X107.981 Y124.174 E-.01123
G1 X107.936 Y124.129 E-.01134
G1 X107.952 Y124.067 E-.01141
G1 X108.014 Y124.051 E-.01141
G1 X108.059 Y124.096 E-.01134
G1 X108.233 Y123.973 E-.03796
G1 X108.407 Y123.85 E-.03796
G1 X111.056 Y121.201 E-.66735
;WIPE_END
G1 X109.352 Y123.675 F12000
G1 E.8 F1800
G1 F4901.961
G1 X109.29 Y123.692 E.00491
G1 X109.245 Y123.646 E.00491
G1 X109.261 Y123.585 E.00481
G1 X109.323 Y123.568 E.00491
G1 X109.368 Y123.613 E.00486
;WIDTH:0.623628
G1 F4575.641
G1 X109.542 Y123.489 E.01747
;WIDTH:0.66
G1 F4290.056
G1 X109.716 Y123.365 E.01864
G1 X162.521 Y70.561 E6.51328
G1 X162.521 Y71.385 E.07187
G1 X111.037 Y122.868 E6.35034
G1 X110.862 Y122.993 E.01876
;WIDTH:0.623628
G1 F4575.641
G1 X110.687 Y123.118 E.01759
;WIDTH:0.587257
G1 F4901.961
G1 X110.642 Y123.073 E.00486
G1 X110.58 Y123.089 E.00489
G1 X110.564 Y123.151 E.00489
G1 X110.609 Y123.196 E.00486
G1 X110.67 Y123.179 E.00483
;WIPE_START
G1 F9600
G1 X110.609 Y123.196 E-.01128
G1 X110.564 Y123.151 E-.01134
G1 X110.58 Y123.089 E-.01141
G1 X110.642 Y123.073 E-.01141
G1 X110.687 Y123.118 E-.01134
G1 X110.862 Y122.993 E-.03831
G1 X111.037 Y122.868 E-.03831
G1 X113.683 Y120.222 E-.6666
;WIPE_END
G1 X112 Y122.674 F12000
G1 E.8 F1800
G1 F4901.961
G1 X111.939 Y122.69 E.00481
G1 X111.894 Y122.645 E.00486
G1 X111.91 Y122.584 E.00481
G1 X111.972 Y122.567 E.00491
G1 X112.017 Y122.612 E.00486
;WIDTH:0.623628
G1 F4575.641
G1 X112.192 Y122.487 E.01759
;WIDTH:0.66
G1 F4290.056
G1 X112.367 Y122.362 E.01876
G1 X162.521 Y72.209 E6.18628
G1 X162.521 Y73.033 E.07187
G1 X113.725 Y121.828 E6.01878
G1 X113.55 Y121.955 E.01886
;WIDTH:0.623628
G1 F4575.641
G1 X113.375 Y122.082 E.01768
;WIDTH:0.587257
G1 F4901.961
G1 X113.33 Y122.037 E.00486
G1 X113.268 Y122.054 E.00491
G1 X113.252 Y122.115 E.00481
G1 X113.297 Y122.16 E.00486
G1 X113.358 Y122.144 E.00481
;WIPE_START
G1 F9600
G1 X113.297 Y122.16 E-.01123
G1 X113.252 Y122.115 E-.01134
G1 X113.268 Y122.054 E-.01123
G1 X113.33 Y122.037 E-.01145
G1 X113.375 Y122.082 E-.01134
G1 X113.55 Y121.955 E-.03852
G1 X113.725 Y121.828 E-.03852
G1 X116.37 Y119.183 E-.66637
;WIPE_END
G1 X121.778 Y114.481 F12000
G1 E.8 F1800
G1 F4901.961
G1 X122.394 Y113.833 E.06825
G1 X122.841 Y113.464 E.04424
;WIDTH:0.623628
G1 F4575.641
G1 X123.047 Y113.294 E.02184
;WIDTH:0.66
G1 F4290.056
G1 X123.253 Y113.125 E.02324
G1 X162.521 Y73.857 E4.84359
G1 X162.521 Y74.681 E.07187
G1 X125.548 Y111.654 E4.56051
G1 X125.372 Y111.796 E.01972
;WIDTH:0.623628
G1 F4575.641
G1 X125.197 Y111.938 E.01843
;WIDTH:0.587257
G1 F4901.961
G1 X125.152 Y111.893 E.00486
G1 X125.09 Y111.909 E.00489
G1 X125.074 Y111.971 E.00489
G1 X125.119 Y112.016 E.00486
G1 X125.181 Y112 E.00489
;WIPE_START
G1 F9600
G1 X125.119 Y112.016 E-.01141
G1 X125.074 Y111.971 E-.01134
G1 X125.09 Y111.909 E-.01141
G1 X125.152 Y111.893 E-.01141
G1 X125.197 Y111.938 E-.01134
G1 X125.372 Y111.796 E-.04014
G1 X125.548 Y111.654 E-.04028
G1 X128.179 Y109.023 E-.66267
;WIPE_END
G1 X126.534 Y111.492 F12000
G1 E.8 F1800
;WIDTH:0.66
G1 F4290.056
G1 X162.521 Y75.505 E4.43889
G1 X162.521 Y76.329 E.07187
G1 X127.247 Y111.603 E4.35094
G1 X127.786 Y111.889 E.05322
G1 X162.521 Y77.154 E4.28446
G1 X162.521 Y77.978 E.07187
G1 X128.202 Y112.296 E4.23308
G1 X128.531 Y112.791 E.05184
G1 X162.521 Y78.802 E4.1925
G1 X162.521 Y79.626 E.07187
G1 X128.751 Y113.395 E4.16537
G1 X128.827 Y114.143 E.06558
G1 X162.521 Y80.45 E4.15599
G1 X162.521 Y81.274 E.07187
G1 X128.871 Y114.924 E4.15063
G1 X128.828 Y115.791 E.07571
G1 X162.521 Y82.098 E4.15593
G1 X162.521 Y82.922 E.07187
G1 X128.625 Y116.818 E4.18097
G1 X128.489 Y116.894 E.01359
;WIDTH:0.623628
G1 F4575.641
G1 X128.353 Y116.97 E.01274
;WIDTH:0.587257
G1 F4901.961
G1 X128.374 Y117.23 E.01991
;WIPE_START
G1 F9600
G1 X128.353 Y116.97 E-.04646
G1 X128.489 Y116.894 E-.02775
G1 X128.625 Y116.818 E-.02775
G1 X131.396 Y114.047 E-.69804
;WIPE_END
G1 X127.886 Y118.586 F12000
G1 E.8 F1800
G1 F4901.961
G1 X127.824 Y118.602 E.00489
G1 X127.779 Y118.557 E.00486
G1 X127.796 Y118.496 E.00483
G1 X127.857 Y118.479 E.00483
G1 X127.902 Y118.524 E.00486
;WIDTH:0.623628
G1 F4575.641
G1 X128.02 Y118.326 E.01885
;WIDTH:0.66
G1 F4290.056
G1 X128.139 Y118.129 E.02007
G1 X162.521 Y83.747 E4.24092
G1 X162.521 Y84.571 E.07187
G1 X126.813 Y120.279 E4.40447
G1 X126.631 Y120.485 E.02398
;WIDTH:0.626222
G1 F4554.02
G1 X126.448 Y120.691 E.02264
;WIDTH:0.592445
G1 F4852.597
G1 X126.378 Y120.769 E.00808
;WIDTH:0.587257
G1 F4901.961
G1 X125.063 Y122.161 E.14617
G1 X123.956 Y123.257 E.11891
G1 X123.453 Y123.729 E.05265
;WIDTH:0.587631
G1 F4898.368
G1 X123.076 Y124.066 E.03863
;WIDTH:0.66
G1 F4290.056
G1 X122.664 Y124.427 E.04778
G1 X115.908 Y131.183 E.83333
G1 X116.082 Y131.328 E.01975
;WIDTH:0.623628
G1 F4575.641
G1 X116.256 Y131.472 E.01847
;WIDTH:0.587257
G1 F4901.961
G1 X116.194 Y131.489 E.00491
G1 X116.149 Y131.444 E.00486
G1 X116.166 Y131.382 E.00491
G1 X116.227 Y131.366 E.00481
G1 X116.272 Y131.411 E.00486
;WIDTH:0.66
G1 F4290.056
G1 X116.623 Y131.293 E.0323
G1 X162.521 Y85.395 E5.66138
G1 X162.521 Y86.219 E.07187
G1 X117.337 Y131.402 E5.57325
G1 X118.052 Y131.512 E.0631
G1 X162.521 Y87.043 E5.48512
G1 X162.521 Y87.867 E.07187
G1 X118.769 Y131.619 E5.39668
G1 X119.486 Y131.726 E.06323
G1 X162.521 Y88.691 E5.30824
G1 X162.521 Y89.515 E.07187
G1 X120.204 Y131.832 E5.21968
G1 X120.921 Y131.939 E.06323
G1 X162.521 Y90.34 E5.13117
G1 X162.521 Y91.164 E.07187
G1 X121.638 Y132.046 E5.04273
G1 X122.356 Y132.153 E.06332
G1 X162.521 Y91.988 E4.95423
G1 X162.521 Y92.812 E.07187
G1 X123.073 Y132.26 E4.86579
G1 X123.776 Y132.381 E.06222
G1 X162.521 Y93.636 E4.77908
G1 X162.521 Y94.46 E.07187
G1 X124.347 Y132.633 E4.70859
G1 X124.814 Y132.991 E.05132
G1 X162.521 Y95.284 E4.65105
G1 X162.521 Y96.108 E.07187
G1 X125.197 Y133.432 E4.6038
G1 X125.457 Y133.996 E.05417
G1 X162.521 Y96.933 E4.57167
G1 X162.521 Y97.757 E.07187
G1 X125.517 Y134.76 E4.56427
G1 X125.435 Y134.988 E.02113
;WIDTH:0.623628
G1 F4575.641
G1 X125.353 Y135.217 E.01989
;WIDTH:0.587257
G1 F4901.961
G1 X125.291 Y135.234 E.00491
G1 X125.246 Y135.188 E.00491
G1 X125.263 Y135.127 E.00483
G1 X125.324 Y135.11 E.00483
G1 X125.369 Y135.155 E.00486
;WIPE_START
G1 F9600
G1 X125.324 Y135.11 E-.01134
G1 X125.263 Y135.127 E-.01128
G1 X125.246 Y135.188 E-.01128
G1 X125.291 Y135.234 E-.01146
G1 X125.353 Y135.217 E-.01145
G1 X125.435 Y134.988 E-.04333
G1 X125.517 Y134.76 E-.04316
G1 X128.124 Y132.153 E-.6567
;WIPE_END
G1 X124.273 Y136.932 F12000
G1 E.8 F1800
;WIDTH:0.589185
G1 F4883.499
G1 X124.793 Y136.358 E.05934
;WIDTH:0.624592
G1 F4567.582
G1 X124.974 Y136.152 E.02246
;WIDTH:0.66
G1 F4290.056
G1 X125.155 Y135.946 E.02392
G1 X162.521 Y98.581 E4.60892
G1 X162.521 Y99.405 E.07187
G1 X124.383 Y137.543 E4.70421
G1 X124.404 Y138.346 E.07006
G1 X162.521 Y100.229 E4.70162
G1 X162.521 Y101.053 E.07187
G1 X124.39 Y139.184 E4.70334
G1 X124.334 Y140.064 E.07691
G1 X162.521 Y101.877 E4.71025
G1 X162.521 Y102.701 E.07187
G1 X124.212 Y141.01 E4.7253
;WIPE_START
G1 F9600
G1 X127.388 Y137.834 E-.8
;WIPE_END
G1 X123.735 Y142.476 F12000
G1 E.8 F1800
;WIDTH:0.587257
G1 F4901.961
G1 X123.702 Y142.254 E.01713
;WIDTH:0.623628
G1 F4575.641
G1 X123.842 Y142.159 E.01384
;WIDTH:0.66
G1 F4290.056
G1 X123.982 Y142.064 E.01476
G1 X162.521 Y103.526 E4.75361
G1 X162.521 Y104.35 E.07187
G1 X123.546 Y143.324 E4.80739
G1 X123.434 Y143.522 E.01984
;WIDTH:0.623628
G1 F4575.641
G1 X123.322 Y143.72 E.0186
;WIDTH:0.587257
G1 F4901.961
G1 X123.277 Y143.674 E.00491
G1 X123.215 Y143.691 E.00491
G1 X123.199 Y143.753 E.00489
G1 X123.244 Y143.798 E.00486
G1 X123.305 Y143.781 E.00483
;WIPE_START
G1 F9600
G1 X123.244 Y143.798 E-.01128
G1 X123.199 Y143.753 E-.01134
G1 X123.215 Y143.691 E-.01141
G1 X123.277 Y143.674 E-.01145
G1 X123.322 Y143.72 E-.01146
G1 X123.434 Y143.522 E-.04052
G1 X123.546 Y143.324 E-.04052
G1 X126.174 Y140.696 E-.66202
;WIPE_END
G1 X118.186 Y149.572 F12000
G1 E.8 F1800
G1 F4901.961
G1 X118.975 Y148.88 E.08011
G1 X120.012 Y147.9 E.10891
G1 X121.032 Y146.857 E.11136
G1 X122.192 Y145.565 E.13254
;WIDTH:0.623628
G1 F4575.641
G1 X122.367 Y145.359 E.0221
;WIDTH:0.66
G1 F4290.056
G1 X122.541 Y145.153 E.02352
G1 X162.521 Y105.174 E4.93135
;WIPE_START
G1 F9600
G1 X159.345 Y108.35 E-.8
;WIPE_END
G1 X121.485 Y114.893 F12000
G1 E.8 F1800
G1 F4290.056
G1 X115.117 Y121.261 E.78547
G1 X114.942 Y121.39 E.01896
;WIDTH:0.623628
G1 F4575.641
G1 X114.766 Y121.519 E.01784
;WIDTH:0.587257
G1 F4901.961
G1 X114.721 Y121.474 E.00486
G1 X114.66 Y121.49 E.00481
G1 X114.643 Y121.552 E.00491
G1 X114.688 Y121.597 E.00486
G1 X114.75 Y121.581 E.00489
;WIPE_START
G1 F9600
G1 X114.688 Y121.597 E-.01141
G1 X114.643 Y121.552 E-.01134
G1 X114.66 Y121.49 E-.01145
G1 X114.721 Y121.474 E-.01123
G1 X114.766 Y121.519 E-.01134
G1 X114.942 Y121.39 E-.03887
G1 X115.117 Y121.261 E-.03873
G1 X117.759 Y118.619 E-.66563
;WIPE_END
G1 X116.203 Y120.959 F12000
G1 E.8 F1800
G1 F4901.961
G1 X116.141 Y120.975 E.00489
G1 X116.096 Y120.93 E.00486
G1 X116.113 Y120.869 E.00483
G1 X116.174 Y120.852 E.00483
G1 X116.219 Y120.897 E.00486
;WIDTH:0.623628
G1 F4575.641
G1 X116.394 Y120.765 E.01793
;WIDTH:0.66
G1 F4290.056
G1 X116.57 Y120.632 E.01924
G1 X121.364 Y115.837 E.59139
G1 X121.436 Y116.589 E.06589
G1 X118.136 Y119.89 E.40711
G1 X117.961 Y120.028 E.01944
;WIDTH:0.623628
G1 F4575.641
G1 X117.786 Y120.167 E.01828
;WIDTH:0.587257
G1 F4901.961
G1 X117.741 Y120.122 E.00486
G1 X117.679 Y120.138 E.00489
G1 X117.663 Y120.2 E.00489
G1 X117.708 Y120.245 E.00486
G1 X117.769 Y120.228 E.00483
;WIPE_START
G1 F9600
G1 X117.708 Y120.245 E-.01128
G1 X117.663 Y120.2 E-.01134
G1 X117.679 Y120.138 E-.01141
G1 X117.741 Y120.122 E-.01141
G1 X117.786 Y120.167 E-.01134
G1 X117.961 Y120.028 E-.03981
G1 X118.136 Y119.89 E-.0397
G1 X120.771 Y117.255 E-.66371
;WIPE_END
G1 X120.367 Y118.569 F12000
G1 E.8 F1800
;WIDTH:0.820145
G1 F3365.245
G1 X120.589 Y118.375 E.03278
;WIDTH:0.858849
G1 F3198.6
G1 X120.81 Y118.181 E.0344
G1 X121.081 Y117.9 E.04567
;WIPE_START
G1 F9600
G1 X120.81 Y118.181 E-.06954
G1 X120.589 Y118.375 E-.05238
G1 X120.367 Y118.569 E-.05252
;WIPE_END
G1 E-.62556 F1800
G1 X98.218 Y95.13 F12000
G1 E.8 F1800
;WIDTH:0.587257
G1 F4901.961
G1 X97.837 Y95.503 E.0407
G1 X97.592 Y95.809 E.02992
;WIDTH:0.623628
G1 F4575.641
G1 X97.447 Y96.015 E.0206
;WIDTH:0.66
G1 F4290.056
G1 X97.302 Y96.221 E.02197
G1 X57.48 Y136.043 E4.91192
G1 X57.48 Y136.867 E.07187
G1 X96.819 Y97.528 E4.85235
G1 X96.974 Y97.345 E.02092
;WIDTH:0.623628
G1 F4575.641
G1 X97.128 Y97.161 E.01962
;WIDTH:0.587257
G1 F4901.961
G1 X97.066 Y97.178 E.00491
G1 X97.021 Y97.133 E.00486
G1 X97.038 Y97.071 E.00491
G1 X97.099 Y97.055 E.00481
G1 X97.145 Y97.1 E.00491
;WIPE_START
G1 F9600
G1 X97.099 Y97.055 E-.01146
G1 X97.038 Y97.071 E-.01123
G1 X97.021 Y97.133 E-.01145
G1 X97.066 Y97.178 E-.01134
G1 X97.128 Y97.161 E-.01145
G1 X96.974 Y97.345 E-.04274
G1 X96.819 Y97.528 E-.04272
G1 X94.208 Y100.139 E-.65761
;WIPE_END
G1 X96.601 Y98.423 F12000
G1 E.8 F1800
G1 F4901.961
G1 X96.626 Y98.651 E.01751
G1 X96.559 Y98.865 E.01712
;WIDTH:0.623628
G1 F4575.641
G1 X96.447 Y98.85 E.00924
;WIDTH:0.66
G1 F4290.056
G1 X96.336 Y98.835 E.00977
G1 X57.48 Y137.691 E4.79277
G1 X57.48 Y138.515 E.07187
G1 X96.048 Y99.948 E4.75719
G1 X96.139 Y100.681 E.06442
G1 X57.48 Y139.34 E4.76847
G1 X57.48 Y140.164 E.07187
G1 X96.356 Y101.287 E4.7953
G1 X96.697 Y101.771 E.05164
G1 X57.48 Y140.988 E4.8373
G1 X57.48 Y141.812 E.07187
G1 X97.177 Y102.115 E4.89651
G1 X97.78 Y102.337 E.05604
G1 X57.48 Y142.636 E4.97082
G1 X57.48 Y143.46 E.07187
G1 X98.508 Y102.432 E5.06068
G1 X99.616 Y102.149 E.09974
G1 X57.48 Y144.284 E5.19729
G1 X57.48 Y145.109 E.07196
G1 X100.506 Y102.083 E5.30713
G1 X100.67 Y101.866 E.02372
;WIDTH:0.625867
G1 F4556.967
G1 X100.834 Y101.65 E.02227
;WIDTH:0.591735
G1 F4859.294
G1 X100.696 Y101.66 E.01065
;WIDTH:0.587257
G1 F4901.961
G1 X99.594 Y101.923 E.08648
;WIPE_START
G1 F9600
G1 X100.696 Y101.66 E-.20181
G1 X100.834 Y101.65 E-.02465
G1 X100.67 Y101.866 E-.04831
G1 X100.506 Y102.083 E-.04845
G1 X98.613 Y103.976 E-.47678
;WIPE_END
G1 X99.331 Y104.047 F12000
G1 E.8 F1800
G1 F4901.961
G1 X99.286 Y104.002 E.00486
G1 X99.225 Y104.019 E.00483
G1 X99.208 Y104.08 E.00483
G1 X99.253 Y104.125 E.00486
G1 X99.315 Y104.109 E.00489
;WIDTH:0.623628
G1 F4575.641
G1 X99.126 Y104.292 E.02151
;WIDTH:0.66
G1 F4290.056
G1 X57.48 Y145.933 E5.1366
G1 X57.48 Y146.757 E.07187
G1 X97.768 Y106.469 E4.9694
;WIDTH:0.623628
G1 F4575.641
G1 X97.952 Y106.286 E.02122
;WIDTH:0.587257
G1 F4901.961
G1 X97.89 Y106.302 E.00489
G1 X97.845 Y106.257 E.00486
G1 X97.862 Y106.196 E.00483
G1 X97.923 Y106.179 E.00483
G1 X97.968 Y106.224 E.00486
;WIPE_START
G1 F9600
G1 X97.923 Y106.179 E-.01134
G1 X97.862 Y106.196 E-.01128
G1 X97.845 Y106.257 E-.01128
G1 X97.89 Y106.302 E-.01134
G1 X97.952 Y106.286 E-.01141
G1 X97.768 Y106.469 E-.04623
G1 X95.001 Y109.236 E-.69712
;WIPE_END
G1 X96.916 Y108.081 F12000
G1 E.8 F1800
G1 F4901.961
G1 X96.871 Y108.036 E.00486
G1 X96.809 Y108.053 E.00491
G1 X96.793 Y108.114 E.00481
G1 X96.838 Y108.159 E.00486
G1 X96.9 Y108.143 E.00489
;WIDTH:0.623628
G1 F4575.641
G1 X96.725 Y108.326 E.02071
;WIDTH:0.66
G1 F4290.056
G1 X57.48 Y147.581 E4.84137
G1 X57.48 Y148.405 E.07187
G1 X96 Y109.885 E4.75133
G1 X96.149 Y109.702 E.02058
;WIDTH:0.623628
G1 F4575.641
G1 X96.298 Y109.518 E.01936
;WIDTH:0.587257
G1 F4901.961
G1 X96.236 Y109.535 E.00491
G1 X96.191 Y109.49 E.00486
G1 X96.207 Y109.428 E.00489
G1 X96.269 Y109.412 E.00489
G1 X96.314 Y109.457 E.00486
;WIPE_START
G1 F9600
G1 X96.269 Y109.412 E-.01134
G1 X96.207 Y109.428 E-.01141
G1 X96.191 Y109.49 E-.01141
G1 X96.236 Y109.535 E-.01134
G1 X96.298 Y109.518 E-.01145
G1 X96.149 Y109.702 E-.04217
G1 X96 Y109.885 E-.04204
G1 X93.385 Y112.5 E-.65884
;WIPE_END
G1 X95.898 Y110.811 F12000
G1 E.8 F1800
;WIDTH:0.66
G1 F4290.056
G1 X57.48 Y149.229 E4.73875
;WIPE_START
G1 F9600
G1 X60.656 Y146.053 E-.8
;WIPE_END
G1 X57.354 Y150.511 F12000
G1 E.8 F1800
;WIDTH:0.587257
G1 F4901.961
G1 X57.293 Y150.527 E.00481
G1 X57.248 Y150.482 E.00486
G1 X57.264 Y150.421 E.00481
G1 X57.326 Y150.404 E.00491
G1 X57.371 Y150.449 E.00486
;WIDTH:0.623628
G1 F4575.641
G1 X57.425 Y150.251 E.01678
;WIDTH:0.66
G1 F4290.056
G1 X57.48 Y150.054 E.01784
G1 X96.009 Y111.524 E4.7525
G1 X96.245 Y112.112 E.05526
G1 X92.516 Y115.841 E.45996
G1 X92.104 Y116.185 E.04681
;WIDTH:0.587257
G1 F4901.961
G1 X91.742 Y116.542 E.03881
;WIDTH:0.623628
G1 F4575.641
G1 X91.573 Y116.748 E.02179
;WIDTH:0.66
G1 F4290.056
G1 X91.403 Y116.955 E.02336
G1 X57.48 Y150.878 E4.1843
G1 X57.48 Y151.702 E.07187
G1 X90.667 Y118.515 E4.09352
G1 X90.83 Y118.331 E.02144
;WIDTH:0.623628
G1 F4575.641
G1 X90.993 Y118.148 E.02004
;WIDTH:0.587257
G1 F4901.961
G1 X90.931 Y118.164 E.00489
G1 X90.886 Y118.119 E.00486
G1 X90.902 Y118.058 E.00481
G1 X90.964 Y118.041 E.00491
G1 X91.009 Y118.086 E.00486
;WIPE_START
G1 F9600
G1 X90.964 Y118.041 E-.01134
G1 X90.902 Y118.058 E-.01145
G1 X90.886 Y118.119 E-.01123
G1 X90.931 Y118.164 E-.01134
G1 X90.993 Y118.148 E-.01141
G1 X90.83 Y118.331 E-.04365
G1 X90.667 Y118.515 E-.04379
G1 X88.064 Y121.118 E-.65579
;WIPE_END
G1 X90.48 Y119.363 F12000
G1 E.8 F1800
G1 F4901.961
G1 X90.513 Y119.587 E.01728
G1 X90.486 Y119.689 E.00805
;WIDTH:0.623628
G1 F4575.641
G1 X90.358 Y119.732 E.01104
;WIDTH:0.66
G1 F4290.056
G1 X90.231 Y119.775 E.01169
G1 X57.48 Y152.526 E4.03974
G1 X57.48 Y153.35 E.07187
G1 X89.975 Y120.855 E4.00816
G1 X89.831 Y121.823 E.08536
G1 X57.48 Y154.174 E3.9904
G1 X57.48 Y154.998 E.07187
G1 X89.763 Y122.715 E3.98201
G1 X89.745 Y123.558 E.07354
G1 X57.48 Y155.823 E3.97979
G1 X57.48 Y156.647 E.07187
G1 X89.767 Y124.359 E3.98257
G1 X89.825 Y125.125 E.067
G1 X57.48 Y157.471 E3.98972
G1 X57.479 Y158.295 E.07187
G1 X89.923 Y125.852 E4.00181
G1 X90.051 Y126.548 E.06172
G1 X57.479 Y159.119 E4.0176
G1 X57.479 Y159.943 E.07187
G1 X90.213 Y127.209 E4.03764
G1 X90.406 Y127.841 E.05764
G1 X58.229 Y160.018 E3.96894
G1 X59.053 Y160.018 E.07187
G1 X90.625 Y128.446 E3.89431
G1 X90.872 Y129.023 E.05474
G1 X59.877 Y160.018 E3.82314
G1 X60.701 Y160.018 E.07187
G1 X91.146 Y129.573 E3.7553
G1 X91.444 Y130.099 E.05273
G1 X61.525 Y160.018 E3.69042
G1 X62.349 Y160.019 E.07187
G1 X91.765 Y130.603 E3.62838
G1 X92.108 Y131.084 E.05153
G1 X63.173 Y160.019 E3.56905
G1 X63.997 Y160.019 E.07187
G1 X92.474 Y131.542 E3.51255
G1 X92.861 Y131.978 E.05085
G1 X64.821 Y160.019 E3.45871
G1 X65.645 Y160.019 E.07187
G1 X93.269 Y132.395 E3.40734
G1 X93.695 Y132.793 E.05085
G1 X66.47 Y160.019 E3.35818
G1 X67.294 Y160.019 E.07187
G1 X94.14 Y133.172 E3.31144
G1 X94.604 Y133.532 E.05122
G1 X68.118 Y160.019 E3.26703
G1 X68.942 Y160.019 E.07187
G1 X95.087 Y133.873 E3.22497
G1 X95.587 Y134.197 E.05197
G1 X69.766 Y160.019 E3.185
G1 X70.59 Y160.019 E.07187
G1 X96.105 Y134.504 E3.1472
G1 X96.638 Y134.795 E.05297
G1 X71.414 Y160.019 E3.1113
G1 X72.238 Y160.019 E.07187
G1 X97.187 Y135.07 E3.07738
G1 X97.752 Y135.329 E.05421
G1 X73.062 Y160.019 E3.04544
G1 X73.887 Y160.019 E.07196
G1 X98.332 Y135.574 E3.01522
G1 X98.927 Y135.803 E.05561
G1 X74.711 Y160.019 E2.98697
G1 X75.535 Y160.019 E.07187
G1 X99.531 Y136.023 E2.95983
G1 X100.146 Y136.231 E.05662
G1 X76.359 Y160.019 E2.93412
G1 X77.183 Y160.019 E.07187
G1 X100.773 Y136.429 E2.90976
G1 X101.411 Y136.615 E.05796
G1 X78.007 Y160.019 E2.88681
G1 X78.831 Y160.019 E.07187
G1 X102.061 Y136.789 E2.86535
G1 X102.722 Y136.953 E.0594
G1 X79.655 Y160.019 E2.84518
G1 X80.479 Y160.019 E.07187
G1 X103.393 Y137.105 E2.82637
G1 X104.074 Y137.248 E.06069
G1 X81.303 Y160.019 E2.80873
;WIPE_START
G1 F9600
G1 X84.479 Y156.843 E-.8
;WIPE_END
G1 X82.585 Y160.235 F12000
G1 E.8 F1800
;WIDTH:0.587257
G1 F4901.961
G1 X82.523 Y160.251 E.00489
G1 X82.478 Y160.206 E.00486
G1 X82.495 Y160.145 E.00483
G1 X82.556 Y160.128 E.00483
G1 X82.601 Y160.173 E.00486
;WIDTH:0.623628
G1 F4575.641
G1 X82.364 Y160.096 E.02038
;WIDTH:0.66
G1 F4290.056
G1 X82.128 Y160.019 E.02165
G1 X104.765 Y137.381 E2.79227
G1 X105.464 Y137.506 E.06193
G1 X102.491 Y140.479 E.36671
G1 X102.285 Y140.655 E.02363
;WIDTH:0.623628
G1 F4575.641
G1 X102.079 Y140.831 E.02216
;WIDTH:0.587257
G1 F4901.961
G1 X100.546 Y142.204 E.15709
G1 X99.563 Y143.163 E.10483
G1 X98.655 Y144.125 E.10098
G1 X97.978 Y144.913 E.0793
;WIDTH:0.66
G1 F4290.056
G1 X97.646 Y145.325 E.04615
G1 X82.952 Y160.019 E1.81246
G1 X83.776 Y160.019 E.07187
G1 X96.88 Y146.914 E1.6164
G1 X97.038 Y146.731 E.02109
;WIDTH:0.623628
G1 F4575.641
G1 X97.196 Y146.547 E.01983
;WIDTH:0.587257
G1 F4901.961
G1 X97.135 Y146.564 E.00483
G1 X97.09 Y146.519 E.00486
G1 X97.106 Y146.457 E.00489
G1 X97.168 Y146.441 E.00489
G1 X97.213 Y146.486 E.00486
;WIPE_START
G1 F9600
G1 X97.168 Y146.441 E-.01134
G1 X97.106 Y146.457 E-.01141
G1 X97.09 Y146.519 E-.01141
G1 X97.135 Y146.564 E-.01134
G1 X97.196 Y146.547 E-.01128
G1 X97.038 Y146.731 E-.0432
G1 X96.88 Y146.914 E-.04307
G1 X94.272 Y149.522 E-.65695
;WIPE_END
G1 X96.842 Y147.64 F12000
G1 E.8 F1800
G1 F4901.961
G1 X96.797 Y147.595 E.00486
G1 X96.736 Y147.612 E.00483
G1 X96.719 Y147.673 E.00483
G1 X96.764 Y147.718 E.00486
G1 X96.826 Y147.702 E.00489
;WIDTH:0.623628
G1 F4575.641
G1 X96.688 Y147.885 E.01874
;WIDTH:0.66
G1 F4290.056
G1 X96.55 Y148.069 E.02006
G1 X84.6 Y160.019 E1.474
G1 X85.424 Y160.019 E.07187
G1 X96.392 Y149.051 E1.35287
G1 X96.323 Y149.944 E.07812
G1 X86.248 Y160.019 E1.24272
G1 X87.072 Y160.019 E.07187
G1 X96.305 Y150.787 E1.1388
G1 X96.328 Y151.587 E.0698
G1 X87.896 Y160.019 E1.04006
G1 X88.72 Y160.019 E.07187
G1 X96.377 Y152.362 E.94447
G1 X96.431 Y153.133 E.06741
G1 X89.545 Y160.019 E.84937
G1 X90.369 Y160.019 E.07187
G1 X96.591 Y153.797 E.76747
G1 X96.893 Y154.319 E.0526
G1 X91.193 Y160.019 E.70308
G1 X92.017 Y160.019 E.07187
G1 X97.268 Y154.768 E.6477
G1 X97.75 Y155.11 E.05155
G1 X92.841 Y160.019 E.60551
G1 X93.665 Y160.019 E.07187
G1 X98.393 Y155.292 E.58312
;WIPE_START
G1 F9600
G1 X95.217 Y158.468 E-.8
;WIPE_END
G1 X100.38 Y154.434 F12000
G1 E.8 F1800
;WIDTH:0.587257
G1 F4901.961
G1 X100.095 Y154.691 E.02929
G1 X99.671 Y155 E.04005
;WIDTH:0.623628
G1 F4575.641
G1 X99.465 Y155.125 E.0197
;WIDTH:0.66
G1 F4290.056
G1 X99.259 Y155.249 E.02097
G1 X94.489 Y160.019 E.58837
G1 X95.313 Y160.019 E.07187
G1 X101.682 Y153.651 E.78554
G1 X102.094 Y153.278 E.04847
;WIDTH:0.604587
G1 F4740.864
G1 X103.108 Y152.359 E.10801
;WIDTH:0.587257
G1 F4901.961
G1 X103.474 Y151.962 E.04122
;WIDTH:0.623628
G1 F4575.641
G1 X103.628 Y151.756 E.02103
;WIDTH:0.66
G1 F4290.056
G1 X103.783 Y151.55 E.02249
G1 X107.591 Y147.728 E.47057
;WIDTH:0.623628
G1 F4575.641
G1 X107.761 Y147.544 E.02049
;WIDTH:0.587257
G1 F4901.961
G1 X107.699 Y147.561 E.00491
G1 X107.654 Y147.516 E.00486
G1 X107.67 Y147.454 E.00489
G1 X107.732 Y147.438 E.00489
G1 X107.777 Y147.483 E.00486
;WIDTH:0.66
G1 F4290.056
G1 X107.524 Y148.455 E.0876
;WIDTH:0.587257
G1 F4901.961
G1 X107.479 Y148.41 E.00486
G1 X107.417 Y148.426 E.00489
G1 X107.401 Y148.488 E.00489
G1 X107.446 Y148.533 E.00486
G1 X107.508 Y148.517 E.00489
;WIDTH:0.623628
G1 F4575.641
G1 X107.39 Y148.7 E.01781
;WIDTH:0.66
G1 F4290.056
G1 X107.273 Y148.884 E.01902
G1 X96.137 Y160.019 E1.37353
G1 X96.961 Y160.019 E.07187
G1 X107.402 Y149.578 E1.28787
G1 X107.704 Y150.101 E.05267
G1 X97.786 Y160.019 E1.22336
G1 X98.61 Y160.019 E.07187
G1 X108.105 Y150.524 E1.17118
G1 X108.592 Y150.861 E.05165
G1 X99.434 Y160.019 E1.12961
G1 X100.258 Y160.019 E.07187
G1 X109.189 Y151.088 E1.10161
G1 X109.814 Y151.287 E.05721
G1 X101.082 Y160.019 E1.07707
G1 X101.906 Y160.019 E.07187
G1 X110.464 Y151.461 E1.0556
G1 X111.148 Y151.602 E.06091
G1 X102.73 Y160.019 E1.03827
G1 X103.554 Y160.019 E.07187
G1 X111.88 Y151.694 E1.02693
G1 X112.679 Y151.719 E.06972
G1 X104.378 Y160.019 E1.02384
G1 X105.203 Y160.019 E.07196
G1 X113.565 Y151.656 E1.03149
;WIPE_START
G1 F9600
G1 X110.389 Y154.832 E-.8
;WIPE_END
G1 X114.754 Y151.168 F12000
G1 E.8 F1800
;WIDTH:0.587257
G1 F4901.961
G1 X114.889 Y151.157 E.01034
G1 X115.016 Y151.187 E.00996
;WIDTH:0.623628
G1 F4575.641
G1 X114.812 Y151.313 E.01961
;WIDTH:0.66
G1 F4290.056
G1 X114.607 Y151.439 E.02099
G1 X106.027 Y160.019 E1.05832
G1 X106.851 Y160.019 E.07187
G1 X115.906 Y150.965 E1.11685
G1 X116.134 Y150.841 E.02264
;WIDTH:0.623628
G1 F4575.641
G1 X116.363 Y150.717 E.0213
;WIDTH:0.587257
G1 F4901.961
G1 X116.301 Y150.733 E.00489
G1 X116.256 Y150.688 E.00486
G1 X116.273 Y150.627 E.00483
G1 X116.334 Y150.61 E.00483
G1 X116.379 Y150.655 E.00486
;WIPE_START
G1 F9600
G1 X116.334 Y150.61 E-.01134
G1 X116.273 Y150.627 E-.01128
G1 X116.256 Y150.688 E-.01128
G1 X116.301 Y150.733 E-.01134
G1 X116.363 Y150.717 E-.01141
G1 X116.134 Y150.841 E-.04639
G1 X115.906 Y150.965 E-.04623
G1 X113.323 Y153.548 E-.65073
;WIPE_END
G1 X117.774 Y149.92 F12000
G1 E.8 F1800
;WIDTH:0.66
G1 F4290.056
G1 X107.675 Y160.019 E1.24568
G1 X107.903 Y160.127 E.022
;WIDTH:0.623628
G1 F4575.641
G1 X108.132 Y160.235 E.0207
;WIDTH:0.587257
G1 F4901.961
G1 X108.07 Y160.252 E.00491
G1 X108.025 Y160.207 E.00486
G1 X108.042 Y160.145 E.00491
G1 X108.103 Y160.129 E.00481
G1 X108.148 Y160.174 E.00486
;WIDTH:0.66
G1 F4290.056
G1 X108.499 Y160.019 E.03347
G1 X162.521 Y105.998 E6.66339
G1 X162.521 Y106.822 E.07187
G1 X109.323 Y160.019 E6.56175
G1 X110.147 Y160.019 E.07187
G1 X162.521 Y107.646 E6.46011
G1 X162.521 Y108.47 E.07187
G1 X110.971 Y160.02 E6.35854
G1 X111.795 Y160.02 E.07187
G1 X162.521 Y109.294 E6.2569
G1 X162.521 Y110.118 E.07187
G1 X112.62 Y160.02 E6.1552
G1 X113.444 Y160.02 E.07187
G1 X162.521 Y110.943 E6.0535
G1 X162.521 Y111.767 E.07187
G1 X114.268 Y160.02 E5.95186
G1 X115.092 Y160.02 E.07187
G1 X162.521 Y112.591 E5.85023
G1 X162.521 Y113.415 E.07187
G1 X115.916 Y160.02 E5.74859
G1 X116.74 Y160.02 E.07187
G1 X162.521 Y114.239 E5.64695
G1 X162.521 Y115.063 E.07187
G1 X117.564 Y160.02 E5.54531
G1 X118.388 Y160.02 E.07187
G1 X162.521 Y115.887 E5.44367
G1 X162.521 Y116.711 E.07187
G1 X119.212 Y160.02 E5.34204
G1 X120.036 Y160.02 E.07187
G1 X162.521 Y117.536 E5.24034
G1 X162.521 Y118.36 E.07187
G1 X120.861 Y160.02 E5.13864
G1 X121.685 Y160.02 E.07187
G1 X162.521 Y119.184 E5.037
G1 X162.521 Y120.008 E.07187
G1 X122.509 Y160.02 E4.93536
G1 X123.333 Y160.02 E.07187
G1 X162.521 Y120.832 E4.83372
G1 X162.521 Y121.656 E.07187
G1 X124.157 Y160.02 E4.73208
G1 X124.981 Y160.02 E.07187
G1 X162.521 Y122.48 E4.63045
G1 X162.521 Y123.304 E.07187
G1 X125.805 Y160.02 E4.52881
G1 X126.629 Y160.02 E.07187
G1 X162.521 Y124.129 E4.42711
G1 X162.521 Y124.953 E.07187
G1 X127.453 Y160.02 E4.32547
G1 X128.278 Y160.02 E.07196
G1 X162.521 Y125.777 E4.22377
G1 X162.521 Y126.601 E.07187
G1 X129.102 Y160.02 E4.12213
G1 X129.926 Y160.02 E.07187
G1 X162.521 Y127.425 E4.0205
G1 X162.521 Y128.249 E.07187
G1 X130.75 Y160.02 E3.91886
G1 X131.574 Y160.02 E.07187
G1 X162.521 Y129.073 E3.81722
G1 X162.521 Y129.897 E.07187
G1 X132.398 Y160.02 E3.71558
G1 X133.222 Y160.02 E.07187
G1 X162.521 Y130.722 E3.61388
G1 X162.521 Y131.546 E.07187
G1 X134.046 Y160.02 E3.51224
G1 X134.87 Y160.02 E.07187
G1 X162.521 Y132.37 E3.41061
G1 X162.521 Y133.194 E.07187
G1 X135.694 Y160.02 E3.30897
G1 X136.519 Y160.02 E.07196
G1 X162.521 Y134.018 E3.20727
G1 X162.521 Y134.842 E.07187
G1 X137.343 Y160.02 E3.10563
G1 X138.167 Y160.02 E.07187
G1 X162.521 Y135.666 E3.00399
G1 X162.521 Y136.49 E.07187
G1 X138.991 Y160.02 E2.90235
G1 X139.815 Y160.02 E.07187
G1 X162.521 Y137.315 E2.80066
G1 X162.521 Y138.139 E.07187
G1 X140.639 Y160.02 E2.69902
G1 X141.463 Y160.02 E.07187
G1 X162.521 Y138.963 E2.59738
G1 X162.521 Y139.787 E.07187
G1 X142.287 Y160.02 E2.49574
G1 X143.111 Y160.02 E.07187
G1 X162.521 Y140.611 E2.3941
G1 X162.521 Y141.435 E.07187
G1 X143.936 Y160.02 E2.2924
G1 X144.76 Y160.02 E.07187
G1 X162.521 Y142.259 E2.19077
G1 X162.521 Y143.083 E.07187
G1 X145.584 Y160.02 E2.08913
G1 X146.408 Y160.02 E.07187
G1 X162.521 Y143.908 E1.98743
G1 X162.521 Y144.732 E.07187
G1 X147.232 Y160.02 E1.88579
G1 X148.056 Y160.02 E.07187
G1 X162.521 Y145.556 E1.78415
G1 X162.521 Y146.38 E.07187
G1 X148.88 Y160.02 E1.68251
G1 X149.704 Y160.02 E.07187
G1 X162.521 Y147.204 E1.58088
G1 X162.521 Y148.028 E.07187
G1 X150.528 Y160.02 E1.47924
G1 X151.353 Y160.02 E.07196
G1 X162.521 Y148.852 E1.37754
G1 X162.521 Y149.676 E.07187
G1 X152.177 Y160.02 E1.2759
G1 X153.001 Y160.02 E.07187
G1 X162.521 Y150.501 E1.1742
G1 X162.521 Y151.325 E.07187
G1 X153.825 Y160.02 E1.07256
G1 X154.649 Y160.02 E.07187
G1 X162.521 Y152.149 E.97093
G1 X162.521 Y152.973 E.07187
G1 X155.473 Y160.02 E.86929
G1 X156.297 Y160.02 E.07187
G1 X162.521 Y153.797 E.76765
G1 X162.521 Y154.621 E.07187
G1 X157.121 Y160.02 E.66601
G1 X157.945 Y160.02 E.07187
G1 X162.521 Y155.445 E.56437
G1 X162.521 Y156.269 E.07187
G1 X158.769 Y160.02 E.46274
G1 X159.594 Y160.021 E.07196
G1 X162.521 Y157.094 E.36104
G1 X162.521 Y157.918 E.07187
G1 X160.418 Y160.021 E.2594
G1 X161.242 Y160.021 E.07187
G1 X162.521 Y158.742 E.15776
G1 X162.667 Y158.652 E.01496
;WIDTH:0.623628
G1 F4575.641
G1 X162.814 Y158.563 E.01405
;WIDTH:0.587257
G1 F4901.961
G1 X162.753 Y158.58 E.00483
G1 X162.708 Y158.535 E.00486
G1 X162.724 Y158.473 E.00489
G1 X162.786 Y158.456 E.00491
G1 X162.831 Y158.502 E.00491
;WIPE_START
G1 F9600
G1 X162.786 Y158.456 E-.01146
G1 X162.724 Y158.473 E-.01145
G1 X162.708 Y158.535 E-.01141
G1 X162.753 Y158.58 E-.01134
G1 X162.814 Y158.563 E-.01128
G1 X162.667 Y158.652 E-.03061
G1 X162.521 Y158.742 E-.03055
G1 X161.242 Y160.021 E-.32219
G1 X160.418 Y160.021 E-.14677
G1 X161.263 Y159.176 E-.21294
;WIPE_END
G1 X162.49 Y159.86 F12000
G1 E.8 F1800
;WIDTH:0.926349
G1 F2944.321
G1 X162.415 Y159.785 E.01348
G1 X162.312 Y159.812 E.01353
G1 X162.285 Y159.915 E.01353
G1 X162.36 Y159.99 E.01348
G1 X162.462 Y159.962 E.01344
;WIPE_START
G1 F9600
G1 X162.36 Y159.99 E-.01884
G1 X162.285 Y159.915 E-.01889
G1 X162.312 Y159.812 E-.01897
G1 X162.415 Y159.785 E-.01897
G1 X162.49 Y159.86 E-.01889
;WIPE_END
G1 E-.70544 F1800
G1 X106.172 Y137.623 F12000
G1 E.8 F1800
;WIDTH:0.66
G1 F4290.056
G1 X104.738 Y139.057 E.17688
G1 X104.563 Y139.208 E.02016
;WIDTH:0.623628
G1 F4575.641
G1 X104.387 Y139.36 E.01902
;WIDTH:0.587257
G1 F4901.961
G1 X104.342 Y139.315 E.00486
G1 X104.281 Y139.331 E.00481
G1 X104.264 Y139.393 E.00491
G1 X104.309 Y139.438 E.00486
G1 X104.371 Y139.422 E.00489
;WIPE_START
G1 F9600
G1 X104.309 Y139.438 E-.01141
G1 X104.264 Y139.393 E-.01134
G1 X104.281 Y139.331 E-.01145
G1 X104.342 Y139.315 E-.01123
G1 X104.387 Y139.36 E-.01134
G1 X104.563 Y139.208 E-.04142
G1 X104.738 Y139.057 E-.04117
G1 X106.172 Y137.623 E-.36123
;WIPE_END
G1 E-.29941 F1800
G1 X106.099 Y138.494 F12000
G1 E.8 F1800
G1 F4901.961
G1 X106.038 Y138.511 E.00483
G1 X105.993 Y138.466 E.00486
G1 X106.009 Y138.404 E.00489
G1 X106.071 Y138.388 E.00489
G1 X106.116 Y138.433 E.00486
;WIDTH:0.623628
G1 F4575.641
G1 X106.291 Y138.293 E.01833
;WIDTH:0.66
G1 F4290.056
G1 X106.466 Y138.152 E.0196
G1 X106.886 Y137.733 E.05174
;WIPE_START
G1 F9600
G1 X106.466 Y138.152 E-.10567
G1 X106.291 Y138.293 E-.04003
G1 X106.116 Y138.433 E-.03992
G1 X106.071 Y138.388 E-.01134
G1 X106.009 Y138.404 E-.01141
G1 X105.993 Y138.466 E-.01141
G1 X106.038 Y138.511 E-.01134
G1 X106.099 Y138.494 E-.01128
;WIPE_END
G1 E-.5576 F1800
G1 X93.561 Y115.621 F12000
G1 E.8 F1800
G1 F4290.056
G1 X96.578 Y112.603 E.3722
G1 X97.001 Y113.005 E.0509
G1 X94.302 Y115.704 E.33291
G1 X95.019 Y115.811 E.06323
G1 X97.513 Y113.317 E.30763
G1 X97.404 Y114.223 E.07959
;WIDTH:0.621414
G1 F4594.262
G1 X96.803 Y115.282 E.09917
G1 X96.43 Y116.042 E.06895
G1 X95.695 Y115.932 E.06053
G1 X97.198 Y114.429 E.17312
;WIPE_START
G1 F9600
G1 X95.695 Y115.932 E-.37862
G1 X96.43 Y116.042 E-.13238
G1 X96.803 Y115.282 E-.1508
G1 X97.186 Y114.607 E-.1382
;WIPE_END
G1 X108.723 Y119.567 F12000
G1 E.8 F1800
;TYPE:Top solid infill
;WIDTH:0.600497
G1 X97.343 Y108.187 E1.26036
G1 X97.089 Y108.673 E.04295
G1 X108.031 Y119.615 E1.21185
G1 X107.508 Y119.832 E.04434
G1 X96.849 Y109.173 E1.18051
G1 X96.634 Y109.698 E.04443
G1 X106.977 Y120.041 E1.14551
G1 X106.433 Y120.237 E.04528
G1 X96.479 Y110.283 E1.10243
G1 X96.448 Y110.635 E.02767
G1 X96.469 Y111.013 E.02965
G1 X105.879 Y120.422 E1.04212
G1 X105.315 Y120.598 E.04627
G1 X98.377 Y113.66 E.7684
G1 X98.091 Y114.115 E.04209
G1 X104.739 Y120.763 E.73628
G1 X104.152 Y120.916 E.04751
G1 X97.813 Y114.576 E.70211
G1 X97.541 Y115.045 E.04246
G1 X103.552 Y121.055 E.66568
G1 X102.936 Y121.179 E.04921
G1 X97.279 Y115.523 E.62647
G1 X97.031 Y116.014 E.04308
G1 X102.301 Y121.285 E.58372
G1 X101.645 Y121.368 E.05178
G1 X96.797 Y116.52 E.53693
G1 X96.747 Y116.629 E.00939
G1 X96.063 Y116.526 E.05417
G1 X100.947 Y121.411 E.54097
G1 X100.194 Y121.397 E.05898
G1 X95.192 Y116.396 E.55393
G1 X94.322 Y116.266 E.06889
G1 X99.351 Y121.294 E.55692
G1 X98.691 Y121.128 E.0533
G1 X98.292 Y120.975 E.03347
G1 X93.491 Y116.174 E.53172
G1 X93.112 Y116.226 E.02996
G1 X92.871 Y116.294 E.01961
G1 X97.147 Y120.571 E.47363
G1 X96.687 Y120.851 E.04217
G1 X92.407 Y116.57 E.47407
G1 X92.169 Y116.803 E.02608
G1 X92.049 Y116.952 E.01498
G1 X96.254 Y121.157 E.46571
G1 X95.862 Y121.506 E.0411
G1 X91.781 Y117.424 E.45204
G1 X91.534 Y117.918 E.04325
G1 X95.509 Y121.892 E.44018
G1 X95.383 Y122.063 E.01663
G1 X95.218 Y122.341 E.02532
G1 X91.304 Y118.427 E.43348
G1 X91.089 Y118.953 E.0445
G1 X95.02 Y122.883 E.43531
G1 X94.989 Y123.17 E.02261
G1 X95.025 Y123.628 E.03598
G1 X90.894 Y119.497 E.45752
G1 X90.724 Y120.067 E.04658
G1 X112.375 Y141.718 E2.3979
G1 X111.844 Y141.928 E.04472
G1 X107.983 Y138.066 E.42767
G1 X107.47 Y138.293 E.04393
G1 X111.318 Y142.141 E.42617
G1 X110.792 Y142.355 E.04447
G1 X106.963 Y138.526 E.42407
G1 X106.464 Y138.767 E.0434
G1 X110.27 Y142.573 E.42152
G1 X109.749 Y142.792 E.04426
G1 X105.974 Y139.017 E.41809
G1 X105.49 Y139.273 E.04288
G1 X109.232 Y143.015 E.41443
G1 X108.718 Y143.241 E.04397
G1 X105.013 Y139.536 E.41034
G1 X104.546 Y139.809 E.04236
G1 X108.207 Y143.47 E.40546
G1 X107.701 Y143.704 E.04366
G1 X104.086 Y140.089 E.40037
G1 X103.632 Y140.375 E.04202
G1 X107.198 Y143.941 E.39494
G1 X106.701 Y144.184 E.04333
G1 X103.187 Y140.67 E.38918
G1 X102.75 Y140.973 E.04164
G1 X106.211 Y144.434 E.38331
G1 X105.728 Y144.691 E.04285
G1 X102.32 Y141.283 E.37744
G1 X101.917 Y141.585 E.03944
G1 X101.898 Y141.6 E.0019
G1 X105.254 Y144.957 E.37174
G1 X104.791 Y145.234 E.04225
G1 X101.486 Y141.929 E.36604
G1 X101.083 Y142.265 E.04109
G1 X104.345 Y145.528 E.36133
G1 X103.93 Y145.853 E.04128
G1 X100.688 Y142.611 E.35906
G1 X100.326 Y142.942 E.03841
G1 X100.302 Y142.965 E.0026
G1 X103.579 Y146.241 E.36288
G1 X103.474 Y146.424 E.01652
G1 X103.358 Y146.761 E.02791
G1 X99.929 Y143.332 E.37977
G1 X99.569 Y143.711 E.04094
G1 X103.258 Y147.401 E.40862
G1 X103.23 Y148.113 E.0558
G1 X99.22 Y144.103 E.44412
G1 X98.886 Y144.509 E.04117
G1 X103.246 Y148.869 E.48288
G1 X103.3 Y149.663 E.06232
G1 X98.567 Y144.929 E.52425
G1 X98.267 Y145.37 E.04177
G1 X103.381 Y150.484 E.56639
G1 X103.386 Y150.773 E.02264
G1 X103.324 Y151.166 E.03116
G1 X97.991 Y145.833 E.59064
G1 X97.734 Y146.317 E.04292
G1 X103.091 Y151.673 E.59324
G1 X102.921 Y151.895 E.0219
G1 X102.746 Y152.069 E.01933
G1 X97.506 Y146.828 E.5804
G1 X97.308 Y147.371 E.04526
G1 X102.339 Y152.401 E.55714
G1 X101.931 Y152.734 E.04124
G1 X97.145 Y147.948 E.53006
G1 X97.019 Y148.561 E.04901
G1 X101.524 Y153.066 E.49894
G1 X101.116 Y153.399 E.04124
G1 X96.931 Y149.213 E.46355
G1 X96.88 Y149.902 E.05411
G1 X100.709 Y153.731 E.42407
G1 X100.301 Y154.064 E.04124
G1 X96.859 Y150.622 E.38121
G1 X96.871 Y151.374 E.0589
G1 X99.894 Y154.396 E.33475
G1 X99.672 Y154.536 E.02055
G1 X99.406 Y154.648 E.0226
G1 X96.917 Y152.159 E.27566
G1 X96.973 Y152.955 E.06249
G1 X98.775 Y154.757 E.19958
G1 X98.562 Y154.756 E.01668
G1 X98.275 Y154.714 E.02272
G1 X98.083 Y154.655 E.01573
G1 X97.877 Y154.545 E.01829
G1 X97.607 Y154.329 E.02708
G1 X96.847 Y153.569 E.08417
;WIPE_START
G1 F9600
G1 X97.607 Y154.329 E-.19145
G1 X97.877 Y154.545 E-.06159
G1 X98.083 Y154.655 E-.0416
G1 X98.275 Y154.714 E-.03578
G1 X98.562 Y154.756 E-.05167
G1 X98.775 Y154.757 E-.03794
G1 X97.266 Y153.249 E-.37997
;WIPE_END
G1 X109.211 Y130.414 F12000
G1 E.8 F1800
G1 X122.671 Y143.874 E1.49072
G1 X122.917 Y143.38 E.04322
G1 X110.399 Y130.863 E1.38634
G1 X111.288 Y131.012 E.07059
G1 X123.139 Y142.863 E1.31252
G1 X123.331 Y142.315 E.04547
G1 X112.175 Y131.159 E1.23555
G1 X113.056 Y131.3 E.06987
G1 X123.496 Y141.739 E1.1562
G1 X123.629 Y141.133 E.04859
G1 X113.936 Y131.44 E1.07352
G1 X114.81 Y131.574 E.06925
G1 X123.73 Y140.493 E.98785
G1 X123.8 Y139.824 E.05268
G1 X115.684 Y131.708 E.89887
G1 X116.558 Y131.842 E.06925
G1 X123.839 Y139.123 E.80639
G1 X123.852 Y138.395 E.05702
G1 X117.432 Y131.976 E.71097
G1 X118.305 Y132.109 E.06916
G1 X123.834 Y137.638 E.61235
G1 X123.787 Y136.851 E.06174
G1 X119.174 Y132.238 E.5109
G1 X120.044 Y132.367 E.06888
G1 X124.083 Y136.407 E.44738
G1 X124.417 Y136.001 E.04117
G1 X120.913 Y132.497 E.38808
G1 X121.782 Y132.626 E.0688
G1 X124.732 Y135.576 E.32672
G1 X124.856 Y135.292 E.02427
G1 X124.917 Y135.021 E.02175
G1 X122.652 Y132.756 E.25085
G1 X123.522 Y132.886 E.06889
G1 X125.209 Y134.573 E.18684
;WIPE_START
G1 F9600
G1 X123.522 Y132.886 E-.42497
G1 X122.652 Y132.756 E-.15669
G1 X123.519 Y133.623 E-.21834
;WIPE_END
G1 X112.08 Y79.444 F12000
G1 E.8 F1800
;WIDTH:0.609401
G1 X100.954 Y68.319 E1.25314
G1 X100.675 Y68.792 E.04374
G1 X111.222 Y79.339 E1.18798
G1 X110.843 Y79.377 E.03034
G1 X110.457 Y79.327 E.031
G1 X108.81 Y77.679 E.18557
;WIPE_START
G1 F9600
G1 X110.457 Y79.327 E-.41502
G1 X110.843 Y79.377 E-.06933
G1 X111.222 Y79.339 E-.06785
G1 X110.238 Y78.355 E-.2478
;WIPE_END
G1 X104.711 Y71.323 F12000
G1 E.8 F1800
G1 X101.306 Y67.918 E.38353
G1 X101.536 Y67.754 E.0225
G1 X101.775 Y67.635 E.02126
G1 X104.801 Y70.661 E.34084
G1 X105.071 Y70.178 E.04407
G1 X102.356 Y67.463 E.30581
G1 X102.957 Y67.311 E.04937
G1 X105.33 Y69.684 E.26729
G1 X105.424 Y69.322 E.02979
G1 X105.439 Y69.041 E.02241
G1 X103.599 Y67.201 E.20725
G1 X103.852 Y67.216 E.02019
G1 X104.042 Y67.256 E.01546
G1 X104.468 Y67.403 E.03589
G1 X104.632 Y67.481 E.01446
G1 X105.622 Y68.471 E.11151
;LAYER_CHANGE
;Z:1.02
;HEIGHT:0.36
;BEFORE_LAYER_CHANGE
G92 E0
;1.02


;WIPE_START
G1 F9600
G1 X104.632 Y67.481 E-.24939
G1 X104.468 Y67.403 E-.03235
G1 X104.042 Y67.256 E-.08027
G1 X103.852 Y67.216 E-.03459
G1 X103.599 Y67.201 E-.04514
G1 X105.022 Y68.623 E-.35826
;WIPE_END
G1 Z1.02 F12000
;AFTER_LAYER_CHANGE
;1.02
G1 X102.826 Y119.691
G1 E.8 F1800
;TYPE:External perimeter
;WIDTH:0.63
G1 F3600
G1 X102.202 Y119.809 E.05254
G1 X101.439 Y119.907 E.06364
G1 X100.594 Y119.937 E.06995
G1 X99.874 Y119.874 E.05979
G1 X99.156 Y119.725 E.06067
G1 X98.608 Y119.48 E.04966
G1 X98.231 Y119.168 E.04048
G1 X98.061 Y118.929 E.02426
G1 X97.967 Y118.65 E.02436
;WIDTH:0.58358
G1 X97.919 Y118.337 E.024
;WIDTH:0.598512
G1 X97.925 Y118.073 E.0206
;WIDTH:0.63
G1 X97.931 Y117.809 E.02185
G1 X98.192 Y117.022 E.0686
G1 X98.414 Y116.536 E.0442
G1 X99.049 Y115.385 E.10875
G1 X99.65 Y114.405 E.09511
G1 X102.012 Y110.867 E.35193
G1 X99.984 Y111.432 E.17416
G1 X99.099 Y111.591 E.07439
G1 X98.532 Y111.541 E.04709
G1 X98.169 Y111.333 E.03461
G1 X97.971 Y111.011 E.03127
G1 X97.927 Y110.728 E.02369
G1 X97.986 Y110.31 E.03492
G1 X98.297 Y109.552 E.06778
G1 X98.554 Y109.047 E.04688
G1 X99.189 Y107.919 E.10709
G1 X99.941 Y106.68 E.1199
G1 X100.732 Y105.431 E.12231
G1 X102.577 Y102.629 E.27755
G1 X102.718 Y102.514 E.01505
G1 X104.066 Y102.352 E.11232
G1 X104.249 Y102.394 E.01553
G1 X104.364 Y102.548 E.0159
G1 X104.372 Y102.709 E.01334
G1 X103.31 Y104.437 E.1678
G1 X102.727 Y105.429 E.09519
G1 X102.217 Y106.354 E.08739
G1 X101.99 Y106.857 E.04565
G1 X101.932 Y107.12 E.02228
G1 X102.179 Y107.173 E.0209
G1 X102.382 Y107.181 E.01681
G1 X102.818 Y107.111 E.03653
G1 X103.825 Y106.844 E.08619
G1 X105.233 Y106.408 E.12194
G1 X107.73 Y105.568 E.21795
G1 X109.451 Y104.966 E.15084
G1 X113.367 Y103.554 E.34438
G1 X114.07 Y102.929 E.07782
G1 X114.839 Y102.186 E.08846
G1 X114.989 Y102.112 E.01384
G1 X115.194 Y102.161 E.01744
G1 X115.3 Y102.322 E.01595
G1 X115.569 Y103.478 E.09819
G1 X115.767 Y104.688 E.10143
G1 X115.894 Y105.952 E.1051
G1 X115.94 Y107.219 E.10489
G1 X115.93 Y107.853 E.05246
G1 X115.874 Y108.922 E.08856
G1 X115.707 Y109.85 E.07801
G1 X115.401 Y110.666 E.0721
G1 X115.106 Y111.218 E.05178
G1 X113.231 Y114.216 E.29254
G1 X112.775 Y114.827 E.06307
G1 X112.414 Y115.225 E.04445
G1 X111.998 Y115.607 E.04672
G1 X111.135 Y116.251 E.08908
G1 X110.17 Y116.875 E.09507
G1 X109.183 Y117.435 E.09388
G1 X108.503 Y117.782 E.06316
G1 X107.155 Y118.386 E.1222
G1 X105.821 Y118.889 E.11795
G1 X104.53 Y119.293 E.11191
G1 X103.311 Y119.599 E.10398
G1 X102.914 Y119.674 E.03342
;WIPE_START
G1 F9600
G1 X102.826 Y119.691 E-.01596
G1 X102.202 Y119.809 E-.11312
G1 X101.439 Y119.907 E-.13703
G1 X100.594 Y119.937 E-.15061
G1 X99.874 Y119.874 E-.12874
G1 X99.156 Y119.725 E-.13062
G1 X98.608 Y119.48 E-.10692
G1 X98.534 Y119.419 E-.017
;WIPE_END
G1 X99.328 Y153.686 F12000
G1 E.8 F1800
;TYPE:Perimeter
;WIDTH:0.66
G1 F4290.056
G1 X99.27 Y153.734 E.00657
G1 X99.017 Y153.876 E.0253
G1 X98.714 Y153.924 E.02676
G1 X98.414 Y153.86 E.02675
G1 X98.172 Y153.707 E.02497
G1 X97.96 Y153.411 E.03176
G1 X97.894 Y153.134 E.02484
G1 X97.772 Y151.223 E.16702
G1 X97.776 Y150.121 E.09612
G1 X97.815 Y149.487 E.0554
G1 X97.888 Y148.859 E.05514
G1 X98.114 Y147.838 E.09121
G1 X98.522 Y146.77 E.09972
G1 X99.071 Y145.822 E.09555
G1 X99.691 Y144.95 E.09332
G1 X100.083 Y144.491 E.05265
G1 X100.956 Y143.594 E.10917
G1 X101.914 Y142.749 E.11142
G1 X102.454 Y142.317 E.06032
G1 X103.591 Y141.49 E.12263
G1 X104.781 Y140.724 E.12344
G1 X105.437 Y140.338 E.06639
G1 X106.739 Y139.642 E.12877
G1 X108.05 Y139.026 E.12634
G1 X109.69 Y138.347 E.15482
G1 X113.126 Y137.048 E.32039
G1 X107.767 Y136.386 E.47096
G1 X106.185 Y136.148 E.13953
G1 X104.754 Y135.895 E.12675
G1 X102.808 Y135.473 E.17367
G1 X101.604 Y135.153 E.10866
G1 X101.073 Y134.989 E.04847
G1 X100.453 Y134.796 E.05664
G1 X99.376 Y134.412 E.09973
G1 X98.42 Y134.029 E.08982
G1 X97.765 Y133.723 E.06306
G1 X96.661 Y133.141 E.10885
G1 X96.032 Y132.743 E.06492
G1 X95.134 Y132.098 E.09643
G1 X94.459 Y131.515 E.07779
G1 X93.845 Y130.893 E.07623
G1 X93.263 Y130.194 E.07933
G1 X92.561 Y129.125 E.11154
G1 X92.026 Y128.015 E.10747
G1 X91.77 Y127.316 E.06493
G1 X91.499 Y126.335 E.08877
G1 X91.329 Y125.403 E.08263
G1 X91.215 Y124.064 E.11721
G1 X91.209 Y123.131 E.08138
G1 X91.281 Y122.007 E.09824
G1 X91.392 Y121.214 E.06984
G1 X91.637 Y120.17 E.09353
G1 X91.88 Y119.427 E.06818
G1 X92.188 Y118.665 E.07169
G1 X92.744 Y117.54 E.10945
G1 X92.961 Y117.265 E.03055
G1 X93.257 Y117.105 E.02935
G1 X93.595 Y117.075 E.0296
G1 X97.334 Y117.637 E.32978
G1 X97.392 Y117.63 E.0051
G1 X97.653 Y116.843 E.07232
G1 X97.899 Y116.298 E.05215
G1 X98.565 Y115.088 E.12047
G1 X99.167 Y114.108 E.10031
G1 X100.69 Y111.825 E.23936
G1 X100.136 Y111.979 E.05015
G1 X99.199 Y112.15 E.08307
G1 X98.47 Y112.105 E.0637
G1 X98.088 Y111.965 E.03548
G1 X97.733 Y111.704 E.03843
G1 X97.489 Y111.322 E.03953
G1 X97.372 Y110.916 E.03685
G1 X97.364 Y110.662 E.02216
G1 X97.437 Y110.161 E.04416
G1 X97.771 Y109.337 E.07755
G1 X98.048 Y108.789 E.05356
G1 X98.695 Y107.64 E.11501
G1 X99.456 Y106.385 E.12801
G1 X100.253 Y105.127 E.12989
G1 X102.103 Y102.317 E.29343
G1 X102.361 Y102.065 E.03146
G1 X102.707 Y101.943 E.032
G1 X103.998 Y101.788 E.11341
G1 X104.346 Y101.819 E.03047
G1 X104.557 Y101.917 E.02029
G1 X104.713 Y102.048 E.01777
G1 X104.908 Y102.387 E.03411
G1 X104.929 Y102.778 E.03415
G1 X104.818 Y103.068 E.02708
G1 X103.797 Y104.73 E.17013
G1 X103.01 Y106.07 E.13554
G1 X102.762 Y106.538 E.0462
G1 X103.668 Y106.299 E.08172
G1 X105.058 Y105.867 E.12696
G1 X107.546 Y105.031 E.22892
G1 X113.072 Y103.057 E.5118
G1 X113.684 Y102.513 E.07142
G1 X114.444 Y101.778 E.09221
G1 X114.668 Y101.623 E.02376
G1 X114.903 Y101.55 E.02146
G1 X115.168 Y101.552 E.02311
G1 X115.528 Y101.702 E.03402
G1 X115.765 Y101.969 E.03114
G1 X115.853 Y102.194 E.02107
G1 X116.122 Y103.349 E.10343
G1 X116.327 Y104.597 E.11031
G1 X116.459 Y105.896 E.11388
G1 X116.507 Y107.199 E.11372
G1 X116.498 Y107.862 E.05783
G1 X116.44 Y108.961 E.09599
G1 X116.266 Y109.951 E.08767
G1 X115.932 Y110.869 E.0852
G1 X115.693 Y111.326 E.04498
G1 X113.712 Y114.517 E.32759
G1 X113.23 Y115.167 E.07058
G1 X112.834 Y115.607 E.05163
G1 X112.381 Y116.026 E.05382
G1 X111.459 Y116.717 E.10049
G1 X110.485 Y117.348 E.10122
G1 X109.463 Y117.929 E.10254
G1 X108.748 Y118.294 E.07002
G1 X107.372 Y118.911 E.13153
G1 X106.006 Y119.426 E.12733
G1 X104.684 Y119.84 E.12083
G1 X103.433 Y120.154 E.1125
G1 X102.307 Y120.367 E.09995
G1 X101.51 Y120.47 E.07009
G1 X100.613 Y120.505 E.0783
G1 X99.822 Y120.439 E.06923
G1 X99.477 Y120.392 E.03037
G1 X98.983 Y120.267 E.04444
G1 X98.365 Y119.993 E.05896
G1 X97.913 Y119.652 E.04938
G1 X97.607 Y119.275 E.04235
G1 X96.406 Y119.956 E.12042
G1 X95.647 Y120.481 E.08049
G1 X95.257 Y120.83 E.04565
G1 X94.733 Y121.416 E.06856
G1 X94.452 Y121.852 E.04524
G1 X94.251 Y122.292 E.04219
G1 X94.105 Y122.884 E.05318
G1 X94.104 Y123.555 E.05852
G1 X94.259 Y124.315 E.06765
G1 X94.47 Y124.847 E.04992
G1 X94.779 Y125.384 E.05404
G1 X95.185 Y125.912 E.05809
G1 X95.695 Y126.433 E.06359
G1 X96.316 Y126.946 E.07025
G1 X96.78 Y127.273 E.04951
G1 X97.59 Y127.765 E.08266
G1 X98.18 Y128.077 E.05821
G1 X98.823 Y128.382 E.06207
G1 X99.218 Y128.55 E.03744
G1 X108.315 Y125.441 E.83849
G1 X112.921 Y123.714 E.42904
G1 X115.565 Y122.656 E.24839
G1 X117.018 Y122.032 E.13792
G1 X118.867 Y121.157 E.17842
G1 X120.451 Y120.299 E.15712
G1 X121.22 Y119.828 E.07865
G1 X121.699 Y119.474 E.05195
G1 X122.065 Y119.137 E.04339
G1 X122.473 Y118.607 E.05834
G1 X122.728 Y118.031 E.05494
G1 X122.867 Y117.324 E.06284
G1 X122.886 Y116.343 E.08558
G1 X122.818 Y115.719 E.05475
G1 X122.834 Y115.443 E.02411
G1 X122.982 Y115.123 E.03075
G1 X123.186 Y114.929 E.02455
G1 X126.012 Y113.029 E.29701
G1 X126.289 Y112.908 E.02636
G1 X126.597 Y112.893 E.0269
G1 X126.923 Y113.009 E.03018
G1 X127.163 Y113.229 E.0284
G1 X127.318 Y113.565 E.03227
G1 X127.412 Y115.008 E.12612
G1 X127.388 Y115.532 E.04575
G1 X127.274 Y116.217 E.06057
G1 X127.018 Y117.036 E.07484
G1 X126.616 Y117.914 E.08422
G1 X125.83 Y119.157 E.12827
G1 X125.151 Y120.028 E.09632
G1 X124.377 Y120.901 E.10176
G1 X123.469 Y121.826 E.11305
G1 X123.017 Y122.255 E.05435
G1 X122.557 Y122.66 E.05346
G1 X122.077 Y123.047 E.05378
G1 X121.567 Y123.42 E.05511
G1 X121.02 Y123.782 E.05721
G1 X120.427 Y124.137 E.06028
G1 X119.78 Y124.488 E.0642
G1 X119.07 Y124.84 E.06912
G1 X118.273 Y125.205 E.07646
G1 X116.458 Y125.959 E.17142
G1 X115.39 Y126.372 E.09987
G1 X112.911 Y127.282 E.23032
G1 X104.008 Y130.375 E.82204
G1 X104.467 Y130.522 E.04204
G1 X105.98 Y130.92 E.13645
G1 X107.882 Y131.327 E.16965
G1 X110.373 Y131.779 E.22081
G1 X113.648 Y132.313 E.28942
G1 X123.411 Y133.786 E.86116
G1 X123.702 Y133.887 E.02687
G1 X123.951 Y134.103 E.02875
G1 X124.104 Y134.418 E.03054
G1 X124.115 Y134.773 E.03098
G1 X123.997 Y135.084 E.02901
G1 X122.843 Y136.487 E.15845
G1 X122.935 Y137.854 E.1195
G1 X122.94 Y138.886 E.09001
G1 X122.854 Y140.192 E.11416
G1 X122.725 Y141.044 E.07516
G1 X122.443 Y142.114 E.09651
G1 X122.148 Y142.886 E.07208
G1 X121.641 Y143.851 E.09508
G1 X121.199 Y144.529 E.07059
G1 X120.775 Y145.1 E.06203
G1 X120.341 Y145.638 E.06029
G1 X119.888 Y146.156 E.06002
G1 X119.405 Y146.668 E.06139
G1 X118.464 Y147.553 E.11267
G1 X117.952 Y147.981 E.0582
G1 X117.446 Y148.369 E.05561
G1 X116.935 Y148.725 E.05432
G1 X116.421 Y149.05 E.05304
G1 X115.615 Y149.491 E.08013
G1 X114.403 Y149.975 E.11383
G1 X113.556 Y150.186 E.07613
G1 X112.478 Y150.26 E.09424
G1 X111.499 Y150.179 E.08568
G1 X110.462 Y149.955 E.09253
G1 X109.888 Y149.785 E.05221
G1 X109.258 Y149.567 E.05814
G1 X108.987 Y149.412 E.02723
G1 X108.823 Y149.224 E.02176
G1 X108.712 Y148.959 E.02506
G1 X108.71 Y148.59 E.03218
G1 X108.873 Y148.235 E.03407
G1 X110.791 Y145.189 E.31395
G1 X111.047 Y144.931 E.0317
G1 X111.386 Y144.803 E.0316
G1 X111.77 Y144.837 E.03362
G1 X113.198 Y145.307 E.13112
G1 X113.734 Y145.455 E.0485
G1 X114.313 Y145.572 E.05152
G1 X114.927 Y145.648 E.05396
G1 X115.548 Y145.622 E.05421
G1 X116.06 Y145.506 E.04579
G1 X116.549 Y145.286 E.04677
G1 X116.97 Y144.986 E.04509
G1 X117.344 Y144.604 E.04663
G1 X117.635 Y144.211 E.04265
G1 X117.906 Y143.722 E.04876
G1 X118.096 Y143.251 E.0443
G1 X118.239 Y142.721 E.04788
G1 X118.355 Y142.061 E.05845
G1 X118.397 Y141.534 E.04611
G1 X118.428 Y140.398 E.09912
G1 X118.418 Y139.112 E.11217
G1 X118.394 Y138.5 E.05342
G1 X116.588 Y139.15 E.16741
G1 X113.939 Y140.137 E.24656
G1 X110.488 Y141.499 E.32359
G1 X108.539 Y142.326 E.18466
G1 X107.675 Y142.714 E.08261
G1 X106.133 Y143.453 E.14914
G1 X105.475 Y143.794 E.06464
G1 X104.888 Y144.119 E.05852
G1 X103.904 Y144.728 E.10093
G1 X103.453 Y145.066 E.04916
G1 X102.993 Y145.526 E.05674
G1 X102.655 Y146.038 E.05351
G1 X102.476 Y146.611 E.05236
G1 X102.368 Y147.177 E.05026
G1 X102.327 Y147.802 E.05463
G1 X102.33 Y148.709 E.07911
G1 X102.356 Y149.235 E.04593
G1 X102.484 Y150.631 E.12227
G1 X102.462 Y150.914 E.02476
G1 X102.284 Y151.275 E.03511
G1 X99.398 Y153.63 E.32489
G1 X98.969 Y153.246 F12000
;TYPE:External perimeter
;WIDTH:0.63
G1 F3600
G1 X98.911 Y153.294 E.00623
G1 X98.729 Y153.356 E.01591
G1 X98.552 Y153.285 E.01578
G1 X98.462 Y153.123 E.01533
G1 X98.34 Y151.206 E.15891
G1 X98.344 Y150.123 E.0896
G1 X98.381 Y149.523 E.04973
G1 X98.449 Y148.954 E.04741
G1 X98.669 Y147.961 E.08414
G1 X99.049 Y146.987 E.08649
G1 X99.659 Y145.941 E.10017
G1 X100.145 Y145.292 E.06708
G1 X100.514 Y144.86 E.047
G1 X101.347 Y144.006 E.09869
G1 X102.289 Y143.175 E.10392
G1 X102.808 Y142.761 E.05492
G1 X103.911 Y141.959 E.11282
G1 X105.088 Y141.202 E.11577
G1 X105.715 Y140.833 E.06019
G1 X106.994 Y140.149 E.11999
G1 X108.279 Y139.545 E.11747
G1 X109.9 Y138.875 E.14511
G1 X112.512 Y137.881 E.23121
G1 X115.544 Y136.759 E.26746
G1 X112.74 Y136.432 E.23355
G1 X107.844 Y135.823 E.40816
G1 X106.277 Y135.587 E.1311
G1 X104.853 Y135.336 E.11962
G1 X102.928 Y134.918 E.16297
G1 X101.75 Y134.605 E.10084
G1 X100.632 Y134.258 E.09684
G1 X99.567 Y133.878 E.09355
G1 X98.632 Y133.502 E.08337
G1 X97.475 Y132.939 E.10645
G1 X96.933 Y132.643 E.05109
G1 X96.336 Y132.264 E.0585
G1 X95.472 Y131.642 E.08807
G1 X94.831 Y131.087 E.07014
G1 X94.25 Y130.495 E.06862
G1 X93.72 Y129.855 E.06875
G1 X93.056 Y128.845 E.1
G1 X92.538 Y127.768 E.09887
G1 X92.304 Y127.124 E.05669
G1 X92.047 Y126.185 E.08054
G1 X91.892 Y125.328 E.07205
G1 X91.78 Y124.016 E.10894
G1 X91.776 Y123.148 E.07181
G1 X91.847 Y122.044 E.09152
G1 X91.95 Y121.318 E.06066
G1 X92.19 Y120.299 E.08661
G1 X92.418 Y119.606 E.06035
G1 X92.707 Y118.897 E.06334
G1 X93.253 Y117.791 E.10204
G1 X93.392 Y117.66 E.0158
G1 X93.575 Y117.645 E.01519
G1 X97.249 Y118.198 E.30737
G1 X97.327 Y118.224 E.0068
;WIDTH:0.625442
G1 X97.386 Y118.326 E.00967
;WIDTH:0.592535
G1 X97.445 Y118.427 E.00902
;WIDTH:0.598346
G1 X97.437 Y118.666 E.01865
;WIDTH:0.63
G1 X97.279 Y118.809 E.01763
G1 X96.104 Y119.475 E.11174
G1 X95.295 Y120.034 E.08135
G1 X94.855 Y120.428 E.04886
G1 X94.28 Y121.071 E.07136
G1 X93.952 Y121.579 E.05003
G1 X93.712 Y122.105 E.04783
G1 X93.538 Y122.814 E.0604
G1 X93.537 Y123.611 E.06594
G1 X93.712 Y124.477 E.07309
G1 X93.957 Y125.094 E.05492
G1 X94.306 Y125.701 E.05793
G1 X94.756 Y126.285 E.06099
G1 X95.311 Y126.851 E.06558
G1 X95.971 Y127.397 E.07086
G1 X96.468 Y127.748 E.05034
G1 X97.31 Y128.259 E.08148
G1 X97.925 Y128.584 E.05755
G1 X98.59 Y128.899 E.06088
G1 X99.195 Y129.158 E.05444
G1 X108.507 Y125.976 E.81411
G1 X113.126 Y124.243 E.40814
G1 X115.782 Y123.181 E.23664
G1 X117.251 Y122.549 E.1323
G1 X119.124 Y121.663 E.17141
G1 X120.735 Y120.791 E.15155
G1 X121.537 Y120.299 E.07784
G1 X122.061 Y119.912 E.05389
G1 X122.485 Y119.522 E.04766
G1 X122.964 Y118.899 E.06501
G1 X123.273 Y118.203 E.063
G1 X123.434 Y117.384 E.06905
G1 X123.455 Y116.317 E.08829
G1 X123.382 Y115.659 E.05477
G1 X123.436 Y115.463 E.01682
G1 X123.843 Y115.171 E.04144
G1 X126.329 Y113.5 E.24781
G1 X126.52 Y113.456 E.01622
G1 X126.693 Y113.549 E.01625
G1 X126.759 Y113.712 E.01455
G1 X126.846 Y115.045 E.11051
G1 X126.828 Y115.438 E.03255
G1 X126.715 Y116.119 E.05711
G1 X126.478 Y116.861 E.06444
G1 X126.115 Y117.643 E.07132
G1 X125.365 Y118.83 E.11616
G1 X124.715 Y119.665 E.08754
G1 X123.952 Y120.525 E.09511
G1 X123.065 Y121.428 E.10472
G1 X122.627 Y121.843 E.04992
G1 X122.182 Y122.233 E.04895
G1 X121.721 Y122.605 E.04901
G1 X121.233 Y122.962 E.05002
G1 X120.707 Y123.308 E.05209
G1 X120.136 Y123.649 E.05502
G1 X119.51 Y123.988 E.05889
G1 X118.045 Y124.685 E.13422
G1 X116.247 Y125.432 E.16107
G1 X115.19 Y125.841 E.09376
G1 X112.72 Y126.747 E.21765
G1 X103.61 Y129.912 E.79785
G1 X102.335 Y130.407 E.11315
G1 X102.941 Y130.629 E.05339
G1 X104.304 Y131.066 E.11841
G1 X105.848 Y131.472 E.13208
G1 X107.772 Y131.884 E.16278
G1 X110.277 Y132.339 E.21063
G1 X113.56 Y132.874 E.27518
G1 X123.326 Y134.347 E.81707
G1 X123.499 Y134.446 E.01649
G1 X123.561 Y134.628 E.01591
G1 X123.498 Y134.796 E.01484
G1 X122.262 Y136.301 E.16111
G1 X122.369 Y137.892 E.13192
G1 X122.372 Y138.888 E.0824
G1 X122.288 Y140.149 E.10455
G1 X122.168 Y140.93 E.06537
G1 X121.894 Y141.97 E.08897
G1 X121.63 Y142.652 E.0605
G1 X121.139 Y143.587 E.08737
G1 X120.725 Y144.216 E.0623
G1 X120.32 Y144.76 E.05611
G1 X119.899 Y145.281 E.05542
G1 X119.461 Y145.782 E.05505
G1 X119.003 Y146.266 E.05513
G1 X118.075 Y147.139 E.1054
G1 X117.588 Y147.545 E.05245
G1 X117.101 Y147.917 E.0507
G1 X116.61 Y148.26 E.04955
G1 X116.118 Y148.57 E.04811
G1 X115.372 Y148.977 E.0703
G1 X114.193 Y149.448 E.10503
G1 X113.466 Y149.623 E.06186
G1 X112.439 Y149.694 E.08517
G1 X111.552 Y149.614 E.07368
G1 X110.585 Y149.401 E.08192
G1 X109.444 Y149.031 E.09923
G1 X109.302 Y148.918 E.01501
G1 X109.258 Y148.76 E.01357
G1 X109.354 Y148.538 E.02001
G1 X111.272 Y145.492 E.29779
G1 X111.398 Y145.384 E.01373
G1 X111.592 Y145.376 E.01606
G1 X113.033 Y145.85 E.1255
G1 X113.595 Y146.006 E.04825
G1 X114.243 Y146.135 E.05466
G1 X114.903 Y146.217 E.05502
G1 X115.623 Y146.187 E.05962
G1 X116.24 Y146.047 E.05234
G1 X116.823 Y145.786 E.05284
G1 X117.323 Y145.431 E.05073
G1 X117.696 Y145.064 E.04329
G1 X117.965 Y144.759 E.03364
G1 X118.334 Y144.157 E.05841
G1 X118.581 Y143.601 E.05033
G1 X118.762 Y143.021 E.05027
G1 X118.918 Y142.135 E.07443
G1 X118.963 Y141.628 E.04211
G1 X118.996 Y140.404 E.1013
G1 X118.986 Y139.098 E.10805
G1 X118.931 Y137.704 E.11541
G1 X116.393 Y138.616 E.22311
G1 X113.735 Y139.607 E.23468
G1 X110.273 Y140.973 E.3079
G1 X108.312 Y141.806 E.17626
G1 X107.436 Y142.199 E.07943
G1 X105.879 Y142.945 E.14283
G1 X105.207 Y143.294 E.06264
G1 X104.602 Y143.629 E.05721
G1 X103.584 Y144.259 E.09904
G1 X103.088 Y144.63 E.05124
G1 X102.689 Y145 E.04502
G1 X102.377 Y145.383 E.04087
G1 X102.14 Y145.795 E.03932
G1 X101.966 Y146.255 E.04069
G1 X101.804 Y147.105 E.07159
G1 X101.76 Y147.785 E.05637
G1 X101.762 Y148.724 E.07768
G1 X101.789 Y149.274 E.04556
G1 X101.919 Y150.683 E.11706
G1 X101.868 Y150.882 E.017
G1 X99.039 Y153.19 E.30205
;WIPE_START
G1 F9600
G1 X98.969 Y153.246 E-.01597
G1 X98.911 Y153.294 E-.01341
G1 X98.729 Y153.356 E-.03425
G1 X98.552 Y153.285 E-.03397
G1 X98.462 Y153.123 E-.03301
G1 X98.34 Y151.206 E-.34216
G1 X98.344 Y150.123 E-.19291
G1 X98.381 Y149.523 E-.10708
G1 X98.399 Y149.371 E-.02724
;WIPE_END
G1 X97.711 Y100.781 F12000
G1 E.8 F1800
;TYPE:Perimeter
;WIDTH:0.66
G1 F4290.056
G1 X97.652 Y100.735 E.00653
G1 X97.485 Y100.432 E.03018
G1 X97.453 Y100.109 E.02831
G1 X97.501 Y99.894 E.01921
G1 X98.728 Y96.575 E.30863
G1 X98.886 Y96.31 E.02691
G1 X99.093 Y96.139 E.02342
G1 X100.062 Y95.766 E.09056
G1 X108.581 Y92.605 E.79252
G1 X110.875 Y88.655 E.3984
G1 X111.344 Y87.778 E.08674
G1 X109.439 Y88.405 E.17492
G1 X103.154 Y90.707 E.58379
G1 X101.739 Y91.203 E.13078
G1 X100.828 Y91.476 E.08295
G1 X100.119 Y91.611 E.06295
G1 X99.315 Y91.627 E.07014
G1 X98.416 Y91.428 E.08031
G1 X97.727 Y91.143 E.06503
G1 X97.471 Y90.971 E.0269
G1 X97.278 Y90.681 E.03038
G1 X97.219 Y90.322 E.03173
G1 X97.295 Y90.016 E.0275
G1 X97.676 Y89.184 E.07981
G1 X98.132 Y88.276 E.08862
G1 X98.663 Y87.289 E.09775
G1 X99.249 Y86.258 E.10343
G1 X100.595 Y84.045 E.22592
G1 X102.144 Y81.688 E.246
G1 X102.217 Y81.595 E.01031
G1 X102.627 Y81.339 E.04216
G1 X103.813 Y80.9 E.1103
G1 X104.219 Y80.855 E.03563
G1 X104.456 Y80.924 E.02153
G1 X104.642 Y81.04 E.01912
G1 X104.861 Y81.315 E.03066
G1 X104.935 Y81.534 E.02016
G1 X104.927 Y81.886 E.03071
G1 X104.431 Y82.882 E.09705
G1 X103.014 Y85.56 E.26426
G1 X102.63 Y86.36 E.0774
G1 X103.501 Y86.173 E.0777
G1 X104.203 Y85.963 E.06391
G1 X104.84 Y85.743 E.05878
G1 X106.425 Y85.152 E.14754
G1 X114.021 Y82.143 E.71261
G1 X114.683 Y81.945 E.06027
G1 X115.172 Y81.913 E.04274
G1 X115.498 Y81.981 E.02905
G1 X115.894 Y82.168 E.0382
G1 X116.206 Y82.489 E.03904
G1 X116.364 Y82.781 E.02896
G1 X116.494 Y83.272 E.0443
G1 X116.49 Y83.795 E.04562
G1 X116.314 Y84.595 E.07144
G1 X115.946 Y85.518 E.08667
G1 X115.423 Y86.524 E.09889
G1 X112.823 Y91.027 E.45352
G1 X114.19 Y90.559 E.12602
G1 X114.855 Y90.369 E.06032
G1 X115.381 Y90.359 E.04589
G1 X115.618 Y90.416 E.02126
G1 X116.049 Y90.692 E.04464
G1 X116.299 Y90.967 E.03242
G1 X116.484 Y91.433 E.04373
G1 X116.481 Y91.935 E.04378
G1 X116.196 Y92.777 E.07753
G1 X115.803 Y93.643 E.08295
G1 X115.443 Y94.428 E.07532
G1 X114.371 Y96.549 E.20728
G1 X113.073 Y98.959 E.23875
G1 X112.927 Y99.156 E.02139
G1 X112.61 Y99.356 E.03269
G1 X111.443 Y99.765 E.10786
G1 X111.221 Y99.81 E.01976
G1 X111.004 Y99.797 E.01896
G1 X110.651 Y99.64 E.0337
G1 X110.415 Y99.358 E.03207
G1 X110.343 Y99.169 E.01764
G1 X110.321 Y98.914 E.02232
G1 X110.385 Y98.641 E.02446
G1 X111.321 Y96.42 E.21021
G1 X111.398 Y96.194 E.02082
G1 X110.25 Y96.542 E.10463
G1 X108.139 Y97.274 E.19488
G1 X105.592 Y98.225 E.23713
G1 X104.223 Y98.758 E.12813
G1 X100.898 Y100.101 E.31277
G1 X98.593 Y100.976 E.21504
G1 X98.221 Y101.027 E.03275
G1 X97.909 Y100.938 E.0283
G1 X97.781 Y100.837 E.01422
G1 X98.114 Y100.377 F12000
;TYPE:External perimeter
;WIDTH:0.63
G1 F3600
G1 X98.063 Y100.339 E.00526
G1 X98.019 Y100.15 E.01605
G1 X99.26 Y96.772 E.29772
G1 X99.38 Y96.629 E.01544
G1 X108.969 Y93.066 E.84629
G1 X111.37 Y88.931 E.39557
G1 X111.891 Y87.958 E.09131
G1 X112.101 Y87.461 E.04464
G1 X112.128 Y87.085 E.03119
G1 X112.075 Y87.05 E.00525
G1 X111.685 Y87.092 E.03245
G1 X110.823 Y87.335 E.07409
G1 X109.25 Y87.869 E.13743
G1 X102.96 Y90.174 E.55421
G1 X101.551 Y90.667 E.1235
G1 X100.666 Y90.932 E.07643
G1 X100.016 Y91.053 E.0547
G1 X99.314 Y91.059 E.05808
G1 X98.553 Y90.877 E.06473
G1 X97.952 Y90.622 E.05401
G1 X97.816 Y90.494 E.01545
G1 X97.806 Y90.265 E.01896
G1 X98.192 Y89.421 E.07678
G1 X98.898 Y88.051 E.1275
G1 X99.742 Y86.539 E.14326
G1 X101.08 Y84.34 E.21295
G1 X101.825 Y83.186 E.11364
G1 X102.616 Y82.004 E.11766
G1 X102.824 Y81.871 E.02042
G1 X104.013 Y81.432 E.10486
G1 X104.22 Y81.44 E.01714
G1 X104.363 Y81.592 E.01727
G1 X104.375 Y81.755 E.01352
G1 X102.509 Y85.3 E.33142
G1 X102.222 Y85.872 E.05294
G1 X101.953 Y86.497 E.05629
G1 X101.951 Y86.808 E.02573
G1 X102.153 Y86.921 E.01915
G1 X102.518 Y86.946 E.03027
G1 X103.041 Y86.875 E.04366
G1 X103.851 Y86.67 E.06912
G1 X105.032 Y86.278 E.10294
G1 X106.644 Y85.676 E.14236
G1 X114.23 Y82.671 E.67503
G1 X114.844 Y82.489 E.05298
G1 X115.225 Y82.487 E.03152
G1 X115.627 Y82.681 E.03693
G1 X115.821 Y82.947 E.02724
G1 X115.928 Y83.343 E.03394
G1 X115.915 Y83.844 E.04146
G1 X115.763 Y84.459 E.05241
G1 X115.429 Y85.282 E.07348
G1 X114.919 Y86.262 E.0914
G1 X111.54 Y92.115 E.55911
G1 X113.236 Y91.486 E.14965
G1 X114.374 Y91.097 E.09949
G1 X115.011 Y90.914 E.05483
G1 X115.408 Y90.943 E.03293
G1 X115.791 Y91.225 E.03935
G1 X115.928 Y91.575 E.03109
G1 X115.905 Y91.909 E.0277
G1 X115.655 Y92.601 E.06087
G1 X114.927 Y94.191 E.14467
G1 X113.865 Y96.293 E.19483
G1 X112.574 Y98.69 E.22524
G1 X112.422 Y98.82 E.01655
G1 X111.255 Y99.229 E.1023
G1 X111.048 Y99.219 E.01714
G1 X110.918 Y99.096 E.01481
G1 X110.882 Y98.924 E.01454
G1 X111.852 Y96.622 E.20666
G1 X112.127 Y95.819 E.07022
G1 X112.122 Y95.535 E.0235
G1 X111.872 Y95.499 E.0209
G1 X111.02 Y95.709 E.07259
G1 X110.072 Y96.003 E.08211
G1 X107.946 Y96.74 E.18615
G1 X105.389 Y97.694 E.22578
G1 X104.014 Y98.23 E.12209
G1 X100.691 Y99.572 E.29648
G1 X98.391 Y100.445 E.20352
G1 X98.216 Y100.452 E.01449
G1 X98.186 Y100.43 E.00308
;WIPE_START
G1 F9600
G1 X98.114 Y100.377 E-.01593
G1 X98.063 Y100.339 E-.01133
G1 X98.019 Y100.15 E-.03457
G1 X99.26 Y96.772 E-.64103
G1 X99.38 Y96.629 E-.03325
G1 X99.716 Y96.504 E-.06389
;WIPE_END
G1 X110.916 Y78.468 F12000
G1 E.8 F1800
;TYPE:Perimeter
;WIDTH:0.66
G1 F4290.056
G1 X110.839 Y78.48 E.0068
G1 X110.476 Y78.457 E.03172
G1 X110.192 Y78.312 E.02781
G1 X109.983 Y78.074 E.02763
G1 X109.897 Y77.873 E.01907
G1 X109.868 Y77.589 E.0249
G1 X109.97 Y77.24 E.03171
G1 X110.956 Y75.439 E.17908
G1 X111.163 Y75.006 E.04186
G1 X110.041 Y75.375 E.10302
G1 X105.268 Y77.167 E.44467
G1 X103.139 Y78.005 E.19956
G1 X102.402 Y78.268 E.06825
G1 X101.63 Y78.509 E.07054
G1 X100.543 Y78.757 E.09724
G1 X99.915 Y78.841 E.05526
G1 X99.268 Y78.84 E.05643
G1 X98.719 Y78.744 E.04861
G1 X98.259 Y78.55 E.04354
G1 X97.869 Y78.25 E.04292
G1 X97.564 Y77.831 E.0452
G1 X97.414 Y77.342 E.04461
G1 X97.413 Y76.801 E.04719
G1 X97.518 Y76.256 E.04841
G1 X97.837 Y75.437 E.07666
G1 X98.132 Y74.846 E.05761
G1 X98.916 Y73.471 E.13805
G1 X100.162 Y71.448 E.20723
G1 X101.708 Y68.821 E.26586
G1 X101.912 Y68.588 E.02701
G1 X102.229 Y68.431 E.03085
G1 X103.565 Y68.093 E.1202
G1 X103.918 Y68.079 E.03081
G1 X104.207 Y68.187 E.02691
G1 X104.462 Y68.423 E.0303
G1 X104.603 Y68.761 E.03194
G1 X104.59 Y69.177 E.0363
G1 X103.603 Y70.972 E.17867
G1 X103.104 Y71.955 E.09615
G1 X102.44 Y73.376 E.1368
G1 X102.738 Y73.356 E.02605
G1 X103.238 Y73.257 E.04446
G1 X104.019 Y73.047 E.07054
G1 X105.136 Y72.67 E.10282
G1 X112.803 Y69.873 E.71182
G1 X114.269 Y69.386 E.13473
G1 X114.857 Y69.248 E.05268
G1 X115.104 Y69.229 E.02161
G1 X115.68 Y69.306 E.05069
G1 X116.024 Y69.518 E.03524
G1 X116.266 Y69.789 E.03169
G1 X116.387 Y70.039 E.02422
G1 X116.455 Y70.566 E.04635
G1 X116.436 Y70.839 E.02387
G1 X116.31 Y71.282 E.04017
G1 X115.952 Y72.16 E.0827
G1 X115.567 Y72.934 E.0754
G1 X115.124 Y73.757 E.08152
G1 X114.249 Y75.331 E.15707
G1 X112.723 Y77.88 E.25912
G1 X112.556 Y78.081 E.02279
G1 X112.263 Y78.26 E.02995
G1 X111.005 Y78.454 E.11102
G1 X110.83 Y77.907 F12000
;TYPE:External perimeter
;WIDTH:0.63
G1 F3600
G1 X110.752 Y77.919 E.00653
G1 X110.583 Y77.891 E.01417
G1 X110.472 Y77.786 E.01264
G1 X110.425 Y77.59 E.01667
G1 X111.461 Y75.699 E.17838
G1 X111.847 Y74.893 E.07393
G1 X111.981 Y74.406 E.04179
G1 X111.96 Y74.368 E.00359
G1 X111.709 Y74.333 E.02097
G1 X111.122 Y74.425 E.04915
G1 X110.557 Y74.596 E.04884
G1 X109.846 Y74.841 E.06221
G1 X105.065 Y76.637 E.42252
G1 X102.931 Y77.476 E.1897
G1 X102.211 Y77.733 E.06325
G1 X101.482 Y77.96 E.06317
G1 X100.417 Y78.203 E.09037
G1 X99.844 Y78.277 E.0478
G1 X99.275 Y78.273 E.04707
G1 X98.881 Y78.199 E.03317
G1 X98.571 Y78.076 E.02759
G1 X98.298 Y77.877 E.02795
G1 X98.044 Y77.51 E.03692
G1 X97.971 Y77.213 E.0253
G1 X97.972 Y76.901 E.02581
G1 X98.065 Y76.408 E.0415
G1 X98.365 Y75.645 E.06783
G1 X98.633 Y75.114 E.04921
G1 X99.404 Y73.761 E.12883
G1 X100.648 Y71.741 E.19626
G1 X102.198 Y69.109 E.2527
G1 X102.335 Y68.99 E.01501
G1 X103.705 Y68.643 E.11692
G1 X103.877 Y68.655 E.01426
G1 X104.016 Y68.78 E.01547
G1 X104.043 Y68.993 E.01776
G1 X103.101 Y70.707 E.1618
G1 X102.598 Y71.698 E.09194
G1 X101.912 Y73.167 E.13413
G1 X101.77 Y73.65 E.04165
G1 X101.819 Y73.787 E.01204
G1 X102.103 Y73.938 E.02661
G1 X102.505 Y73.951 E.03327
G1 X103.319 Y73.821 E.0682
G1 X104.182 Y73.591 E.07389
G1 X105.324 Y73.205 E.09973
G1 X112.99 Y70.41 E.67504
G1 X114.448 Y69.925 E.12712
G1 X114.983 Y69.801 E.04543
G1 X115.478 Y69.836 E.04105
G1 X115.731 Y70.013 E.02554
G1 X115.858 Y70.27 E.02372
G1 X115.883 Y70.707 E.03621
G1 X115.784 Y71.068 E.03097
G1 X115.426 Y71.945 E.07837
G1 X115.06 Y72.68 E.06793
G1 X113.753 Y75.055 E.22427
G1 X112.236 Y77.588 E.24426
G1 X112.091 Y77.712 E.01578
G1 X110.919 Y77.893 E.09811
;WIPE_START
G1 F9600
G1 X110.83 Y77.907 E-.01605
G1 X110.752 Y77.919 E-.01406
G1 X110.583 Y77.891 E-.03051
G1 X110.472 Y77.786 E-.02722
G1 X110.425 Y77.59 E-.0359
G1 X111.461 Y75.699 E-.38407
G1 X111.847 Y74.893 E-.15918
G1 X111.981 Y74.406 E-.08997
G1 X111.96 Y74.368 E-.00773
G1 X111.764 Y74.341 E-.03531
;WIPE_END
G1 X121.598 Y71.649 F12000
G1 E.8 F1800
;TYPE:Perimeter
;WIDTH:0.66
G1 X121.214 Y71.552 E.03454
G1 X120.539 Y71.309 E.06257
G1 X119.745 Y70.935 E.07655
G1 X118.766 Y70.405 E.0971
G1 X118.564 Y70.252 E.0221
G1 X118.407 Y70.028 E.02386
G1 X118.325 Y69.697 E.02974
G1 X118.345 Y69.48 E.01901
G1 X118.516 Y69.128 E.03413
G1 X119.758 Y67.612 E.17093
G1 X120.787 Y66.173 E.1543
G1 X121.098 Y65.907 E.03569
G1 X121.392 Y65.823 E.02667
G1 X121.702 Y65.851 E.02715
G1 X123.025 Y66.46 E.12703
G1 X123.997 Y66.786 E.08942
G1 X124.56 Y66.938 E.05086
G1 X124.81 Y67.052 E.02396
G1 X125.061 Y67.314 E.03165
G1 X125.168 Y67.587 E.02557
G1 X125.164 Y67.937 E.03053
G1 X125.02 Y68.254 E.03037
G1 X123.613 Y70.161 E.2067
G1 X122.827 Y71.371 E.12585
G1 X122.584 Y71.615 E.03004
G1 X122.263 Y71.742 E.03011
G1 X121.912 Y71.729 E.03064
G1 X121.686 Y71.672 E.02033
G1 X121.726 Y71.096 F12000
;TYPE:External perimeter
;WIDTH:0.63
G1 F1800
G1 X121.354 Y71.002 E.03174
G1 X120.735 Y70.776 E.05452
G1 X119.991 Y70.423 E.06813
G1 X119.037 Y69.906 E.08977
G1 X118.919 Y69.782 E.01416
G1 X118.899 Y69.603 E.0149
G1 X119.014 Y69.415 E.01823
G1 X120.209 Y67.957 E.15596
G1 X121.249 Y66.503 E.14789
G1 X121.447 Y66.388 E.01894
G1 X121.595 Y66.415 E.01245
G1 X122.341 Y66.78 E.06871
G1 X122.82 Y66.99 E.04327
G1 X123.832 Y67.329 E.08829
G1 X124.412 Y67.486 E.04971
G1 X124.555 Y67.579 E.01411
G1 X124.617 Y67.75 E.01505
G1 X124.563 Y67.917 E.01452
G1 X123.147 Y69.837 E.19737
G1 X122.351 Y71.061 E.12079
G1 X122.195 Y71.176 E.01603
G1 X122.051 Y71.178 E.01191
G1 X121.814 Y71.118 E.02023
;WIPE_START
G1 F9600
G1 X121.726 Y71.096 E-.01616
G1 X121.354 Y71.002 E-.06835
G1 X120.735 Y70.776 E-.11738
G1 X119.991 Y70.423 E-.14669
G1 X119.037 Y69.906 E-.19328
G1 X118.919 Y69.782 E-.03049
G1 X118.899 Y69.603 E-.03208
G1 X119.014 Y69.415 E-.03926
G1 X119.57 Y68.736 E-.15631
;WIPE_END
G1 X130 Y160.603 F12000
G1 E.8 F1800
;TYPE:Perimeter
;WIDTH:0.66
G1 F4290.056
G1 X57.097 Y160.601 E6.35856
G1 X56.955 Y160.57 E.01268
G1 X56.897 Y160.421 E.01395
G1 X56.897 Y59.612 E8.79251
G1 X56.935 Y59.45 E.01451
G1 X57.077 Y59.397 E.01322
G1 X162.889 Y59.397 E9.22887
G1 X163.054 Y59.436 E.01479
G1 X163.103 Y59.612 E.01593
G1 X163.103 Y160.388 E8.78963
G1 X163.065 Y160.55 E.01451
G1 X162.923 Y160.603 E.01322
G1 X130.09 Y160.603 E2.86368
G1 X130 Y161.17 Z.66 F12000
;TYPE:External perimeter
;WIDTH:0.63
G1 F3600
G1 X129 Y161.17 Z.678 E.00414
G1 X128 Y161.17 Z.696 E.00827
G1 X127 Y161.17 Z.714 E.01241
G1 X126 Y161.17 Z.732 E.01655
G1 X125 Y161.17 Z.75 E.02068
G1 X124 Y161.17 Z.768 E.02482
G1 X123 Y161.17 Z.786 E.02896
G1 X122 Y161.17 Z.804 E.03309
G1 X121 Y161.17 Z.822 E.03723
G1 X120 Y161.17 Z.84 E.04136
G1 X119 Y161.17 Z.858 E.0455
G1 X118 Y161.17 Z.876 E.04964
G1 X117 Y161.17 Z.894 E.05377
G1 X116 Y161.17 Z.912 E.05791
G1 X115 Y161.17 Z.93 E.06205
G1 X114 Y161.17 Z.948 E.06618
G1 X113 Y161.17 Z.966 E.07032
G1 X112 Y161.17 Z.984 E.07446
G1 X111 Y161.17 Z1.002 E.07859
G1 X110 Y161.17 Z1.02 E.08273
G1 X57.097 Y161.169 E4.37663
G1 X56.782 Y161.128 E.02628
G1 X56.56 Y160.995 E.02141
G1 X56.382 Y160.741 E.02566
G1 X56.329 Y160.477 E.02228
G1 X56.329 Y59.612 E8.3445
G1 X56.396 Y59.225 E.03249
G1 X56.557 Y59.007 E.02242
G1 X56.781 Y58.873 E.02159
G1 X57.026 Y58.829 E.02059
G1 X162.889 Y58.829 E8.75798
G1 X163.219 Y58.873 E.02754
G1 X163.443 Y59.007 E.02159
G1 X163.604 Y59.225 E.02242
G1 X163.671 Y59.612 E.03249
G1 X163.671 Y160.388 E8.33714
G1 X163.604 Y160.775 E.03249
G1 X163.443 Y160.993 E.02242
G1 X163.219 Y161.127 E.02159
G1 X162.974 Y161.171 E.02059
G1 X130 Y161.17 E2.72792
G1 X129 Y161.17 E.07859
G1 X128 Y161.17 E.07446
G1 X127 Y161.17 E.07032
G1 X126 Y161.17 E.06618
G1 X125 Y161.17 E.06205
G1 X124 Y161.17 E.05791
G1 X123 Y161.17 E.05377
G1 X122 Y161.17 E.04964
G1 X121 Y161.17 E.0455
G1 X120 Y161.17 E.04136
G1 X119 Y161.17 E.03723
G1 X118 Y161.17 E.03309
G1 X117 Y161.17 E.02896
G1 X116 Y161.17 E.02482
G1 X115 Y161.17 E.02068
G1 X114 Y161.17 E.01655
G1 X113 Y161.17 E.01241
G1 X112 Y161.17 E.00827
G1 X111 Y161.17 E.00414
G1 X110.09 Y161.17 E.07528
;WIPE_START
G1 F9600
G1 X110 Y161.17 E-.01603
G1 X105.599 Y161.17 E-.78397
;WIPE_END
G1 X103.351 Y160.419 F12000
G1 E.8 F1800
;TYPE:Top solid infill
;WIDTH:0.601332
G1 X57.315 Y114.383 E5.10673
G1 X57.315 Y115.124 E.05812
G1 X102.374 Y160.183 E4.99835
G1 X101.633 Y160.183 E.05812
G1 X57.315 Y115.865 E4.91615
G1 X57.315 Y116.607 E.0582
G1 X100.892 Y160.183 E4.8339
G1 X100.151 Y160.183 E.05812
G1 X57.315 Y117.348 E4.7517
G1 X57.315 Y118.089 E.05812
G1 X99.41 Y160.183 E4.6695
G1 X98.669 Y160.183 E.05812
G1 X57.315 Y118.83 E4.5873
G1 X57.315 Y119.571 E.05812
G1 X97.927 Y160.183 E4.50505
G1 X97.186 Y160.183 E.05812
G1 X57.315 Y120.312 E4.42285
G1 X57.315 Y121.053 E.05812
G1 X96.445 Y160.183 E4.34065
G1 X95.704 Y160.183 E.05812
G1 X57.315 Y121.795 E4.2584
G1 X57.315 Y122.536 E.05812
G1 X94.963 Y160.183 E4.1762
G1 X94.222 Y160.183 E.05812
G1 X57.315 Y123.277 E4.094
G1 X57.315 Y124.018 E.05812
G1 X93.48 Y160.183 E4.01175
G1 X92.739 Y160.183 E.05812
G1 X57.315 Y124.759 E3.92955
G1 X57.315 Y125.5 E.05812
G1 X91.998 Y160.183 E3.84735
G1 X91.257 Y160.183 E.05812
G1 X57.315 Y126.242 E3.7651
G1 X57.315 Y126.983 E.05812
G1 X90.516 Y160.183 E3.6829
G1 X89.775 Y160.183 E.05812
G1 X57.315 Y127.724 E3.6007
G1 X57.315 Y128.465 E.05812
G1 X89.033 Y160.183 E3.51844
G1 X88.292 Y160.183 E.05812
G1 X57.315 Y129.206 E3.43625
G1 X57.315 Y129.947 E.05812
G1 X87.551 Y160.183 E3.35405
G1 X86.81 Y160.183 E.05812
G1 X57.315 Y130.688 E3.27185
G1 X57.315 Y131.43 E.0582
G1 X86.069 Y160.183 E3.1896
G1 X85.328 Y160.183 E.05812
G1 X57.315 Y132.171 E3.1074
G1 X57.315 Y132.912 E.05812
G1 X84.586 Y160.183 E3.02514
G1 X83.845 Y160.183 E.05812
G1 X57.315 Y133.653 E2.94295
G1 X57.315 Y134.394 E.05812
G1 X83.104 Y160.183 E2.86075
G1 X82.363 Y160.183 E.05812
G1 X57.315 Y135.135 E2.77855
G1 X57.315 Y135.877 E.0582
G1 X81.622 Y160.183 E2.69629
G1 X80.881 Y160.183 E.05812
G1 X57.315 Y136.618 E2.6141
G1 X57.315 Y137.359 E.05812
G1 X80.139 Y160.183 E2.53184
G1 X79.398 Y160.183 E.05812
G1 X57.315 Y138.1 E2.44964
G1 X57.315 Y138.841 E.05812
G1 X78.657 Y160.183 E2.36745
G1 X77.916 Y160.183 E.05812
G1 X57.315 Y139.582 E2.28525
G1 X57.315 Y140.323 E.05812
G1 X77.175 Y160.183 E2.20305
G1 X76.434 Y160.183 E.05812
G1 X57.315 Y141.065 E2.1208
G1 X57.315 Y141.806 E.05812
G1 X75.692 Y160.183 E2.03854
G1 X74.951 Y160.183 E.05812
G1 X57.315 Y142.547 E1.95634
G1 X57.315 Y143.288 E.05812
G1 X74.21 Y160.183 E1.87414
G1 X73.469 Y160.183 E.05812
G1 X57.315 Y144.029 E1.79195
G1 X57.315 Y144.77 E.05812
G1 X72.728 Y160.183 E1.70975
G1 X71.987 Y160.183 E.05812
G1 X57.315 Y145.512 E1.62749
G1 X57.315 Y146.253 E.05812
G1 X71.245 Y160.183 E1.54524
G1 X70.504 Y160.183 E.05812
G1 X57.315 Y146.994 E1.46304
G1 X57.315 Y147.735 E.05812
G1 X69.763 Y160.183 E1.38084
G1 X69.022 Y160.183 E.05812
G1 X57.315 Y148.476 E1.29865
G1 X57.315 Y149.217 E.05812
G1 X68.281 Y160.183 E1.21645
G1 X67.54 Y160.183 E.05812
G1 X57.315 Y149.958 E1.13425
G1 X57.315 Y150.7 E.0582
G1 X66.798 Y160.183 E1.05194
G1 X66.057 Y160.183 E.05812
G1 X57.315 Y151.441 E.96974
G1 X57.315 Y152.182 E.05812
G1 X65.316 Y160.183 E.88754
G1 X64.575 Y160.183 E.05812
G1 X57.315 Y152.923 E.80534
G1 X57.315 Y153.664 E.05812
G1 X63.834 Y160.183 E.72315
G1 X63.093 Y160.183 E.05812
G1 X57.315 Y154.405 E.64095
G1 X57.315 Y155.147 E.0582
G1 X62.351 Y160.183 E.55864
G1 X61.61 Y160.183 E.05812
G1 X57.315 Y155.888 E.47644
G1 X57.315 Y156.629 E.05812
G1 X60.869 Y160.183 E.39424
G1 X60.128 Y160.183 E.05812
G1 X57.315 Y157.37 E.31204
G1 X57.315 Y158.111 E.05812
G1 X59.387 Y160.183 E.22984
G1 X58.646 Y160.183 E.05812
G1 X57.315 Y158.852 E.14765
G1 X57.315 Y159.593 E.05812
G1 X58.14 Y160.418 E.09152
;WIPE_START
G1 F9600
G1 X57.315 Y159.593 E-.20782
G1 X57.315 Y158.852 E-.13199
G1 X58.646 Y160.183 E-.33529
G1 X59.347 Y160.183 E-.1249
;WIPE_END
G1 X104.075 Y144.838 F12000
G1 E.8 F1800
G1 X119.421 Y160.184 E1.70232
G1 X118.68 Y160.184 E.05812
G1 X103.815 Y145.318 E1.64901
G1 X103.422 Y145.666 E.04117
G1 X117.939 Y160.184 E1.61041
G1 X117.198 Y160.184 E.05812
G1 X103.107 Y146.093 E1.5631
G1 X103.034 Y146.218 E.01135
G1 X102.919 Y146.524 E.02564
G1 X102.899 Y146.626 E.00815
G1 X116.457 Y160.184 E1.50397
G1 X115.716 Y160.184 E.05812
G1 X102.783 Y147.251 E1.43464
G1 X102.747 Y147.956 E.05537
G1 X114.974 Y160.184 E1.35638
G1 X114.233 Y160.184 E.05812
G1 X102.749 Y148.699 E1.27396
G1 X102.8 Y149.491 E.06225
G1 X113.492 Y160.184 E1.18611
G1 X112.751 Y160.184 E.05812
G1 X102.875 Y150.308 E1.09553
G1 X102.902 Y150.822 E.04037
G1 X102.853 Y151.027 E.01653
G1 X112.01 Y160.184 E1.01578
G1 X111.269 Y160.184 E.05812
G1 X102.606 Y151.521 E.96098
G1 X102.447 Y151.683 E.0178
G1 X102.215 Y151.872 E.02347
G1 X110.527 Y160.184 E.92204
G1 X109.786 Y160.184 E.05812
G1 X101.807 Y152.205 E.8851
G1 X101.399 Y152.538 E.04131
G1 X109.045 Y160.184 E.84816
G1 X108.304 Y160.184 E.05812
G1 X100.991 Y152.871 E.81122
G1 X100.583 Y153.204 E.04131
G1 X107.563 Y160.184 E.77428
G1 X106.821 Y160.184 E.0582
G1 X100.174 Y153.537 E.73734
G1 X99.766 Y153.869 E.04126
G1 X106.08 Y160.184 E.70046
G1 X105.339 Y160.184 E.05812
G1 X99.342 Y154.187 E.66524
G1 X99.157 Y154.271 E.01594
G1 X98.954 Y154.324 E.01646
G1 X98.753 Y154.339 E.01581
G1 X104.598 Y160.184 E.64838
G1 X103.857 Y160.183 E.05812
G1 X57.315 Y113.642 E5.1628
G1 X57.315 Y112.901 E.05812
G1 X97.476 Y153.061 E4.45496
G1 X97.424 Y152.268 E.06234
G1 X57.315 Y112.16 E4.44919
G1 X57.315 Y111.418 E.0582
G1 X97.372 Y151.475 E4.44348
G1 X97.355 Y150.717 E.05947
G1 X57.315 Y110.677 E4.4416
G1 X57.315 Y109.936 E.05812
G1 X97.366 Y149.987 E4.44282
G1 X97.415 Y149.295 E.05442
G1 X57.315 Y109.195 E4.44825
G1 X57.315 Y108.454 E.05812
G1 X97.508 Y148.646 E4.45851
G1 X97.642 Y148.04 E.04868
G1 X57.315 Y107.713 E4.47343
G1 X57.315 Y106.972 E.05812
G1 X97.806 Y147.462 E4.49157
G1 X98.012 Y146.927 E.04497
G1 X57.315 Y106.23 E4.51448
G1 X57.315 Y105.489 E.05812
G1 X98.247 Y146.421 E4.54054
G1 X98.518 Y145.951 E.04256
G1 X57.315 Y104.748 E4.57061
G1 X57.315 Y104.007 E.05812
G1 X98.789 Y145.481 E4.60067
G1 X99.096 Y145.047 E.0417
G1 X57.315 Y103.266 E4.63472
G1 X57.315 Y102.525 E.05812
G1 X99.416 Y144.626 E4.67022
G1 X99.76 Y144.228 E.04126
G1 X57.315 Y101.783 E4.70838
G1 X57.315 Y101.042 E.05812
G1 X100.122 Y143.849 E4.74854
G1 X100.488 Y143.474 E.0411
G1 X57.315 Y100.301 E4.78914
G1 X57.315 Y99.56 E.05812
G1 X100.87 Y143.115 E4.83151
G1 X101.264 Y142.767 E.04123
G1 X57.315 Y98.819 E4.87516
G1 X57.315 Y98.078 E.05812
G1 X101.657 Y142.419 E4.91876
G1 X102.069 Y142.09 E.04136
G1 X57.315 Y97.337 E4.96446
G1 X57.315 Y96.595 E.0582
G1 X102.491 Y141.771 E5.01133
G1 X102.921 Y141.46 E.04163
G1 X57.315 Y95.854 E5.05903
G1 X57.315 Y95.113 E.05812
G1 X103.521 Y141.319 E5.12558
;WIPE_START
G1 F9600
G1 X100.345 Y138.143 E-.8
;WIPE_END
G1 X150.044 Y160.42 F12000
G1 E.8 F1800
G1 X124.514 Y134.889 E2.83207
G1 X124.479 Y135.034 E.0117
G1 X124.364 Y135.278 E.02116
G1 X124.273 Y135.39 E.01132
G1 X149.068 Y160.184 E2.75043
G1 X148.327 Y160.184 E.05812
G1 X123.942 Y135.799 E2.705
G1 X123.61 Y136.208 E.04132
G1 X147.586 Y160.184 E2.65963
G1 X146.845 Y160.184 E.05812
G1 X123.278 Y136.618 E2.61421
G1 X123.325 Y137.406 E.06192
G1 X146.103 Y160.184 E2.52674
G1 X145.362 Y160.184 E.05812
G1 X123.355 Y138.177 E2.44121
G1 X123.356 Y138.919 E.0582
G1 X144.621 Y160.184 E2.3589
G1 X143.88 Y160.184 E.05812
G1 X123.311 Y139.615 E2.2817
G1 X123.259 Y140.305 E.05428
G1 X143.139 Y160.184 E2.20521
G1 X142.398 Y160.184 E.05812
G1 X123.161 Y140.948 E2.13389
G1 X123.133 Y141.13 E.01444
G1 X123.023 Y141.55 E.03406
G1 X141.656 Y160.184 E2.06699
G1 X140.915 Y160.184 E.05812
G1 X122.868 Y142.137 E2.00194
G1 X122.828 Y142.289 E.01233
G1 X122.672 Y142.682 E.03317
G1 X140.174 Y160.184 E1.94148
G1 X139.433 Y160.184 E.05812
G1 X122.454 Y143.205 E1.88346
G1 X122.199 Y143.691 E.04305
G1 X138.692 Y160.184 E1.82955
G1 X137.951 Y160.184 E.05812
G1 X121.933 Y144.167 E1.7768
G1 X121.64 Y144.615 E.04199
G1 X137.209 Y160.184 E1.72705
G1 X136.468 Y160.184 E.05812
G1 X121.334 Y145.05 E1.6788
G1 X121.014 Y145.471 E.04148
G1 X135.727 Y160.184 E1.6321
G1 X134.986 Y160.184 E.05812
G1 X120.683 Y145.881 E1.58662
G1 X120.338 Y146.277 E.0412
G1 X134.245 Y160.184 E1.54269
G1 X133.504 Y160.184 E.05812
G1 X119.983 Y146.664 E1.49982
G1 X119.619 Y147.041 E.04111
G1 X132.762 Y160.184 E1.45794
G1 X132.021 Y160.184 E.05812
G1 X119.237 Y147.4 E1.41812
G1 X118.855 Y147.759 E.04112
G1 X131.28 Y160.184 E1.37829
G1 X130.539 Y160.184 E.05812
G1 X118.458 Y148.103 E1.34013
G1 X118.049 Y148.435 E.04132
G1 X129.798 Y160.184 E1.3033
G1 X129.057 Y160.184 E.05812
G1 X117.626 Y148.753 E1.26803
G1 X117.19 Y149.058 E.04174
G1 X128.315 Y160.184 E1.23414
G1 X127.574 Y160.184 E.05812
G1 X116.735 Y149.345 E1.20236
G1 X116.264 Y149.614 E.04255
G1 X126.833 Y160.184 E1.17246
G1 X126.092 Y160.184 E.05812
G1 X115.777 Y149.869 E1.14423
G1 X115.25 Y150.083 E.04462
G1 X125.351 Y160.184 E1.12049
G1 X124.61 Y160.184 E.05812
G1 X114.723 Y150.297 E1.09675
G1 X114.551 Y150.367 E.01457
G1 X114.152 Y150.468 E.03228
G1 X123.868 Y160.184 E1.07779
G1 X123.127 Y160.184 E.05812
G1 X113.547 Y150.604 E1.0627
G1 X112.854 Y150.652 E.05449
G1 X122.386 Y160.184 E1.05737
G1 X121.645 Y160.184 E.05812
G1 X112.115 Y150.654 E1.05715
G1 X111.452 Y150.595 E.05221
G1 X111.277 Y150.557 E.01405
G1 X120.904 Y160.184 E1.06791
G1 X120.163 Y160.184 E.05812
G1 X109.983 Y150.004 E1.12926
;WIPE_START
G1 F9600
G1 X113.159 Y153.18 E-.8
;WIPE_END
G1 X108.531 Y148.553 F12000
G1 E.8 F1800
G1 X104.704 Y144.725 E.42458
G1 X105.165 Y144.445 E.04231
G1 X108.601 Y147.882 E.38121
G1 X108.888 Y147.427 E.0422
G1 X105.648 Y144.187 E.35941
G1 X106.131 Y143.929 E.04295
G1 X109.175 Y146.972 E.33761
G1 X109.461 Y146.518 E.04209
G1 X106.625 Y143.682 E.31459
G1 X107.126 Y143.442 E.04357
G1 X109.748 Y146.063 E.2908
G1 X110.034 Y145.609 E.04209
G1 X107.627 Y143.201 E.26706
G1 X108.134 Y142.967 E.0438
G1 X110.321 Y145.154 E.2426
G1 X110.482 Y144.899 E.02365
G1 X110.639 Y144.731 E.01804
G1 X108.645 Y142.738 E.22114
G1 X109.165 Y142.516 E.04435
G1 X111.101 Y144.452 E.21476
G1 X111.326 Y144.388 E.01835
G1 X111.624 Y144.381 E.02338
G1 X111.81 Y144.419 E.01489
G1 X109.685 Y142.295 E.23567
G1 X110.205 Y142.074 E.04432
G1 X112.899 Y144.768 E.29884
G1 X113.319 Y144.906 E.03468
G1 X113.947 Y145.074 E.05099
G1 X110.727 Y141.854 E.35719
G1 X111.258 Y141.645 E.04476
G1 X114.827 Y145.213 E.39585
G1 X114.944 Y145.228 E.00925
G1 X115.548 Y145.193 E.04746
G1 X111.79 Y141.435 E.41687
G1 X112.321 Y141.225 E.04479
G1 X116.117 Y145.021 E.42109
G1 X116.347 Y144.918 E.01977
G1 X116.593 Y144.756 E.0231
G1 X112.853 Y141.016 E.41487
G1 X113.384 Y140.806 E.04479
G1 X116.972 Y144.393 E.39796
G1 X117.168 Y144.17 E.02329
G1 X117.291 Y143.971 E.01835
G1 X113.916 Y140.596 E.37439
G1 X114.454 Y140.394 E.04508
G1 X117.551 Y143.49 E.34349
G1 X117.657 Y143.253 E.02036
G1 X117.751 Y142.949 E.02496
G1 X114.996 Y140.194 E.30561
G1 X115.538 Y139.995 E.04529
G1 X117.881 Y142.338 E.25991
G1 X117.939 Y142.006 E.02644
G1 X117.968 Y141.683 E.02544
G1 X116.079 Y139.795 E.20949
G1 X116.621 Y139.596 E.04529
G1 X117.994 Y140.969 E.15231
G1 X118.008 Y140.241 E.05711
G1 X117.163 Y139.396 E.09373
G1 X117.705 Y139.197 E.04529
G1 X118.237 Y139.729 E.05901
;WIPE_START
G1 F9600
G1 X117.705 Y139.197 E-.13401
G1 X117.163 Y139.396 E-.10285
G1 X118.008 Y140.241 E-.21286
G1 X117.994 Y140.969 E-.1297
G1 X117.118 Y140.093 E-.22058
;WIPE_END
G1 X110.98 Y137.66 F12000
G1 E.8 F1800
G1 X110.462 Y137.143 E.05741
G1 X109.616 Y137.038 E.06687
G1 X110.261 Y137.682 E.07149
G1 X109.724 Y137.887 E.04509
G1 X108.77 Y136.932 E.10588
G1 X107.923 Y136.827 E.06695
G1 X109.196 Y138.099 E.14116
G1 X108.671 Y138.316 E.04456
G1 X107.057 Y136.702 E.17904
G1 X106.184 Y136.571 E.06924
G1 X108.147 Y138.533 E.2177
G1 X107.632 Y138.76 E.04415
G1 X105.286 Y136.414 E.26024
G1 X104.372 Y136.241 E.07297
G1 X107.128 Y138.997 E.30572
G1 X106.625 Y139.234 E.04361
G1 X103.426 Y136.035 E.35486
G1 X102.463 Y135.814 E.0775
G1 X106.138 Y139.489 E.40766
G1 X105.655 Y139.747 E.04295
G1 X101.452 Y135.544 E.46623
G1 X100.379 Y135.212 E.0881
G1 X105.175 Y140.008 E.53202
G1 X104.707 Y140.282 E.04254
G1 X99.23 Y134.804 E.60761
G1 X98.26 Y134.416 E.08195
G1 X97.96 Y134.275 E.026
G1 X104.252 Y140.568 E.69802
G1 X103.802 Y140.858 E.04199
G1 X96.436 Y133.493 E.81705
G1 X95.572 Y132.944 E.0803
G1 X94.844 Y132.403 E.07114
G1 X94.152 Y131.803 E.07184
G1 X93.542 Y131.182 E.06828
G1 X92.914 Y130.423 E.07727
G1 X92.186 Y129.309 E.10438
G1 X92.125 Y129.181 E.01112
G1 X57.315 Y94.372 E3.86138
G1 X57.315 Y93.631 E.05812
G1 X91.511 Y127.827 E3.79333
G1 X91.347 Y127.368 E.03823
G1 X91.181 Y126.755 E.04981
G1 X57.315 Y92.89 E3.75666
G1 X57.315 Y92.148 E.0582
G1 X90.977 Y125.81 E3.73409
G1 X90.921 Y125.504 E.0244
G1 X90.876 Y124.968 E.04219
G1 X57.315 Y91.407 E3.72289
G1 X57.315 Y90.666 E.05812
G1 X90.806 Y124.157 E3.71512
G1 X90.791 Y123.401 E.05931
G1 X57.315 Y89.925 E3.71346
G1 X57.315 Y89.184 E.05812
G1 X90.818 Y122.687 E3.71645
G1 X90.863 Y121.99 E.05479
G1 X57.315 Y88.443 E3.72139
G1 X57.315 Y87.702 E.05812
G1 X90.952 Y121.338 E3.73126
G1 X91.078 Y120.723 E.04924
G1 X57.315 Y86.96 E3.74529
G1 X57.315 Y86.219 E.05812
G1 X91.219 Y120.123 E3.76094
G1 X91.396 Y119.559 E.04637
G1 X57.315 Y85.478 E3.78057
G1 X57.315 Y84.737 E.05812
G1 X91.594 Y119.015 E3.80248
G1 X91.81 Y118.491 E.04446
G1 X57.315 Y83.996 E3.82649
G1 X57.315 Y83.255 E.05812
G1 X92.054 Y117.994 E3.85356
G1 X92.299 Y117.497 E.04346
G1 X57.315 Y82.513 E3.88074
G1 X57.315 Y81.772 E.05812
G1 X92.587 Y117.044 E3.91269
G1 X92.772 Y116.882 E.01929
G1 X92.954 Y116.775 E.01656
G1 X93.033 Y116.748 E.00655
G1 X57.315 Y81.031 E3.96211
G1 X57.315 Y80.29 E.05812
G1 X93.691 Y116.666 E4.03515
G1 X94.563 Y116.797 E.06917
G1 X57.315 Y79.549 E4.13188
G1 X57.315 Y78.808 E.05812
G1 X95.436 Y116.928 E4.22867
G1 X96.308 Y117.059 E.06917
G1 X57.315 Y78.067 E4.3254
G1 X57.315 Y77.325 E.0582
G1 X97.117 Y117.128 E4.41525
G1 X97.313 Y116.582 E.0455
G1 X57.315 Y76.584 E4.43694
G1 X57.315 Y75.843 E.05812
G1 X97.545 Y116.073 E4.46267
G1 X97.806 Y115.592 E.04293
G1 X57.315 Y75.102 E4.49157
G1 X57.315 Y74.361 E.05812
G1 X98.066 Y115.112 E4.52047
G1 X98.345 Y114.649 E.0424
G1 X57.315 Y73.62 E4.55136
G1 X57.315 Y72.878 E.0582
G1 X98.798 Y114.361 E4.60167
;WIPE_START
G1 F9600
G1 X95.622 Y111.185 E-.8
;WIPE_END
G1 X99.675 Y113.015 F12000
G1 E.8 F1800
G1 X99.226 Y112.565 E.04986
G1 X98.922 Y112.576 E.02386
G1 X98.442 Y112.523 E.03788
G1 X99.209 Y113.29 E.08508
G1 X98.912 Y113.734 E.0419
G1 X57.315 Y72.137 E4.61431
G1 X57.315 Y71.396 E.05812
G1 X96.975 Y111.056 E4.39944
G1 X96.947 Y110.905 E.01205
G1 X96.94 Y110.707 E.01554
G1 X96.983 Y110.322 E.03039
G1 X57.315 Y70.655 E4.40027
G1 X57.315 Y69.914 E.05812
G1 X97.153 Y109.752 E4.41919
G1 X97.369 Y109.226 E.0446
G1 X57.315 Y69.173 E4.44309
G1 X57.315 Y68.432 E.05812
G1 X97.61 Y108.726 E4.46983
G1 X97.872 Y108.247 E.04283
G1 X57.315 Y67.69 E4.49895
G1 X57.315 Y66.949 E.05812
G1 X98.139 Y107.773 E4.52856
G1 X98.41 Y107.302 E.04262
G1 X57.315 Y66.208 E4.55857
G1 X57.315 Y65.467 E.05812
G1 X98.69 Y106.841 E4.58963
G1 X98.97 Y106.38 E.04231
G1 X57.315 Y64.726 E4.62069
G1 X57.315 Y63.985 E.05812
G1 X99.253 Y105.923 E4.65214
G1 X99.541 Y105.469 E.04217
G1 X57.315 Y63.243 E4.68409
G1 X57.315 Y62.502 E.05812
G1 X99.828 Y105.015 E4.71592
G1 X100.12 Y104.566 E.04201
G1 X57.315 Y61.761 E4.74831
G1 X57.315 Y61.02 E.05812
G1 X100.584 Y104.289 E4.79979
;WIPE_START
G1 F9600
G1 X97.408 Y101.113 E-.8
;WIPE_END
G1 X103.454 Y105.676 F12000
G1 E.8 F1800
G1 X103.638 Y105.86 E.02041
G1 X104.207 Y105.688 E.04663
G1 X103.9 Y105.381 E.03406
G1 X104.175 Y104.915 E.04244
G1 X104.776 Y105.516 E.06667
G1 X105.334 Y105.333 E.04606
G1 X104.457 Y104.456 E.09728
G1 X104.739 Y103.997 E.04226
G1 X105.889 Y105.147 E.12757
G1 X106.443 Y104.96 E.04586
G1 X105.021 Y103.538 E.15774
G1 X105.181 Y103.277 E.02401
G1 X105.27 Y103.045 E.01949
G1 X107.184 Y104.959 E.21232
;WIPE_START
G1 F9600
G1 X105.27 Y103.045 E-.48215
G1 X105.181 Y103.277 E-.04426
G1 X105.021 Y103.538 E-.05453
G1 X105.891 Y104.408 E-.21906
;WIPE_END
G1 X110.15 Y99.032 F12000
G1 E.8 F1800
G1 X108.656 Y97.538 E.16573
G1 X109.206 Y97.347 E.04567
G1 X110.1 Y98.24 E.09912
G1 X110.319 Y97.719 E.04433
G1 X109.757 Y97.156 E.0624
G1 X110.307 Y96.965 E.04567
G1 X110.719 Y97.377 E.0457
;WIPE_START
G1 F9600
G1 X110.307 Y96.965 E-.10379
G1 X109.757 Y97.156 E-.10371
G1 X110.319 Y97.719 E-.1417
G1 X110.1 Y98.24 E-.10067
G1 X109.206 Y97.347 E-.22508
G1 X108.656 Y97.538 E-.10371
G1 X108.741 Y97.623 E-.02134
;WIPE_END
G1 X126.864 Y112.781 F12000
G1 E.8 F1800
G1 X116.283 Y102.2 E1.17374
G1 X116.507 Y103.165 E.07771
G1 X125.934 Y112.592 E1.04573
G1 X125.488 Y112.888 E.04199
G1 X116.664 Y104.064 E.97884
G1 X116.746 Y104.567 E.03998
G1 X116.782 Y104.923 E.02807
G1 X125.044 Y113.185 E.9165
G1 X124.6 Y113.481 E.04186
G1 X116.865 Y105.747 E.85798
G1 X116.9 Y106.523 E.06093
G1 X124.155 Y113.778 E.80479
G1 X123.711 Y114.075 E.0419
G1 X116.926 Y107.29 E.75265
G1 X116.914 Y108.019 E.05719
G1 X123.266 Y114.372 E.70468
G1 X122.945 Y114.586 E.03026
G1 X122.837 Y114.683 E.01139
G1 X116.876 Y108.722 E.66125
G1 X116.858 Y108.996 E.02154
G1 X116.79 Y109.377 E.03036
G1 X122.514 Y115.101 E.63496
G1 X122.425 Y115.351 E.02082
G1 X122.395 Y115.564 E.01687
G1 X122.411 Y115.74 E.01386
G1 X116.678 Y110.007 E.63596
G1 X116.658 Y110.121 E.00908
G1 X116.489 Y110.559 E.03682
G1 X122.464 Y116.534 E.6628
G1 X122.45 Y117.261 E.05704
G1 X116.283 Y111.094 E.6841
G1 X116.029 Y111.581 E.04308
G1 X122.331 Y117.883 E.69907
G1 X122.111 Y118.391 E.04342
G1 X115.752 Y112.046 E.70462
G1 X115.467 Y112.502 E.04218
G1 X121.783 Y118.817 E.70057
G1 X121.432 Y119.151 E.038
G1 X121.399 Y119.175 E.0032
G1 X115.182 Y112.958 E.68965
G1 X114.897 Y113.413 E.04211
G1 X120.972 Y119.489 E.67395
G1 X120.512 Y119.77 E.04228
G1 X114.612 Y113.869 E.65454
G1 X114.326 Y114.325 E.04222
G1 X120.044 Y120.043 E.63429
G1 X119.563 Y120.303 E.04289
G1 X114.039 Y114.779 E.61277
G1 X113.721 Y115.202 E.04151
G1 X119.082 Y120.564 E.59475
G1 X118.598 Y120.821 E.04298
G1 X113.392 Y115.615 E.5775
G1 X113.033 Y115.997 E.04112
G1 X118.095 Y121.059 E.56152
G1 X117.592 Y121.297 E.04365
G1 X112.645 Y116.35 E.54877
G1 X112.222 Y116.668 E.04151
G1 X117.089 Y121.535 E.53989
G1 X116.578 Y121.765 E.04396
G1 X111.799 Y116.986 E.53013
G1 X111.354 Y117.282 E.04192
G1 X116.06 Y121.988 E.52203
G1 X115.541 Y122.211 E.04431
G1 X110.905 Y117.574 E.51432
G1 X110.443 Y117.853 E.04233
G1 X115.015 Y122.425 E.50717
G1 X114.485 Y122.637 E.04477
G1 X109.97 Y118.122 E.50084
G1 X109.491 Y118.384 E.04283
G1 X113.956 Y122.849 E.4953
G1 X113.426 Y123.06 E.04475
G1 X109 Y118.634 E.49097
G1 X108.492 Y118.867 E.04384
G1 X112.897 Y123.272 E.48864
G1 X112.36 Y123.477 E.04509
G1 X107.98 Y119.096 E.48592
G1 X107.466 Y119.323 E.04407
G1 X111.821 Y123.679 E.48315
G1 X111.282 Y123.881 E.04515
G1 X106.927 Y119.526 E.4831
G1 X106.389 Y119.729 E.0451
G1 X110.743 Y124.083 E.48298
G1 X110.204 Y124.285 E.04515
G1 X105.836 Y119.917 E.48454
G1 X105.271 Y120.093 E.04642
G1 X109.665 Y124.488 E.48748
G1 X109.126 Y124.69 E.04515
G1 X104.703 Y120.266 E.49069
G1 X104.11 Y120.414 E.04794
G1 X108.588 Y124.892 E.49674
G1 X108.045 Y125.091 E.04536
G1 X103.517 Y120.563 E.50229
G1 X102.894 Y120.681 E.04974
G1 X107.493 Y125.28 E.51016
G1 X106.941 Y125.468 E.04574
G1 X102.268 Y120.796 E.51832
G1 X101.607 Y120.876 E.05223
G1 X106.388 Y125.657 E.53035
G1 X105.836 Y125.846 E.04577
G1 X100.898 Y120.909 E.54771
G1 X100.477 Y120.919 E.03303
G1 X100.135 Y120.886 E.02695
G1 X105.284 Y126.035 E.57117
G1 X104.731 Y126.224 E.04584
G1 X99.277 Y120.769 E.60506
G1 X98.74 Y120.63 E.04351
G1 X98.08 Y120.314 E.0574
G1 X104.179 Y126.412 E.6765
G1 X103.626 Y126.601 E.04584
G1 X97.08 Y120.055 E.72614
G1 X96.609 Y120.325 E.04258
G1 X103.074 Y126.79 E.71716
G1 X102.522 Y126.979 E.04577
G1 X96.171 Y120.628 E.70451
G1 X95.907 Y120.81 E.02515
G1 X95.751 Y120.95 E.01644
G1 X101.969 Y127.167 E.6897
G1 X101.417 Y127.356 E.04577
G1 X95.381 Y121.32 E.66957
G1 X95.037 Y121.717 E.0412
G1 X100.864 Y127.545 E.64644
G1 X100.312 Y127.734 E.04577
G1 X94.761 Y122.183 E.61577
G1 X94.648 Y122.43 E.02131
G1 X94.573 Y122.736 E.02471
G1 X99.76 Y127.923 E.57539
G1 X99.236 Y128.101 E.04341
G1 X99.165 Y128.069 E.00611
G1 X94.523 Y123.427 E.51493
G1 X94.523 Y123.513 E.00675
G1 X94.662 Y124.195 E.05459
G1 X94.735 Y124.38 E.0156
G1 X98.272 Y127.917 E.39236
;WIPE_START
G1 F9600
G1 X95.096 Y124.741 E-.8
;WIPE_END
G1 X105.57 Y130.027 F12000
G1 E.8 F1800
G1 X106.048 Y130.505 E.05302
G1 X106.992 Y130.708 E.07574
G1 X106.305 Y130.02 E.07626
G1 X106.855 Y129.829 E.04567
G1 X107.935 Y130.91 E.11986
G1 X108.842 Y131.075 E.07231
G1 X107.405 Y129.638 E.1594
G1 X107.955 Y129.447 E.04567
G1 X109.748 Y131.24 E.1989
G1 X110.649 Y131.4 E.07178
G1 X108.505 Y129.256 E.23783
G1 X109.055 Y129.065 E.04567
G1 X111.534 Y131.544 E.27499
G1 X112.42 Y131.689 E.07042
G1 X109.605 Y128.874 E.31227
G1 X110.155 Y128.683 E.04567
G1 X113.305 Y131.833 E.34943
G1 X114.184 Y131.971 E.06979
G1 X110.705 Y128.492 E.38592
G1 X111.255 Y128.301 E.04567
G1 X115.057 Y132.102 E.4217
G1 X115.93 Y132.234 E.06926
G1 X111.805 Y128.109 E.45758
G1 X112.355 Y127.918 E.04567
G1 X116.803 Y132.366 E.49341
G1 X117.675 Y132.497 E.06917
G1 X112.905 Y127.727 E.52913
G1 X113.449 Y127.53 E.04538
G1 X118.548 Y132.629 E.56563
G1 X119.421 Y132.761 E.06926
G1 X113.992 Y127.331 E.60229
G1 X114.534 Y127.132 E.04529
G1 X120.294 Y132.892 E.63895
G1 X121.167 Y133.024 E.06926
G1 X115.076 Y126.933 E.67567
G1 X115.617 Y126.733 E.04524
G1 X122.039 Y133.156 E.71244
G1 X122.912 Y133.287 E.06924
G1 X116.152 Y126.527 E.74988
G1 X116.685 Y126.319 E.04488
G1 X150.55 Y160.184 E3.75661
G1 X151.292 Y160.184 E.0582
G1 X117.208 Y126.101 E3.78085
G1 X117.732 Y125.883 E.04452
G1 X152.033 Y160.184 E3.80497
G1 X152.774 Y160.184 E.05812
G1 X118.255 Y125.665 E3.82916
G1 X118.769 Y125.438 E.04407
G1 X153.515 Y160.184 E3.85434
G1 X154.256 Y160.184 E.05812
G1 X119.277 Y125.205 E3.88018
G1 X119.772 Y124.959 E.04336
G1 X154.997 Y160.184 E3.90747
G1 X155.739 Y160.184 E.0582
G1 X120.258 Y124.704 E3.93582
G1 X120.735 Y124.44 E.04276
G1 X156.48 Y160.184 E3.9651
G1 X157.221 Y160.184 E.05812
G1 X121.199 Y124.163 E3.99583
G1 X121.647 Y123.869 E.04203
G1 X157.962 Y160.184 E4.02839
G1 X158.703 Y160.184 E.05812
G1 X122.081 Y123.563 E4.06239
G1 X122.502 Y123.242 E.04153
G1 X159.444 Y160.185 E4.09799
G1 X160.186 Y160.185 E.0582
G1 X122.908 Y122.907 E4.13521
G1 X123.295 Y122.553 E.04114
G1 X160.927 Y160.185 E4.17448
G1 X161.668 Y160.185 E.05812
G1 X123.683 Y122.199 E4.21369
G1 X124.053 Y121.829 E.04104
G1 X162.409 Y160.185 E4.25479
G1 X162.685 Y160.185 E.02165
G1 X162.685 Y159.719 E.03655
G1 X124.421 Y121.455 E4.24459
G1 X124.782 Y121.075 E.04111
G1 X162.685 Y158.978 E4.20454
G1 X162.685 Y158.237 E.05812
G1 X125.13 Y120.682 E4.16594
G1 X125.478 Y120.289 E.04117
G1 X162.685 Y157.496 E4.12733
G1 X162.685 Y156.755 E.05812
G1 X125.801 Y119.871 E4.0915
G1 X126.124 Y119.453 E.04144
G1 X162.685 Y156.013 E4.05562
G1 X162.685 Y155.272 E.05812
G1 X126.42 Y119.007 E4.02284
G1 X126.706 Y118.553 E.04209
G1 X162.685 Y154.531 E3.99106
G1 X162.685 Y153.79 E.05812
G1 X126.989 Y118.094 E3.95972
G1 X127.227 Y117.591 E.04365
G1 X162.685 Y153.049 E3.93332
G1 X162.685 Y152.308 E.05812
G1 X127.441 Y117.063 E3.90964
G1 X127.623 Y116.505 E.04604
G1 X162.685 Y151.566 E3.88934
G1 X162.685 Y150.825 E.05812
G1 X127.751 Y115.892 E3.87514
G1 X127.809 Y115.547 E.02744
G1 X127.824 Y115.223 E.02544
G1 X162.685 Y150.084 E3.86709
G1 X162.685 Y149.343 E.05812
G1 X127.795 Y114.453 E3.87031
G1 X127.744 Y113.661 E.06225
G1 X162.92 Y148.837 E3.90204
;WIPE_START
G1 F9600
G1 X159.744 Y145.661 E-.8
;WIPE_END
G1 X162.92 Y137.72 F12000
G1 E.8 F1800
G1 X116.905 Y91.705 E5.1044
G1 X116.905 Y91.907 E.01584
G1 X116.858 Y92.169 E.02088
G1 X116.797 Y92.338 E.01409
G1 X162.685 Y138.226 E5.09031
G1 X162.685 Y138.967 E.05812
G1 X116.6 Y92.882 E5.11216
G1 X116.375 Y93.399 E.04423
G1 X162.685 Y139.708 E5.13706
G1 X162.685 Y140.449 E.05812
G1 X116.142 Y93.907 E5.16291
G1 X115.909 Y94.415 E.04384
G1 X162.685 Y141.19 E5.18876
G1 X162.685 Y141.931 E.05812
G1 X115.667 Y94.913 E5.21566
G1 X115.418 Y95.406 E.04332
G1 X162.685 Y142.673 E5.24328
G1 X162.685 Y143.414 E.05812
G1 X115.169 Y95.898 E5.2709
G1 X114.92 Y96.39 E.04325
G1 X162.685 Y144.155 E5.29852
G1 X162.685 Y144.896 E.05812
G1 X114.669 Y96.88 E5.32637
G1 X114.41 Y97.362 E.04292
G1 X162.685 Y145.637 E5.3551
G1 X162.685 Y146.378 E.05812
G1 X114.15 Y97.844 E5.38388
G1 X113.891 Y98.325 E.04285
G1 X162.685 Y147.12 E5.41272
G1 X162.685 Y147.861 E.05812
G1 X113.631 Y98.807 E5.44151
G1 X113.438 Y99.166 E.03197
G1 X113.357 Y99.274 E.01059
G1 X115.22 Y101.137 E.20666
G1 X114.839 Y101.135 E.02989
G1 X114.562 Y101.22 E.02273
G1 X112.975 Y99.633 E.17604
G1 X112.895 Y99.69 E.0077
G1 X112.45 Y99.849 E.03707
G1 X114.116 Y101.516 E.18486
G1 X113.739 Y101.879 E.04105
G1 X111.904 Y100.044 E.20355
G1 X111.574 Y100.163 E.02752
G1 X111.331 Y100.213 E.01946
G1 X113.359 Y102.241 E.22496
G1 X112.967 Y102.59 E.04117
G1 X108.109 Y97.732 E.53889
G1 X107.569 Y97.933 E.0452
G1 X112.465 Y102.829 E.54311
G1 X111.919 Y103.024 E.04548
G1 X107.03 Y98.135 E.54233
G1 X106.49 Y98.336 E.0452
G1 X111.373 Y103.219 E.54167
G1 X110.827 Y103.414 E.04548
G1 X105.95 Y98.538 E.54095
G1 X105.415 Y98.743 E.04494
G1 X110.281 Y103.61 E.53984
G1 X109.735 Y103.805 E.04548
G1 X104.881 Y98.951 E.53845
G1 X104.348 Y99.159 E.04488
G1 X109.189 Y104 E.53701
G1 X108.643 Y104.195 E.04548
G1 X103.82 Y99.372 E.53501
G1 X103.292 Y99.585 E.04466
G1 X108.097 Y104.39 E.53301
G1 X107.551 Y104.585 E.04548
G1 X102.764 Y99.799 E.53096
G1 X102.236 Y100.012 E.04466
G1 X103.636 Y101.411 E.15525
G1 X102.976 Y101.493 E.05217
G1 X101.709 Y100.225 E.1406
G1 X101.181 Y100.438 E.04466
G1 X102.352 Y101.61 E.12995
G1 X102.137 Y101.711 E.01863
G1 X101.905 Y101.904 E.02367
G1 X100.645 Y100.644 E.13977
G1 X100.108 Y100.848 E.04506
G1 X101.592 Y102.332 E.16462
G1 X101.297 Y102.779 E.04201
G1 X99.571 Y101.052 E.19152
G1 X99.034 Y101.256 E.04506
G1 X101.003 Y103.226 E.21847
G1 X100.709 Y103.672 E.0419
G1 X98.473 Y101.436 E.24804
G1 X98.207 Y101.447 E.02088
G1 X97.943 Y101.4 E.02103
G1 X97.741 Y101.322 E.01698
G1 X97.565 Y101.218 E.01604
G1 X97.412 Y101.092 E.01555
G1 X97.24 Y100.884 E.02117
G1 X97.12 Y100.655 E.02028
G1 X97.064 Y100.477 E.01464
G1 X97.032 Y100.267 E.01666
G1 X97.044 Y100.007 E.02042
G1 X57.315 Y60.279 E4.40704
G1 X57.315 Y59.815 E.0364
G1 X57.593 Y59.815 E.02181
G1 X97.221 Y99.444 E4.39595
G1 X97.421 Y98.903 E.04524
G1 X58.334 Y59.815 E4.33594
G1 X59.075 Y59.815 E.05812
G1 X97.621 Y98.361 E4.27587
G1 X97.821 Y97.82 E.04524
G1 X59.816 Y59.815 E4.21586
G1 X60.558 Y59.815 E.0582
G1 X98.021 Y97.279 E4.15579
G1 X98.221 Y96.738 E.04524
G1 X61.299 Y59.815 E4.09577
G1 X62.04 Y59.815 E.05812
G1 X98.442 Y96.217 E4.03804
G1 X98.571 Y96.032 E.01769
G1 X98.797 Y95.832 E.02367
G1 X62.781 Y59.815 E3.99527
G1 X63.522 Y59.815 E.05812
G1 X99.306 Y95.6 E3.96954
G1 X99.847 Y95.399 E.04527
G1 X64.263 Y59.815 E3.9473
G1 X65.005 Y59.815 E.0582
G1 X100.388 Y95.198 E3.925
G1 X100.928 Y94.998 E.04517
G1 X65.746 Y59.815 E3.90276
G1 X66.487 Y59.815 E.05812
G1 X96.823 Y90.152 E3.3652
G1 X96.902 Y89.868 E.02312
G1 X97.021 Y89.609 E.02236
G1 X67.228 Y59.815 E3.30496
G1 X67.969 Y59.815 E.05812
G1 X97.255 Y89.101 E3.24867
G1 X97.499 Y88.604 E.04343
G1 X68.71 Y59.815 E3.19353
G1 X69.451 Y59.815 E.05812
G1 X97.747 Y88.111 E3.13885
G1 X98.005 Y87.628 E.04295
G1 X70.193 Y59.815 E3.08521
G1 X70.934 Y59.815 E.05812
G1 X98.264 Y87.146 E3.03174
G1 X98.532 Y86.672 E.04271
G1 X71.675 Y59.815 E2.97922
G1 X72.416 Y59.815 E.05812
G1 X98.801 Y86.2 E2.92686
G1 X99.077 Y85.735 E.04241
G1 X73.157 Y59.815 E2.87528
G1 X73.898 Y59.815 E.05812
G1 X99.357 Y85.274 E2.82414
G1 X99.637 Y84.813 E.04231
G1 X74.64 Y59.815 E2.77295
G1 X75.381 Y59.815 E.05812
G1 X99.918 Y84.353 E2.72192
G1 X100.198 Y83.892 E.04231
G1 X76.122 Y59.815 E2.67078
G1 X76.863 Y59.815 E.05812
G1 X100.487 Y83.439 E2.62059
G1 X100.778 Y82.989 E.04203
G1 X77.604 Y59.815 E2.57067
G1 X78.345 Y59.815 E.05812
G1 X101.24 Y82.71 E2.53972
;WIPE_START
G1 F9600
G1 X98.064 Y79.534 E-.8
;WIPE_END
G1 X103.714 Y85.925 F12000
G1 E.8 F1800
G1 X103.444 Y85.655 E.02995
G1 X103.7 Y85.17 E.04302
G1 X104.089 Y85.559 E.04315
G1 X104.632 Y85.361 E.04534
G1 X103.955 Y84.684 E.0751
G1 X104.211 Y84.199 E.04302
G1 X105.175 Y85.162 E.10688
G1 X105.718 Y84.964 E.04534
G1 X104.467 Y83.714 E.13872
G1 X104.723 Y83.229 E.04302
G1 X106.26 Y84.766 E.1705
G1 X106.792 Y84.556 E.04486
G1 X104.979 Y82.743 E.20111
G1 X105.233 Y82.256 E.04308
G1 X107.505 Y84.528 E.25203
;WIPE_START
G1 F9600
G1 X105.233 Y82.256 E-.57233
G1 X104.979 Y82.743 E-.09784
G1 X105.494 Y83.259 E-.12983
;WIPE_END
G1 X98.227 Y91.555 F12000
G1 E.8 F1800
G1 X101.469 Y94.797 E.35963
G1 X102.009 Y94.597 E.04517
G1 X99.458 Y92.045 E.28304
G1 X99.973 Y92.044 E.0404
G1 X100.179 Y92.025 E.01623
G1 X102.55 Y94.396 E.26301
G1 X103.09 Y94.196 E.04517
G1 X100.805 Y91.91 E.25353
G1 X101.38 Y91.744 E.04694
G1 X103.631 Y93.995 E.2497
G1 X104.172 Y93.794 E.04527
G1 X101.95 Y91.573 E.24643
G1 X102.499 Y91.38 E.04565
G1 X104.712 Y93.594 E.24554
G1 X105.253 Y93.393 E.04527
G1 X103.048 Y91.188 E.2446
G1 X103.593 Y90.992 E.04543
G1 X105.793 Y93.193 E.2441
G1 X106.334 Y92.992 E.04527
G1 X104.135 Y90.794 E.24388
G1 X104.678 Y90.595 E.04536
G1 X106.874 Y92.791 E.2436
G1 X107.415 Y92.591 E.04524
G1 X105.22 Y90.396 E.24349
G1 X105.763 Y90.197 E.04536
G1 X107.956 Y92.39 E.24327
G1 X108.294 Y92.265 E.02827
G1 X108.395 Y92.089 E.01592
G1 X106.305 Y89.999 E.23184
G1 X106.848 Y89.8 E.04536
G1 X108.667 Y91.619 E.20178
G1 X108.938 Y91.15 E.04249
G1 X107.39 Y89.601 E.17177
G1 X107.932 Y89.402 E.04529
G1 X109.21 Y90.68 E.14177
G1 X109.481 Y90.21 E.04256
G1 X108.475 Y89.204 E.11159
G1 X109.017 Y89.005 E.04529
G1 X109.753 Y89.741 E.08164
G1 X110.024 Y89.271 E.04256
G1 X109.56 Y88.806 E.05153
G1 X110.112 Y88.618 E.04574
G1 X110.468 Y88.973 E.03944
;WIPE_START
G1 F9600
G1 X110.112 Y88.618 E-.08955
G1 X109.56 Y88.806 E-.10387
G1 X110.024 Y89.271 E-.11701
G1 X109.753 Y89.741 E-.09664
G1 X109.017 Y89.005 E-.1854
G1 X108.475 Y89.204 E-.10285
G1 X108.891 Y89.62 E-.10468
;WIPE_END
G1 X114.111 Y90.393 F12000
G1 E.8 F1800
G1 X113.833 Y90.115 E.03084
G1 X114.105 Y89.645 E.04259
G1 X114.495 Y90.036 E.04332
G1 X114.751 Y89.963 E.02088
G1 X115.127 Y89.927 E.02963
G1 X114.376 Y89.175 E.08336
G1 X114.647 Y88.706 E.04249
G1 X162.685 Y136.743 E5.32875
G1 X162.685 Y136.002 E.05812
G1 X114.918 Y88.236 E5.29869
G1 X115.189 Y87.766 E.04256
G1 X162.685 Y135.261 E5.26863
G1 X162.685 Y134.52 E.05812
G1 X115.461 Y87.296 E5.23851
G1 X115.732 Y86.826 E.04256
G1 X162.685 Y133.779 E5.20845
G1 X162.685 Y133.038 E.05812
G1 X115.989 Y86.342 E5.17994
G1 X116.242 Y85.854 E.04312
G1 X162.685 Y132.296 E5.15182
G1 X162.685 Y131.555 E.05812
G1 X116.469 Y85.339 E5.12669
G1 X116.683 Y84.812 E.04462
G1 X162.685 Y130.814 E5.10295
G1 X162.685 Y130.073 E.05812
G1 X116.833 Y84.221 E5.08631
G1 X116.899 Y83.944 E.02234
G1 X116.902 Y83.549 E.03098
G1 X162.685 Y129.332 E5.07866
G1 X162.685 Y128.591 E.05812
G1 X112.625 Y78.531 E5.5531
G1 X112.833 Y78.397 E.01941
G1 X113.016 Y78.181 E.02221
G1 X162.685 Y127.85 E5.50973
G1 X162.685 Y127.108 E.0582
G1 X113.303 Y77.727 E5.47784
G1 X113.581 Y77.263 E.04243
G1 X162.685 Y126.367 E5.44706
G1 X162.685 Y125.626 E.05812
G1 X113.858 Y76.799 E5.41633
G1 X114.136 Y76.336 E.04236
G1 X162.685 Y124.885 E5.38549
G1 X162.685 Y124.144 E.05812
G1 X114.413 Y75.872 E5.35476
G1 X114.687 Y75.404 E.04254
G1 X162.685 Y123.403 E5.32442
G1 X162.685 Y122.661 E.0582
G1 X114.951 Y74.928 E5.29503
G1 X115.216 Y74.452 E.04273
G1 X162.685 Y121.92 E5.26563
G1 X162.685 Y121.179 E.05812
G1 X115.481 Y73.976 E5.23624
G1 X115.746 Y73.499 E.0428
G1 X162.685 Y120.438 E5.20689
G1 X162.685 Y119.697 E.05812
G1 X115.997 Y73.009 E5.17905
G1 X116.244 Y72.515 E.04332
G1 X162.685 Y118.956 E5.15165
G1 X162.685 Y118.215 E.05812
G1 X116.469 Y71.999 E5.12669
G1 X116.684 Y71.473 E.04457
G1 X162.685 Y117.473 E5.10279
G1 X162.685 Y116.732 E.05812
G1 X116.85 Y70.897 E5.08443
G1 X116.874 Y70.741 E.01238
G1 X116.833 Y70.139 E.04733
G1 X162.92 Y116.226 E5.11238
;WIPE_START
G1 F9600
G1 X159.744 Y113.05 E-.8
;WIPE_END
G1 X162.92 Y60.64 F12000
G1 E.8 F1800
G1 X162.096 Y59.815 E.09146
G1 X161.355 Y59.815 E.05812
G1 X162.685 Y61.146 E.14759
G1 X162.685 Y61.887 E.05812
G1 X160.613 Y59.815 E.22984
G1 X159.872 Y59.815 E.05812
G1 X162.685 Y62.628 E.31204
G1 X162.685 Y63.369 E.05812
G1 X159.131 Y59.815 E.39424
G1 X158.39 Y59.815 E.05812
G1 X162.685 Y64.11 E.47644
G1 X162.685 Y64.851 E.05812
G1 X157.649 Y59.815 E.55864
G1 X156.908 Y59.815 E.05812
G1 X162.685 Y65.593 E.64089
G1 X162.685 Y66.334 E.05812
G1 X156.166 Y59.815 E.72315
G1 X155.425 Y59.815 E.05812
G1 X162.685 Y67.075 E.80534
G1 X162.685 Y67.816 E.05812
G1 X154.684 Y59.815 E.88754
G1 X153.943 Y59.815 E.05812
G1 X162.685 Y68.557 E.96974
G1 X162.685 Y69.298 E.05812
G1 X153.202 Y59.815 E1.05194
G1 X152.461 Y59.815 E.05812
G1 X162.685 Y70.039 E1.13414
G1 X162.685 Y70.781 E.0582
G1 X151.72 Y59.815 E1.21639
G1 X150.978 Y59.815 E.0582
G1 X162.685 Y71.522 E1.29865
G1 X162.685 Y72.263 E.05812
G1 X150.237 Y59.815 E1.38084
G1 X149.496 Y59.815 E.05812
G1 X162.685 Y73.004 E1.46304
G1 X162.685 Y73.745 E.05812
G1 X148.755 Y59.815 E1.54524
G1 X148.014 Y59.815 E.05812
G1 X162.685 Y74.486 E1.62744
G1 X162.685 Y75.228 E.0582
G1 X147.273 Y59.815 E1.70969
G1 X146.531 Y59.815 E.0582
G1 X162.685 Y75.969 E1.79195
G1 X162.685 Y76.71 E.05812
G1 X145.79 Y59.815 E1.87414
G1 X145.049 Y59.815 E.05812
G1 X162.685 Y77.451 E1.95634
G1 X162.685 Y78.192 E.05812
G1 X144.308 Y59.815 E2.03854
G1 X143.567 Y59.815 E.05812
G1 X162.685 Y78.933 E2.12074
G1 X162.685 Y79.674 E.05812
G1 X142.826 Y59.815 E2.20294
G1 X142.085 Y59.815 E.05812
G1 X162.685 Y80.416 E2.28519
G1 X162.685 Y81.157 E.05812
G1 X141.343 Y59.815 E2.36745
G1 X140.602 Y59.815 E.05812
G1 X162.685 Y81.898 E2.44964
G1 X162.685 Y82.639 E.05812
G1 X139.861 Y59.815 E2.53184
G1 X139.12 Y59.815 E.05812
G1 X162.685 Y83.38 E2.61404
G1 X162.685 Y84.121 E.05812
G1 X138.379 Y59.815 E2.69624
G1 X137.638 Y59.815 E.05812
G1 X162.685 Y84.863 E2.77849
G1 X162.685 Y85.604 E.05812
G1 X136.896 Y59.815 E2.86075
G1 X136.155 Y59.815 E.05812
G1 X162.685 Y86.345 E2.94295
G1 X162.685 Y87.086 E.05812
G1 X135.414 Y59.815 E3.02514
G1 X134.673 Y59.815 E.05812
G1 X162.685 Y87.827 E3.10734
G1 X162.685 Y88.568 E.05812
G1 X133.932 Y59.815 E3.18954
G1 X133.191 Y59.815 E.05812
G1 X162.685 Y89.309 E3.27174
G1 X162.685 Y90.051 E.0582
G1 X132.45 Y59.815 E3.35399
G1 X131.708 Y59.815 E.0582
G1 X162.685 Y90.792 E3.43625
G1 X162.685 Y91.533 E.05812
G1 X130.967 Y59.815 E3.51844
G1 X130.226 Y59.815 E.05812
G1 X162.685 Y92.274 E3.60064
G1 X162.685 Y93.015 E.05812
G1 X129.485 Y59.815 E3.68284
G1 X128.744 Y59.815 E.05812
G1 X162.685 Y93.756 E3.76504
G1 X162.685 Y94.498 E.0582
G1 X128.003 Y59.815 E3.84729
G1 X127.261 Y59.815 E.0582
G1 X162.685 Y95.239 E3.92955
G1 X162.685 Y95.98 E.05812
G1 X126.52 Y59.815 E4.01175
G1 X125.779 Y59.815 E.05812
G1 X162.685 Y96.721 E4.09394
G1 X162.685 Y97.462 E.05812
G1 X125.038 Y59.815 E4.17614
G1 X124.297 Y59.815 E.05812
G1 X162.685 Y98.203 E4.25834
G1 X162.685 Y98.944 E.05812
G1 X123.556 Y59.815 E4.34054
G1 X122.815 Y59.815 E.05812
G1 X162.685 Y99.686 E4.42279
G1 X162.685 Y100.427 E.05812
G1 X122.073 Y59.815 E4.50505
G1 X121.332 Y59.815 E.05812
G1 X162.685 Y101.168 E4.58725
G1 X162.685 Y101.909 E.05812
G1 X120.591 Y59.815 E4.66944
G1 X119.85 Y59.815 E.05812
G1 X162.685 Y102.65 E4.75164
G1 X162.685 Y103.391 E.05812
G1 X119.109 Y59.815 E4.83384
G1 X118.368 Y59.815 E.05812
G1 X162.685 Y104.133 E4.91609
G1 X162.685 Y104.874 E.05812
G1 X125.599 Y67.788 E4.11391
G1 X125.573 Y68.029 E.01901
G1 X125.505 Y68.241 E.01746
G1 X125.44 Y68.37 E.01133
G1 X162.685 Y105.615 E4.13155
G1 X162.685 Y106.356 E.05812
G1 X125.13 Y68.802 E4.16588
G1 X124.817 Y69.229 E.04153
G1 X162.685 Y107.097 E4.20066
G1 X162.685 Y107.838 E.05812
G1 X124.503 Y69.657 E4.23543
G1 X124.189 Y70.084 E.04157
G1 X162.685 Y108.579 E4.27027
G1 X162.685 Y109.321 E.0582
G1 X123.881 Y70.517 E4.30449
G1 X123.588 Y70.965 E.04199
G1 X162.685 Y110.062 E4.33699
G1 X162.685 Y110.803 E.05812
G1 X123.296 Y71.414 E4.36938
G1 X123.13 Y71.668 E.0238
G1 X122.976 Y71.836 E.01788
G1 X162.685 Y111.544 E4.40482
G1 X162.685 Y112.285 E.05812
G1 X122.511 Y72.111 E4.45646
G1 X122.258 Y72.166 E.02031
G1 X122.075 Y72.173 E.01436
G1 X121.786 Y72.127 E.02295
G1 X162.685 Y113.026 E4.53688
G1 X162.685 Y113.768 E.0582
G1 X120.744 Y71.827 E4.65247
G1 X120.363 Y71.69 E.03176
G1 X119.401 Y71.224 E.08384
G1 X162.685 Y114.509 E4.8015
G1 X162.685 Y115.25 E.05812
G1 X107.25 Y59.815 E6.14935
G1 X107.991 Y59.815 E.05812
G1 X117.909 Y69.733 E1.10019
G1 X117.935 Y69.389 E.02706
G1 X118.032 Y69.115 E.0228
G1 X108.733 Y59.815 E1.03158
G1 X109.474 Y59.815 E.05812
G1 X118.34 Y68.682 E.98355
G1 X118.674 Y68.275 E.0413
G1 X110.215 Y59.815 E.9384
G1 X110.956 Y59.815 E.05812
G1 X119.008 Y67.867 E.8932
G1 X119.342 Y67.46 E.0413
G1 X111.697 Y59.815 E.84805
G1 X112.438 Y59.815 E.05812
G1 X119.657 Y67.034 E.8008
G1 X119.966 Y66.601 E.04173
G1 X113.18 Y59.815 E.75276
G1 X113.921 Y59.815 E.05812
G1 X120.274 Y66.169 E.70479
G1 X120.449 Y65.925 E.02355
G1 X120.6 Y65.754 E.01789
G1 X114.662 Y59.815 E.65875
G1 X115.403 Y59.815 E.05812
G1 X121.061 Y65.474 E.62769
G1 X121.352 Y65.406 E.02344
G1 X121.587 Y65.405 E.01843
G1 X121.767 Y65.438 E.01435
G1 X116.144 Y59.815 E.62375
G1 X116.885 Y59.815 E.05812
G1 X123.105 Y66.035 E.68998
G1 X124.228 Y66.417 E.09304
G1 X117.391 Y59.58 E.75842
;WIPE_START
G1 F9600
G1 X120.567 Y62.756 E-.8
;WIPE_END
G1 X115.927 Y69.233 F12000
G1 E.8 F1800
G1 X106.509 Y59.815 E1.04473
G1 X105.768 Y59.815 E.05812
G1 X114.795 Y68.842 E1.00136
G1 X114.188 Y68.977 E.04878
G1 X105.027 Y59.815 E1.01628
G1 X104.286 Y59.815 E.05812
G1 X113.631 Y69.161 E1.03669
G1 X113.073 Y69.344 E.04606
G1 X103.545 Y59.815 E1.05699
G1 X102.803 Y59.815 E.0582
G1 X112.519 Y69.531 E1.07779
G1 X111.976 Y69.729 E.04534
G1 X102.062 Y59.815 E1.09975
G1 X101.321 Y59.815 E.05812
G1 X111.433 Y69.927 E1.12171
G1 X110.89 Y70.126 E.04536
G1 X100.58 Y59.815 E1.14373
G1 X99.839 Y59.815 E.05812
G1 X110.347 Y70.324 E1.1657
G1 X109.804 Y70.522 E.04534
G1 X99.098 Y59.815 E1.18766
G1 X98.356 Y59.815 E.0582
G1 X109.261 Y70.72 E1.20968
G1 X108.718 Y70.918 E.04534
G1 X97.615 Y59.815 E1.23164
G1 X96.874 Y59.815 E.05812
G1 X108.174 Y71.116 E1.25355
G1 X107.631 Y71.314 E.04534
G1 X96.133 Y59.815 E1.27552
G1 X95.392 Y59.815 E.05812
G1 X103.304 Y67.728 E.87773
G1 X102.717 Y67.882 E.0476
G1 X94.651 Y59.815 E.89481
G1 X93.91 Y59.815 E.05812
G1 X102.129 Y68.035 E.91178
G1 X101.951 Y68.082 E.01444
G1 X101.632 Y68.279 E.02941
G1 X93.168 Y59.815 E.9389
G1 X92.427 Y59.815 E.05812
G1 X101.306 Y68.694 E.98494
G1 X101.03 Y69.159 E.04241
G1 X91.686 Y59.815 E1.03652
G1 X90.945 Y59.815 E.05812
G1 X100.754 Y69.625 E1.08816
G1 X100.479 Y70.09 E.04238
G1 X90.204 Y59.815 E1.1398
G1 X89.463 Y59.815 E.05812
G1 X100.203 Y70.556 E1.19143
G1 X99.927 Y71.021 E.04241
G1 X88.721 Y59.815 E1.24307
G1 X87.98 Y59.815 E.05812
G1 X99.648 Y71.483 E1.29432
G1 X99.366 Y71.942 E.04226
G1 X87.239 Y59.815 E1.34524
G1 X86.498 Y59.815 E.05812
G1 X99.083 Y72.401 E1.3961
G1 X98.801 Y72.859 E.04219
G1 X85.757 Y59.815 E1.44696
G1 X85.016 Y59.815 E.05812
G1 X98.52 Y73.32 E1.49804
G1 X98.251 Y73.792 E.04261
G1 X84.275 Y59.815 E1.5504
G1 X83.533 Y59.815 E.0582
G1 X97.982 Y74.264 E1.60281
G1 X97.718 Y74.741 E.04276
G1 X82.792 Y59.815 E1.65573
G1 X82.051 Y59.815 E.05812
G1 X97.471 Y75.235 E1.71052
G1 X97.259 Y75.764 E.0447
G1 X81.31 Y59.815 E1.76921
G1 X80.569 Y59.815 E.05812
G1 X97.074 Y76.321 E1.83094
G1 X96.984 Y76.851 E.04217
G1 X96.986 Y76.974 E.00965
G1 X79.828 Y59.815 E1.90337
G1 X79.086 Y59.815 E.0582
G1 X101.37 Y82.099 E2.47194
G1 X101.67 Y81.658 E.04184
G1 X99.271 Y79.259 E.26612
G1 X99.801 Y79.266 E.04158
G1 X99.996 Y79.243 E.0154
G1 X101.999 Y81.245 E.22214
G1 X102.345 Y80.998 E.03335
G1 X102.453 Y80.958 E.00903
G1 X100.655 Y79.161 E.19939
G1 X101.258 Y79.022 E.04854
G1 X102.993 Y80.758 E.19252
G1 X103.534 Y80.557 E.04527
G1 X101.854 Y78.877 E.18636
G1 X102.419 Y78.701 E.04642
G1 X104.16 Y80.442 E.19313
G1 X104.275 Y80.439 E.00902
G1 X104.629 Y80.541 E.0289
G1 X104.91 Y80.716 E.02597
G1 X105.17 Y81.01 E.03079
G1 X105.283 Y81.233 E.01961
G1 X105.347 Y81.455 E.01812
G1 X105.364 Y81.646 E.01504
G1 X107.854 Y84.136 E.27621
G1 X108.386 Y83.926 E.04486
G1 X102.969 Y78.51 E.60085
G1 X103.509 Y78.309 E.0452
G1 X108.917 Y83.716 E.59985
G1 X109.448 Y83.506 E.04479
G1 X104.041 Y78.1 E.59974
G1 X104.573 Y77.891 E.04483
G1 X109.979 Y83.296 E.59963
G1 X110.51 Y83.086 E.04479
G1 X105.105 Y77.681 E.59957
G1 X105.64 Y77.476 E.04494
G1 X111.041 Y82.876 E.59907
G1 X111.572 Y82.666 E.04479
G1 X106.18 Y77.274 E.59813
G1 X106.72 Y77.073 E.0452
G1 X112.104 Y82.456 E.59719
G1 X112.635 Y82.246 E.04479
G1 X107.26 Y76.872 E.59619
G1 X107.8 Y76.67 E.04522
G1 X113.166 Y82.036 E.59524
G1 X113.697 Y81.826 E.04479
G1 X110.771 Y78.9 E.32458
G1 X111.425 Y78.813 E.05175
G1 X114.252 Y81.64 E.3136
G1 X114.756 Y81.501 E.04101
G1 X114.853 Y81.5 E.00761
G1 X111.861 Y78.508 E.3319
;WIPE_START
G1 F9600
G1 X114.853 Y81.5 E-.75371
G1 X114.756 Y81.501 E-.01728
G1 X114.599 Y81.544 E-.02901
;WIPE_END
G1 X109.714 Y77.843 F12000
G1 E.8 F1800
G1 X108.34 Y76.469 E.15242
G1 X108.879 Y76.268 E.04512
G1 X109.62 Y77.008 E.08214
G1 X109.882 Y76.529 E.04283
G1 X109.419 Y76.066 E.05136
G1 X109.959 Y75.865 E.0452
G1 X110.317 Y76.223 E.03971
;WIPE_START
G1 F9600
G1 X109.959 Y75.865 E-.09018
G1 X109.419 Y76.066 E-.10263
G1 X109.882 Y76.529 E-.11663
G1 X109.62 Y77.008 E-.09725
G1 X108.879 Y76.268 E-.18654
G1 X108.34 Y76.469 E-.10247
G1 X108.754 Y76.883 E-.1043
;WIPE_END
G1 X107.272 Y71.695 F12000
G1 E.8 F1800
G1 X104.941 Y69.365 E.25852
G1 X104.883 Y69.512 E.0124
G1 X104.693 Y69.858 E.03096
G1 X106.545 Y71.71 E.20544
G1 X106.002 Y71.908 E.04534
G1 X104.43 Y70.336 E.17438
G1 X104.167 Y70.815 E.04286
G1 X105.459 Y72.106 E.14326
G1 X104.914 Y72.302 E.04543
G1 X103.908 Y71.296 E.11159
G1 X103.659 Y71.788 E.04325
G1 X104.36 Y72.49 E.07782
G1 X103.801 Y72.672 E.04611
G1 X103.409 Y72.28 E.04348
G1 X103.169 Y72.78 E.0435
G1 X103.409 Y73.021 E.02668
;WIPE_START
G1 F9600
G1 X103.169 Y72.78 E-.06058
G1 X103.409 Y72.28 E-.09879
G1 X103.801 Y72.672 E-.09875
G1 X104.36 Y72.49 E-.10472
G1 X103.659 Y71.788 E-.17671
G1 X103.908 Y71.296 E-.09822
G1 X104.552 Y71.94 E-.16223
;WIPE_END
G1 X108.838 Y109.211 F12000
G1 E.8 F1800
;TYPE:Perimeter
;WIDTH:0.66
G1 X112.496 Y107.887 E.3393
G1 X112.616 Y108.489 E.05354
G1 X112.729 Y109.3 E.07142
G1 X112.759 Y110.065 E.06677
G1 X112.686 Y110.605 E.04753
G1 X112.518 Y111.053 E.04173
G1 X112.222 Y111.494 E.04632
G1 X111.719 Y111.961 E.05986
G1 X111.07 Y112.415 E.06908
G1 X110.182 Y112.961 E.09092
G1 X108.93 Y113.632 E.12389
G1 X108.017 Y114.051 E.08762
G1 X107.068 Y114.431 E.08916
G1 X106.126 Y114.756 E.08691
G1 X105.615 Y114.912 E.0466
G1 X104.659 Y115.157 E.08608
G1 X104.162 Y115.263 E.04432
G1 X103.252 Y115.406 E.08034
G1 X102.725 Y115.443 E.04608
G1 X102.219 Y115.389 E.04438
G1 X102.13 Y115.324 E.00961
G1 X102.172 Y115.066 E.0228
G1 X102.39 Y114.554 E.04854
G1 X102.747 Y113.896 E.06529
G1 X103.199 Y113.159 E.07541
G1 X103.7 Y112.396 E.07961
G1 X104.916 Y110.63 E.18701
G1 X108.753 Y109.241 E.35591
G1 X108.645 Y108.677 Z.66 F12000
;TYPE:External perimeter
;WIDTH:0.63
G1 F1800
G1 X109.501 Y108.367 Z.677 E.00365
G1 X110.357 Y108.057 Z.695 E.00731
G1 X111.213 Y107.747 Z.712 E.01096
G1 X112.068 Y107.438 Z.73 E.01459
G1 X112.924 Y107.128 Z.747 E.01826
G1 X113.049 Y107.756 Z.76 E.01465
G1 X113.174 Y108.383 Z.772 E.01643
G1 X113.295 Y109.266 Z.789 E.02641
G1 X113.337 Y109.964 Z.802 E.02287
G1 X113.288 Y110.556 Z.814 E.02099
G1 X113.15 Y111.058 Z.824 E.01959
G1 X112.933 Y111.492 Z.833 E.01929
G1 X112.645 Y111.876 Z.842 E.0201
G1 X112.077 Y112.404 Z.857 E.03513
G1 X111.382 Y112.889 Z.873 E.04155
G1 X110.925 Y113.17 Z.884 E.02757
G1 X110.468 Y113.451 Z.894 E.02884
G1 X109.665 Y113.896 Z.912 E.05307
G1 X109.176 Y114.144 Z.922 E.03302
G1 X108.709 Y114.358 Z.932 E.0321
G1 X108.241 Y114.573 Z.942 E.03335
G1 X107.754 Y114.768 Z.952 E.03518
G1 X107.266 Y114.964 Z.962 E.03649
G1 X106.766 Y115.136 Z.972 E.03792
G1 X106.266 Y115.308 Z.982 E.03915
G1 X105.767 Y115.459 Z.992 E.0398
G1 X105.263 Y115.588 Z1.002 E.04091
G1 X104.759 Y115.718 Z1.012 E.04212
G1 X104.36 Y115.801 Z1.02 E.03372
G1 X104.265 Y115.821 E.00803
G1 X103.287 Y115.975 E.08191
G1 X102.762 Y116.014 E.04355
G1 X102.206 Y115.969 E.04615
G1 X101.825 Y115.833 E.03347
G1 X101.623 Y115.611 E.02483
G1 X101.559 Y115.328 E.024
G1 X101.631 Y114.888 E.03689
G1 X101.878 Y114.307 E.05223
G1 X102.255 Y113.612 E.06541
G1 X102.719 Y112.854 E.07352
G1 X103.229 Y112.079 E.07675
G1 X104.551 Y110.158 E.19292
G1 X108.645 Y108.677 E.36017
G1 X109.501 Y108.367 E.07166
G1 X110.357 Y108.057 E.06801
G1 X111.213 Y107.747 E.06436
G1 X112.068 Y107.438 E.06062
G1 X112.924 Y107.128 E.05705
G1 X113.049 Y107.756 E.03832
G1 X113.174 Y108.383 E.03646
G1 X113.295 Y109.266 E.04733
G1 X113.337 Y109.964 E.03498
G1 X113.288 Y110.556 E.02816
G1 X113.15 Y111.058 E.02348
G1 X112.933 Y111.492 E.02085
G1 X112.645 Y111.876 E.01961
G1 X112.077 Y112.404 E.02903
G1 X111.382 Y112.889 E.02856
G1 X110.925 Y113.17 E.01681
G1 X110.468 Y113.451 E.01554
G1 X109.665 Y113.896 E.02288
G1 X109.176 Y114.144 E.01234
G1 X108.709 Y114.358 E.0104
G1 X108.241 Y114.573 E.00926
G1 X107.754 Y114.768 E.00822
G1 X107.266 Y114.964 E.00702
G1 X106.766 Y115.136 E.00582
G1 X106.266 Y115.308 E.00459
G1 X105.767 Y115.459 E.00333
G1 X105.263 Y115.588 E.00213
G1 X104.759 Y115.718 E.00094
G1 X104.448 Y115.783 E.02628
;WIPE_START
G1 F9600
G1 X104.36 Y115.801 E-.016
G1 X104.265 Y115.821 E-.01729
G1 X103.287 Y115.975 E-.17635
G1 X102.762 Y116.014 E-.09377
G1 X102.206 Y115.969 E-.09936
G1 X101.825 Y115.833 E-.07206
G1 X101.623 Y115.611 E-.05346
G1 X101.559 Y115.328 E-.05168
G1 X101.631 Y114.888 E-.07942
G1 X101.878 Y114.307 E-.11245
G1 X101.953 Y114.168 E-.02816
;WIPE_END
G1 X102.628 Y114.499 F12000
G1 E.8 F1800
;TYPE:Top solid infill
;WIDTH:0.608456
G1 X103.127 Y114.998 E.05611
G1 X103.78 Y114.899 E.05251
G1 X103.066 Y114.185 E.08028
G1 X103.348 Y113.716 E.04351
G1 X104.414 Y114.782 E.11986
G1 X105.016 Y114.633 E.04931
G1 X103.637 Y113.254 E.15505
G1 X103.935 Y112.801 E.04311
G1 X105.61 Y114.476 E.18833
G1 X106.18 Y114.295 E.04755
G1 X104.238 Y112.353 E.21835
G1 X104.544 Y111.908 E.04294
G1 X106.739 Y114.102 E.24674
G1 X107.282 Y113.894 E.04623
G1 X104.851 Y111.463 E.27333
G1 X105.157 Y111.018 E.04294
G1 X107.819 Y113.679 E.29925
G1 X108.33 Y113.44 E.04485
G1 X105.687 Y110.796 E.29723
G1 X106.238 Y110.596 E.0466
G1 X108.84 Y113.199 E.29262
G1 X109.341 Y112.948 E.04455
G1 X106.79 Y110.397 E.28683
G1 X107.341 Y110.197 E.0466
G1 X109.824 Y112.68 E.27918
G1 X110.295 Y112.4 E.04356
G1 X107.893 Y109.998 E.27007
G1 X108.445 Y109.798 E.04668
G1 X110.76 Y112.114 E.26035
G1 X111.206 Y111.808 E.043
G1 X108.996 Y109.598 E.24849
G1 X109.548 Y109.399 E.04665
G1 X111.625 Y111.476 E.23353
G1 X111.909 Y111.213 E.03077
G1 X111.997 Y111.096 E.01164
G1 X110.1 Y109.199 E.21329
G1 X110.651 Y109 E.04658
G1 X112.252 Y110.601 E.18001
G1 X112.313 Y110.382 E.01807
G1 X112.348 Y109.945 E.03485
G1 X111.203 Y108.8 E.12874
G1 X111.754 Y108.6 E.0466
G1 X112.551 Y109.397 E.08961
;LAYER_CHANGE
;Z:1.38
;HEIGHT:0.36
;BEFORE_LAYER_CHANGE
G92 E0
;1.38


;WIPE_START
G1 F9600
G1 X111.754 Y108.6 E-.20077
G1 X111.203 Y108.8 E-.10441
G1 X112.348 Y109.945 E-.28843
G1 X112.313 Y110.382 E-.07809
G1 X112.252 Y110.601 E-.04049
G1 X111.903 Y110.252 E-.08781
;WIPE_END
G1 Z1.38 F12000
;AFTER_LAYER_CHANGE
;1.38
G1 X130 Y160.582
G1 Z1.02
G1 E.8 F1800
;TYPE:External perimeter
;WIDTH:0.663629
G1 F2681
G1 X129 Y160.582 Z1.038 E.00439
G1 X128 Y160.582 Z1.056 E.00878
G1 X127 Y160.582 Z1.074 E.01316
G1 X126 Y160.582 Z1.092 E.01755
G1 X125 Y160.582 Z1.11 E.02194
G1 X124 Y160.582 Z1.128 E.02633
G1 X123 Y160.582 Z1.146 E.03072
G1 X122 Y160.582 Z1.164 E.03511
G1 X121 Y160.582 Z1.182 E.03949
G1 X120 Y160.582 Z1.2 E.04388
G1 X119 Y160.582 Z1.218 E.04827
G1 X118 Y160.582 Z1.236 E.05266
G1 X117 Y160.582 Z1.254 E.05705
G1 X116 Y160.582 Z1.272 E.06143
G1 X115 Y160.582 Z1.29 E.06582
G1 X114 Y160.582 Z1.308 E.07021
G1 X113 Y160.582 Z1.326 E.0746
G1 X112 Y160.582 Z1.344 E.07899
G1 X111 Y160.582 Z1.362 E.08337
G1 X110 Y160.582 Z1.38 E.08776
G1 X57.211 Y160.582 E4.6329
;WIDTH:0.70217
G1 X57.003 Y160.521 E.02027
;WIDTH:0.699406
G1 X56.918 Y160.289 E.02301
;WIDTH:0.66363
G1 X56.918 Y59.711 E8.82701
;WIDTH:0.702171
G1 X56.979 Y59.503 E.02027
G1 X57.133 Y59.418 E.01645
;WIDTH:0.663629
G1 X162.789 Y59.418 E9.27265
;WIDTH:0.70217
G1 X162.997 Y59.479 E.02027
G1 X163.082 Y59.633 E.01645
;WIDTH:0.663629
G1 X163.082 Y160.289 E8.83384
;WIDTH:0.702169
G1 X163.021 Y160.497 E.02027
G1 X162.867 Y160.582 E.01645
;WIDTH:0.663629
G1 X130 Y160.582 E2.8845
G1 X129 Y160.582 E.08337
G1 X128 Y160.582 E.07899
G1 X127 Y160.582 E.0746
G1 X126 Y160.582 E.07021
G1 X125 Y160.582 E.06582
G1 X124 Y160.582 E.06143
G1 X123 Y160.582 E.05705
G1 X122 Y160.582 E.05266
G1 X121 Y160.582 E.04827
G1 X120 Y160.582 E.04388
G1 X119 Y160.582 E.03949
G1 X118 Y160.582 E.03511
G1 X117 Y160.582 E.03072
G1 X116 Y160.582 E.02633
G1 X115 Y160.582 E.02194
G1 X114 Y160.582 E.01755
G1 X113 Y160.582 E.01316
G1 X112 Y160.582 E.00878
G1 X111 Y160.582 E.00439
G1 X110.09 Y160.582 E.07986
;WIPE_START
G1 F9600
G1 X110 Y160.582 E-.01603
G1 X105.599 Y160.582 E-.78397
;WIPE_END
G1 X130 Y161.168 F12000
G1 Z1.02
G1 E.8 F1800
G1 F2681
G1 X129 Y161.168 Z1.038 E.00439
G1 X128 Y161.168 Z1.056 E.00878
G1 X127 Y161.168 Z1.074 E.01316
G1 X126 Y161.168 Z1.092 E.01755
G1 X125 Y161.168 Z1.11 E.02194
G1 X124 Y161.168 Z1.128 E.02633
G1 X123 Y161.168 Z1.146 E.03072
G1 X122 Y161.168 Z1.164 E.03511
G1 X121 Y161.168 Z1.182 E.03949
G1 X120 Y161.168 Z1.2 E.04388
G1 X119 Y161.168 Z1.218 E.04827
G1 X118 Y161.168 Z1.236 E.05266
G1 X117 Y161.168 Z1.254 E.05705
G1 X116 Y161.168 Z1.272 E.06143
G1 X115 Y161.168 Z1.29 E.06582
G1 X114 Y161.168 Z1.308 E.07021
G1 X113 Y161.168 Z1.326 E.0746
G1 X112 Y161.168 Z1.344 E.07899
G1 X111 Y161.168 Z1.362 E.08337
G1 X110 Y161.168 Z1.38 E.08776
G1 X57.076 Y161.168 E4.64475
;WIDTH:0.695685
G1 X56.726 Y161.079 E.03343
;WIDTH:0.699406
G1 X56.501 Y160.894 E.02712
G1 X56.369 Y160.644 E.02633
;WIDTH:0.686961
G1 X56.332 Y160.289 E.03257
;WIDTH:0.66363
G1 X56.332 Y59.576 E8.83886
;WIDTH:0.695685
G1 X56.421 Y59.226 E.03343
;WIDTH:0.699406
G1 X56.606 Y59.001 E.02712
G1 X56.856 Y58.869 E.02633
;WIDTH:0.686962
G1 X57.211 Y58.832 E.03257
;WIDTH:0.663629
G1 X162.994 Y58.832 E9.2838
;WIDTH:0.700106
G1 X163.344 Y58.964 E.03487
G1 X163.556 Y59.173 E.02775
;WIDTH:0.699851
G1 X163.661 Y59.53 E.03468
;WIDTH:0.677709
G1 X163.668 Y59.711 E.01628
;WIDTH:0.663629
G1 X163.668 Y160.424 E8.83884
;WIDTH:0.695684
G1 X163.579 Y160.774 E.03343
;WIDTH:0.699404
G1 X163.394 Y160.999 E.02712
G1 X163.144 Y161.131 E.02632
;WIDTH:0.68696
G1 X162.789 Y161.168 E.03257
;WIDTH:0.663629
G1 X130 Y161.168 E2.87765
G1 X129 Y161.168 E.08337
G1 X128 Y161.168 E.07899
G1 X127 Y161.168 E.0746
G1 X126 Y161.168 E.07021
G1 X125 Y161.168 E.06582
G1 X124 Y161.168 E.06143
G1 X123 Y161.168 E.05705
G1 X122 Y161.168 E.05266
G1 X121 Y161.168 E.04827
G1 X120 Y161.168 E.04388
G1 X119 Y161.168 E.03949
G1 X118 Y161.168 E.03511
G1 X117 Y161.168 E.03072
G1 X116 Y161.168 E.02633
G1 X115 Y161.168 E.02194
G1 X114 Y161.168 E.01755
G1 X113 Y161.168 E.01316
G1 X112 Y161.168 E.00878
G1 X111 Y161.168 E.00439
G1 X110.09 Y161.168 E.07986
;LAYER_CHANGE
;Z:1.74
;HEIGHT:0.36
;BEFORE_LAYER_CHANGE
G92 E0
;1.74


;WIPE_START
G1 F9600
G1 X110 Y161.168 E-.01603
G1 X105.599 Y161.168 E-.78397
;WIPE_END
G1 Z1.74 F12000
;AFTER_LAYER_CHANGE
;1.74
G1 X130 Y160.582
G1 Z1.38
G1 E.8 F1800
G1 F2661
G1 X129 Y160.582 Z1.398 E.00439
G1 X128 Y160.582 Z1.416 E.00878
G1 X127 Y160.582 Z1.434 E.01316
G1 X126 Y160.582 Z1.452 E.01755
G1 X125 Y160.582 Z1.47 E.02194
G1 X124 Y160.582 Z1.488 E.02633
G1 X123 Y160.582 Z1.506 E.03072
G1 X122 Y160.582 Z1.524 E.03511
G1 X121 Y160.582 Z1.542 E.03949
G1 X120 Y160.582 Z1.56 E.04388
G1 X119 Y160.582 Z1.578 E.04827
G1 X118 Y160.582 Z1.596 E.05266
G1 X117 Y160.582 Z1.614 E.05705
G1 X116 Y160.582 Z1.632 E.06143
G1 X115 Y160.582 Z1.65 E.06582
G1 X114 Y160.582 Z1.668 E.07021
G1 X113 Y160.582 Z1.686 E.0746
G1 X112 Y160.582 Z1.704 E.07899
G1 X111 Y160.582 Z1.722 E.08337
G1 X110 Y160.582 Z1.74 E.08776
G1 X57.211 Y160.582 E4.6329
;WIDTH:0.700636
G1 X57.011 Y160.527 E.01935
G1 X56.918 Y160.356 E.01816
;WIDTH:0.663629
G1 X56.918 Y59.711 E8.83287
;WIDTH:0.700636
G1 X56.973 Y59.511 E.01935
G1 X57.144 Y59.418 E.01816
;WIDTH:0.663629
G1 X162.789 Y59.418 E9.27169
;WIDTH:0.700635
G1 X162.989 Y59.473 E.01935
G1 X163.082 Y59.644 E.01816
;WIDTH:0.663629
G1 X163.082 Y160.289 E8.83287
;WIDTH:0.700635
G1 X163.027 Y160.489 E.01935
G1 X162.856 Y160.582 E.01816
;WIDTH:0.663629
G1 X130 Y160.582 E2.88353
G1 X129 Y160.582 E.08337
G1 X128 Y160.582 E.07899
G1 X127 Y160.582 E.0746
G1 X126 Y160.582 E.07021
G1 X125 Y160.582 E.06582
G1 X124 Y160.582 E.06143
G1 X123 Y160.582 E.05705
G1 X122 Y160.582 E.05266
G1 X121 Y160.582 E.04827
G1 X120 Y160.582 E.04388
G1 X119 Y160.582 E.03949
G1 X118 Y160.582 E.03511
G1 X117 Y160.582 E.03072
G1 X116 Y160.582 E.02633
G1 X115 Y160.582 E.02194
G1 X114 Y160.582 E.01755
G1 X113 Y160.582 E.01316
G1 X112 Y160.582 E.00878
G1 X111 Y160.582 E.00439
G1 X110.09 Y160.582 E.07986
;WIPE_START
G1 F9600
G1 X110 Y160.582 E-.01603
G1 X105.599 Y160.582 E-.78397
;WIPE_END
G1 X130 Y161.168 F12000
G1 Z1.38
G1 E.8 F1800
G1 F2661
G1 X129.048 Y161.168 Z1.397 E.00398
G1 X128.095 Y161.168 Z1.414 E.00797
G1 X127.143 Y161.168 Z1.431 E.01194
G1 X126.19 Y161.168 Z1.449 E.01593
G1 X125.238 Y161.168 Z1.466 E.01989
G1 X124.286 Y161.168 Z1.483 E.02387
G1 X123.333 Y161.168 Z1.5 E.02788
G1 X122.381 Y161.168 Z1.517 E.03183
G1 X121.429 Y161.168 Z1.534 E.03581
G1 X120.476 Y161.168 Z1.551 E.03983
G1 X119.524 Y161.168 Z1.569 E.04376
G1 X118.571 Y161.168 Z1.586 E.04779
G1 X117.619 Y161.168 Z1.603 E.05172
G1 X116.667 Y161.168 Z1.62 E.0557
G1 X115.714 Y161.168 Z1.637 E.05974
G1 X114.762 Y161.168 Z1.654 E.06366
G1 X113.81 Y161.168 Z1.671 E.06764
G1 X112.857 Y161.168 Z1.689 E.07169
G1 X111.905 Y161.168 Z1.706 E.07559
G1 X110.952 Y161.168 Z1.723 E.07966
G1 X110 Y161.168 Z1.74 E.08355
G1 X57.211 Y161.168 E4.6329
;WIDTH:0.70104
G1 X56.794 Y161.105 E.03937
G1 X56.61 Y161.005 E.01955
;WIDTH:0.700636
G1 X56.398 Y160.735 E.03203
;WIDTH:0.695513
G1 X56.332 Y160.289 E.04172
;WIDTH:0.663629
G1 X56.332 Y59.711 E8.82699
;WIDTH:0.70104
G1 X56.395 Y59.294 E.03937
G1 X56.495 Y59.11 E.01955
;WIDTH:0.700636
G1 X56.765 Y58.898 E.03203
;WIDTH:0.695513
G1 X57.211 Y58.832 E.04172
;WIDTH:0.663629
G1 X162.789 Y58.832 E9.26581
;WIDTH:0.700998
G1 X163.206 Y58.895 E.03937
G1 X163.39 Y58.995 E.01955
;WIDTH:0.700635
G1 X163.573 Y59.217 E.02684
;WIDTH:0.695513
G1 X163.668 Y59.711 E.04655
;WIDTH:0.663629
G1 X163.668 Y160.289 E8.82699
;WIDTH:0.701039
G1 X163.605 Y160.706 E.03937
G1 X163.505 Y160.89 E.01955
;WIDTH:0.700635
G1 X163.235 Y161.102 E.03203
;WIDTH:0.695512
G1 X162.789 Y161.168 E.04172
;WIDTH:0.663629
G1 X130 Y161.168 E2.87765
G1 X129.048 Y161.168 E.07957
G1 X128.095 Y161.168 E.07567
G1 X127.143 Y161.168 E.07161
G1 X126.19 Y161.168 E.06771
G1 X125.238 Y161.168 E.06366
G1 X124.286 Y161.168 E.05968
G1 X123.333 Y161.168 E.05576
G1 X122.381 Y161.168 E.05172
G1 X121.429 Y161.168 E.04774
G1 X120.476 Y161.168 E.04381
G1 X119.524 Y161.168 E.03979
G1 X118.571 Y161.168 E.03584
G1 X117.619 Y161.168 E.03183
G1 X116.667 Y161.168 E.02785
G1 X115.714 Y161.168 E.0239
G1 X114.762 Y161.168 E.01989
G1 X113.81 Y161.168 E.01591
G1 X112.857 Y161.168 E.01195
G1 X111.905 Y161.168 E.00796
G1 X110.952 Y161.168 E.00398
G1 X110.09 Y161.168 E.07565
;LAYER_CHANGE
;Z:2.1
;HEIGHT:0.36
;BEFORE_LAYER_CHANGE
G92 E0
;2.1


;WIPE_START
G1 F9600
G1 X110 Y161.168 E-.01603
G1 X105.599 Y161.168 E-.78397
;WIPE_END
G1 Z2.1 F12000
;AFTER_LAYER_CHANGE
;2.1
G1 X130 Y160.582
G1 Z1.74
G1 E.8 F1800
G1 F2661
G1 X129 Y160.582 Z1.758 E.00439
G1 X128 Y160.582 Z1.776 E.00878
G1 X127 Y160.582 Z1.794 E.01316
G1 X126 Y160.582 Z1.812 E.01755
G1 X125 Y160.582 Z1.83 E.02194
G1 X124 Y160.582 Z1.848 E.02633
G1 X123 Y160.582 Z1.866 E.03072
G1 X122 Y160.582 Z1.884 E.03511
G1 X121 Y160.582 Z1.902 E.03949
G1 X120 Y160.582 Z1.92 E.04388
G1 X119 Y160.582 Z1.938 E.04827
G1 X118 Y160.582 Z1.956 E.05266
G1 X117 Y160.582 Z1.974 E.05705
G1 X116 Y160.582 Z1.992 E.06143
G1 X115 Y160.582 Z2.01 E.06582
G1 X114 Y160.582 Z2.028 E.07021
G1 X113 Y160.582 Z2.046 E.0746
G1 X112 Y160.582 Z2.064 E.07899
G1 X111 Y160.582 Z2.082 E.08337
G1 X110 Y160.582 Z2.1 E.08776
G1 X57.211 Y160.582 E4.6329
;WIDTH:0.692259
G1 X57.035 Y160.54 E.01666
G1 X56.918 Y160.378 E.01839
;WIDTH:0.663629
G1 X56.918 Y59.711 E8.8348
;WIDTH:0.700371
G1 X57.003 Y59.479 E.02304
G1 X57.211 Y59.418 E.02022
;WIDTH:0.663629
G1 X162.789 Y59.418 E9.26581
;WIDTH:0.692258
G1 X162.965 Y59.46 E.01666
;WIDTH:0.695857
G1 X163.047 Y59.541 E.01067
G1 X163.082 Y59.711 E.01607
;WIDTH:0.663629
G1 X163.082 Y160.289 E8.82699
;WIDTH:0.692258
G1 X163.04 Y160.465 E.01666
;WIDTH:0.695856
G1 X162.959 Y160.547 E.01067
G1 X162.789 Y160.582 E.01607
;WIDTH:0.663629
G1 X130 Y160.582 E2.87765
G1 X129 Y160.582 E.08337
G1 X128 Y160.582 E.07899
G1 X127 Y160.582 E.0746
G1 X126 Y160.582 E.07021
G1 X125 Y160.582 E.06582
G1 X124 Y160.582 E.06143
G1 X123 Y160.582 E.05705
G1 X122 Y160.582 E.05266
G1 X121 Y160.582 E.04827
G1 X120 Y160.582 E.04388
G1 X119 Y160.582 E.03949
G1 X118 Y160.582 E.03511
G1 X117 Y160.582 E.03072
G1 X116 Y160.582 E.02633
G1 X115 Y160.582 E.02194
G1 X114 Y160.582 E.01755
G1 X113 Y160.582 E.01316
G1 X112 Y160.582 E.00878
G1 X111 Y160.582 E.00439
G1 X110.09 Y160.582 E.07986
;WIPE_START
G1 F9600
G1 X110 Y160.582 E-.01603
G1 X105.599 Y160.582 E-.78397
;WIPE_END
G1 X130 Y161.168 F12000
G1 Z1.74
G1 E.8 F1800
G1 F2661
G1 X129.048 Y161.168 Z1.757 E.00398
G1 X128.095 Y161.168 Z1.774 E.00797
G1 X127.143 Y161.168 Z1.791 E.01194
G1 X126.19 Y161.168 Z1.809 E.01593
G1 X125.238 Y161.168 Z1.826 E.01989
G1 X124.286 Y161.168 Z1.843 E.02387
G1 X123.333 Y161.168 Z1.86 E.02788
G1 X122.381 Y161.168 Z1.877 E.03183
G1 X121.429 Y161.168 Z1.894 E.03581
G1 X120.476 Y161.168 Z1.911 E.03983
G1 X119.524 Y161.168 Z1.929 E.04376
G1 X118.571 Y161.168 Z1.946 E.04779
G1 X117.619 Y161.168 Z1.963 E.05172
G1 X116.667 Y161.168 Z1.98 E.0557
G1 X115.714 Y161.168 Z1.997 E.05974
G1 X114.762 Y161.168 Z2.014 E.06366
G1 X113.81 Y161.168 Z2.031 E.06764
G1 X112.857 Y161.168 Z2.049 E.07169
G1 X111.905 Y161.168 Z2.066 E.07559
G1 X110.952 Y161.168 Z2.083 E.07966
G1 X110 Y161.168 Z2.1 E.08355
G1 X57.211 Y161.168 E4.6329
;WIDTH:0.692738
G1 X56.827 Y161.113 E.03573
;WIDTH:0.70037
G1 X56.568 Y160.959 E.0281
G1 X56.402 Y160.744 E.02533
;WIDTH:0.695857
G1 X56.332 Y160.289 E.04262
;WIDTH:0.663629
G1 X56.332 Y59.711 E8.82699
;WIDTH:0.692739
G1 X56.387 Y59.327 E.03573
;WIDTH:0.700371
G1 X56.541 Y59.068 E.0281
G1 X56.756 Y58.902 E.02533
;WIDTH:0.695858
G1 X57.211 Y58.832 E.04262
;WIDTH:0.663629
G1 X162.789 Y58.832 E9.26581
;WIDTH:0.692763
G1 X163.173 Y58.886 E.03572
;WIDTH:0.696917
G1 X163.405 Y59.019 E.0248
G1 X163.568 Y59.207 E.02308
;WIDTH:0.695857
G1 X163.668 Y59.711 E.04757
;WIDTH:0.663629
G1 X163.668 Y160.289 E8.82699
;WIDTH:0.692739
G1 X163.613 Y160.673 E.03573
;WIDTH:0.696918
G1 X163.481 Y160.905 E.02476
G1 X163.244 Y161.098 E.02835
;WIDTH:0.695856
G1 X162.789 Y161.168 E.04262
;WIDTH:0.663629
G1 X130 Y161.168 E2.87765
G1 X129.048 Y161.168 E.07957
G1 X128.095 Y161.168 E.07567
G1 X127.143 Y161.168 E.07161
G1 X126.19 Y161.168 E.06771
G1 X125.238 Y161.168 E.06366
G1 X124.286 Y161.168 E.05968
G1 X123.333 Y161.168 E.05576
G1 X122.381 Y161.168 E.05172
G1 X121.429 Y161.168 E.04774
G1 X120.476 Y161.168 E.04381
G1 X119.524 Y161.168 E.03979
G1 X118.571 Y161.168 E.03584
G1 X117.619 Y161.168 E.03183
G1 X116.667 Y161.168 E.02785
G1 X115.714 Y161.168 E.0239
G1 X114.762 Y161.168 E.01989
G1 X113.81 Y161.168 E.01591
G1 X112.857 Y161.168 E.01195
G1 X111.905 Y161.168 E.00796
G1 X110.952 Y161.168 E.00398
G1 X110.09 Y161.168 E.07565
;LAYER_CHANGE
;Z:2.46
;HEIGHT:0.36
;BEFORE_LAYER_CHANGE
G92 E0
;2.46


;WIPE_START
G1 F9600
G1 X110 Y161.168 E-.01603
G1 X105.599 Y161.168 E-.78397
;WIPE_END
G1 Z2.46 F12000
;AFTER_LAYER_CHANGE
;2.46
G1 X130 Y160.582
G1 Z2.1
G1 E.8 F1800
G1 F2661
G1 X129 Y160.582 Z2.118 E.00439
G1 X128 Y160.582 Z2.136 E.00878
G1 X127 Y160.582 Z2.154 E.01316
G1 X126 Y160.582 Z2.172 E.01755
G1 X125 Y160.582 Z2.19 E.02194
G1 X124 Y160.582 Z2.208 E.02633
G1 X123 Y160.582 Z2.226 E.03072
G1 X122 Y160.582 Z2.244 E.03511
G1 X121 Y160.582 Z2.262 E.03949
G1 X120 Y160.582 Z2.28 E.04388
G1 X119 Y160.582 Z2.298 E.04827
G1 X118 Y160.582 Z2.316 E.05266
G1 X117 Y160.582 Z2.334 E.05705
G1 X116 Y160.582 Z2.352 E.06143
G1 X115 Y160.582 Z2.37 E.06582
G1 X114 Y160.582 Z2.388 E.07021
G1 X113 Y160.582 Z2.406 E.0746
G1 X112 Y160.582 Z2.424 E.07899
G1 X111 Y160.582 Z2.442 E.08337
G1 X110 Y160.582 Z2.46 E.08776
G1 X57.211 Y160.582 E4.6329
;WIDTH:0.69368
G1 X57.035 Y160.541 E.01667
G1 X56.918 Y160.379 E.01844
;WIDTH:0.66363
G1 X56.918 Y59.711 E8.83491
;WIDTH:0.700852
G1 X57 Y59.482 E.0227
G1 X57.166 Y59.418 E.01661
;WIDTH:0.663629
G1 X162.789 Y59.418 E9.26976
;WIDTH:0.693678
G1 X162.965 Y59.459 E.01667
;WIDTH:0.69626
G1 X163.045 Y59.538 E.01042
G1 X163.082 Y59.711 E.01639
;WIDTH:0.663629
G1 X163.082 Y160.289 E8.82699
;WIDTH:0.693678
G1 X163.041 Y160.465 E.01667
;WIDTH:0.69626
G1 X162.962 Y160.545 E.01042
G1 X162.789 Y160.582 E.01639
;WIDTH:0.663629
G1 X130 Y160.582 E2.87765
G1 X129 Y160.582 E.08337
G1 X128 Y160.582 E.07899
G1 X127 Y160.582 E.0746
G1 X126 Y160.582 E.07021
G1 X125 Y160.582 E.06582
G1 X124 Y160.582 E.06143
G1 X123 Y160.582 E.05705
G1 X122 Y160.582 E.05266
G1 X121 Y160.582 E.04827
G1 X120 Y160.582 E.04388
G1 X119 Y160.582 E.03949
G1 X118 Y160.582 E.03511
G1 X117 Y160.582 E.03072
G1 X116 Y160.582 E.02633
G1 X115 Y160.582 E.02194
G1 X114 Y160.582 E.01755
G1 X113 Y160.582 E.01316
G1 X112 Y160.582 E.00878
G1 X111 Y160.582 E.00439
G1 X110.09 Y160.582 E.07986
;WIPE_START
G1 F9600
G1 X110 Y160.582 E-.01603
G1 X105.599 Y160.582 E-.78397
;WIPE_END
G1 X130 Y161.168 F12000
G1 Z2.1
G1 E.8 F1800
G1 F2661
G1 X129 Y161.168 Z2.118 E.00439
G1 X128 Y161.168 Z2.136 E.00878
G1 X127 Y161.168 Z2.154 E.01316
G1 X126 Y161.168 Z2.172 E.01755
G1 X125 Y161.168 Z2.19 E.02194
G1 X124 Y161.168 Z2.208 E.02633
G1 X123 Y161.168 Z2.226 E.03072
G1 X122 Y161.168 Z2.244 E.03511
G1 X121 Y161.168 Z2.262 E.03949
G1 X120 Y161.168 Z2.28 E.04388
G1 X119 Y161.168 Z2.298 E.04827
G1 X118 Y161.168 Z2.316 E.05266
G1 X117 Y161.168 Z2.334 E.05705
G1 X116 Y161.168 Z2.352 E.06143
G1 X115 Y161.168 Z2.37 E.06582
G1 X114 Y161.168 Z2.388 E.07021
G1 X113 Y161.168 Z2.406 E.0746
G1 X112 Y161.168 Z2.424 E.07899
G1 X111 Y161.168 Z2.442 E.08337
G1 X110 Y161.168 Z2.46 E.08776
G1 X57.211 Y161.168 E4.6329
;WIDTH:0.693891
G1 X56.816 Y161.109 E.03686
;WIDTH:0.700852
G1 X56.575 Y160.967 E.02611
G1 X56.406 Y160.753 E.02545
;WIDTH:0.696261
G1 X56.332 Y160.289 E.04353
;WIDTH:0.66363
G1 X56.332 Y59.711 E8.82701
;WIDTH:0.693892
G1 X56.391 Y59.316 E.03686
;WIDTH:0.700852
G1 X56.533 Y59.075 E.02611
G1 X56.747 Y58.906 E.02545
;WIDTH:0.696261
G1 X57.211 Y58.832 E.04353
;WIDTH:0.663629
G1 X162.789 Y58.832 E9.26581
;WIDTH:0.693915
G1 X163.185 Y58.891 E.03695
;WIDTH:0.698349
G1 X163.405 Y59.017 E.02357
G1 X163.562 Y59.198 E.02227
;WIDTH:0.69626
G1 X163.663 Y59.562 E.035
;WIDTH:0.673116
G1 X163.668 Y59.711 E.0133
;WIDTH:0.663629
G1 X163.668 Y160.289 E8.82699
;WIDTH:0.69389
G1 X163.609 Y160.684 E.03686
;WIDTH:0.698349
G1 X163.483 Y160.905 E.02365
G1 X163.253 Y161.094 E.02767
;WIDTH:0.69626
G1 X162.789 Y161.168 E.04353
;WIDTH:0.663629
G1 X130 Y161.168 E2.87765
G1 X129 Y161.168 E.08337
G1 X128 Y161.168 E.07899
G1 X127 Y161.168 E.0746
G1 X126 Y161.168 E.07021
G1 X125 Y161.168 E.06582
G1 X124 Y161.168 E.06143
G1 X123 Y161.168 E.05705
G1 X122 Y161.168 E.05266
G1 X121 Y161.168 E.04827
G1 X120 Y161.168 E.04388
G1 X119 Y161.168 E.03949
G1 X118 Y161.168 E.03511
G1 X117 Y161.168 E.03072
G1 X116 Y161.168 E.02633
G1 X115 Y161.168 E.02194
G1 X114 Y161.168 E.01755
G1 X113 Y161.168 E.01316
G1 X112 Y161.168 E.00878
G1 X111 Y161.168 E.00439
G1 X110.09 Y161.168 E.07986
;LAYER_CHANGE
;Z:2.82
;HEIGHT:0.36
;BEFORE_LAYER_CHANGE
G92 E0
;2.82


;WIPE_START
G1 F9600
G1 X110 Y161.168 E-.01603
G1 X105.599 Y161.168 E-.78397
;WIPE_END
G1 Z2.82 F12000
;AFTER_LAYER_CHANGE
;2.82
G1 X130 Y160.582
G1 Z2.46
G1 E.8 F1800
G1 F2661
G1 X129 Y160.582 Z2.478 E.00439
G1 X128 Y160.582 Z2.496 E.00878
G1 X127 Y160.582 Z2.514 E.01316
G1 X126 Y160.582 Z2.532 E.01755
G1 X125 Y160.582 Z2.55 E.02194
G1 X124 Y160.582 Z2.568 E.02633
G1 X123 Y160.582 Z2.586 E.03072
G1 X122 Y160.582 Z2.604 E.03511
G1 X121 Y160.582 Z2.622 E.03949
G1 X120 Y160.582 Z2.64 E.04388
G1 X119 Y160.582 Z2.658 E.04827
G1 X118 Y160.582 Z2.676 E.05266
G1 X117 Y160.582 Z2.694 E.05705
G1 X116 Y160.582 Z2.712 E.06143
G1 X115 Y160.582 Z2.73 E.06582
G1 X114 Y160.582 Z2.748 E.07021
G1 X113 Y160.582 Z2.766 E.0746
G1 X112 Y160.582 Z2.784 E.07899
G1 X111 Y160.582 Z2.802 E.08337
G1 X110 Y160.582 Z2.82 E.08776
G1 X57.211 Y160.582 E4.6329
;WIDTH:0.695158
G1 X57.034 Y160.542 E.01678
G1 X56.918 Y160.379 E.0185
;WIDTH:0.663629
G1 X56.918 Y59.711 E8.83489
;WIDTH:0.701382
G1 X56.996 Y59.485 E.02233
G1 X57.166 Y59.418 E.01707
;WIDTH:0.663628
G1 X162.789 Y59.418 E9.26974
;WIDTH:0.695155
G1 X162.966 Y59.458 E.01678
;WIDTH:0.696754
G1 X163.043 Y59.535 E.0101
G1 X163.082 Y59.711 E.01671
;WIDTH:0.663629
G1 X163.082 Y160.289 E8.82699
;WIDTH:0.695155
G1 X163.042 Y160.466 E.01678
;WIDTH:0.696752
G1 X162.965 Y160.543 E.0101
G1 X162.789 Y160.582 E.01671
;WIDTH:0.663629
G1 X130 Y160.582 E2.87765
G1 X129 Y160.582 E.08337
G1 X128 Y160.582 E.07899
G1 X127 Y160.582 E.0746
G1 X126 Y160.582 E.07021
G1 X125 Y160.582 E.06582
G1 X124 Y160.582 E.06143
G1 X123 Y160.582 E.05705
G1 X122 Y160.582 E.05266
G1 X121 Y160.582 E.04827
G1 X120 Y160.582 E.04388
G1 X119 Y160.582 E.03949
G1 X118 Y160.582 E.03511
G1 X117 Y160.582 E.03072
G1 X116 Y160.582 E.02633
G1 X115 Y160.582 E.02194
G1 X114 Y160.582 E.01755
G1 X113 Y160.582 E.01316
G1 X112 Y160.582 E.00878
G1 X111 Y160.582 E.00439
G1 X110.09 Y160.582 E.07986
;WIPE_START
G1 F9600
G1 X110 Y160.582 E-.01603
G1 X105.599 Y160.582 E-.78397
;WIPE_END
G1 X130 Y161.168 F12000
G1 Z2.46
G1 E.8 F1800
G1 F2661
G1 X129.048 Y161.168 Z2.477 E.00398
G1 X128.095 Y161.168 Z2.494 E.00797
G1 X127.143 Y161.168 Z2.511 E.01194
G1 X126.19 Y161.168 Z2.529 E.01593
G1 X125.238 Y161.168 Z2.546 E.01989
G1 X124.286 Y161.168 Z2.563 E.02387
G1 X123.333 Y161.168 Z2.58 E.02788
G1 X122.381 Y161.168 Z2.597 E.03183
G1 X121.429 Y161.168 Z2.614 E.03581
G1 X120.476 Y161.168 Z2.631 E.03983
G1 X119.524 Y161.168 Z2.649 E.04376
G1 X118.571 Y161.168 Z2.666 E.04779
G1 X117.619 Y161.168 Z2.683 E.05172
G1 X116.667 Y161.168 Z2.7 E.0557
G1 X115.714 Y161.168 Z2.717 E.05974
G1 X114.762 Y161.168 Z2.734 E.06366
G1 X113.81 Y161.168 Z2.751 E.06764
G1 X112.857 Y161.168 Z2.769 E.07169
G1 X111.905 Y161.168 Z2.786 E.07559
G1 X110.952 Y161.168 Z2.803 E.07966
G1 X110 Y161.168 Z2.82 E.08355
G1 X57.211 Y161.168 E4.6329
;WIDTH:0.695214
G1 X56.803 Y161.104 E.0382
;WIDTH:0.701382
G1 X56.58 Y160.974 E.02411
G1 X56.444 Y160.812 E.01976
;WIDTH:0.696754
G1 X56.361 Y160.573 E.02346
;WIDTH:0.677103
G1 X56.332 Y160.289 E.02563
;WIDTH:0.663629
G1 X56.332 Y59.711 E8.82699
;WIDTH:0.695214
G1 X56.396 Y59.303 E.0382
;WIDTH:0.701382
G1 X56.526 Y59.08 E.02411
G1 X56.688 Y58.944 E.01976
;WIDTH:0.696755
G1 X56.927 Y58.861 E.02346
;WIDTH:0.677105
G1 X57.211 Y58.832 E.02563
;WIDTH:0.663628
G1 X162.923 Y58.832 E9.27755
;WIDTH:0.69523
G1 X163.197 Y58.896 E.02603
;WIDTH:0.699836
G1 X163.407 Y59.016 E.02254
G1 X163.556 Y59.188 E.0212
;WIDTH:0.696754
G1 X163.664 Y59.564 E.03627
;WIDTH:0.672865
G1 X163.668 Y59.711 E.01311
;WIDTH:0.663629
G1 X163.668 Y160.38 E8.83498
;WIDTH:0.695213
G1 X163.604 Y160.697 E.02991
;WIDTH:0.699836
G1 X163.484 Y160.907 E.02254
G1 X163.263 Y161.089 E.02668
;WIDTH:0.696752
G1 X162.789 Y161.168 E.04456
;WIDTH:0.663629
G1 X130 Y161.168 E2.87765
G1 X129.048 Y161.168 E.07957
G1 X128.095 Y161.168 E.07567
G1 X127.143 Y161.168 E.07161
G1 X126.19 Y161.168 E.06771
G1 X125.238 Y161.168 E.06366
G1 X124.286 Y161.168 E.05968
G1 X123.333 Y161.168 E.05576
G1 X122.381 Y161.168 E.05172
G1 X121.429 Y161.168 E.04774
G1 X120.476 Y161.168 E.04381
G1 X119.524 Y161.168 E.03979
G1 X118.571 Y161.168 E.03584
G1 X117.619 Y161.168 E.03183
G1 X116.667 Y161.168 E.02785
G1 X115.714 Y161.168 E.0239
G1 X114.762 Y161.168 E.01989
G1 X113.81 Y161.168 E.01591
G1 X112.857 Y161.168 E.01195
G1 X111.905 Y161.168 E.00796
G1 X110.952 Y161.168 E.00398
G1 X110.09 Y161.168 E.07565
;LAYER_CHANGE
;Z:3.18
;HEIGHT:0.36
;BEFORE_LAYER_CHANGE
G92 E0
;3.18


;WIPE_START
G1 F9600
G1 X110 Y161.168 E-.01603
G1 X105.599 Y161.168 E-.78397
;WIPE_END
G1 Z3.18 F12000
;AFTER_LAYER_CHANGE
;3.18
G1 X130 Y160.582
G1 Z2.82
G1 E.8 F1800
G1 F2661
G1 X129 Y160.582 Z2.838 E.00439
G1 X128 Y160.582 Z2.856 E.00878
G1 X127 Y160.582 Z2.874 E.01316
G1 X126 Y160.582 Z2.892 E.01755
G1 X125 Y160.582 Z2.91 E.02194
G1 X124 Y160.582 Z2.928 E.02633
G1 X123 Y160.582 Z2.946 E.03072
G1 X122 Y160.582 Z2.964 E.03511
G1 X121 Y160.582 Z2.982 E.03949
G1 X120 Y160.582 Z3 E.04388
G1 X119 Y160.582 Z3.018 E.04827
G1 X118 Y160.582 Z3.036 E.05266
G1 X117 Y160.582 Z3.054 E.05705
G1 X116 Y160.582 Z3.072 E.06143
G1 X115 Y160.582 Z3.09 E.06582
G1 X114 Y160.582 Z3.108 E.07021
G1 X113 Y160.582 Z3.126 E.0746
G1 X112 Y160.582 Z3.144 E.07899
G1 X111 Y160.582 Z3.162 E.08337
G1 X110 Y160.582 Z3.18 E.08776
G1 X57.211 Y160.582 E4.6329
;WIDTH:0.696599
G1 X57.034 Y160.542 E.01682
;WIDTH:0.701986
G1 X56.918 Y160.334 E.02227
;WIDTH:0.663629
G1 X56.918 Y59.711 E8.83094
;WIDTH:0.6966
G1 X56.958 Y59.534 E.01682
G1 X57.12 Y59.418 E.01847
;WIDTH:0.663628
G1 X162.789 Y59.418 E9.27378
;WIDTH:0.696599
G1 X162.966 Y59.458 E.01682
;WIDTH:0.697302
G1 X163.042 Y59.532 E.00984
G1 X163.082 Y59.711 E.01702
;WIDTH:0.663628
G1 X163.082 Y160.289 E8.82698
;WIDTH:0.696598
G1 X163.042 Y160.466 E.01682
;WIDTH:0.697303
G1 X162.968 Y160.542 E.00984
G1 X162.789 Y160.582 E.01702
;WIDTH:0.663629
G1 X130 Y160.582 E2.87765
G1 X129 Y160.582 E.08337
G1 X128 Y160.582 E.07899
G1 X127 Y160.582 E.0746
G1 X126 Y160.582 E.07021
G1 X125 Y160.582 E.06582
G1 X124 Y160.582 E.06143
G1 X123 Y160.582 E.05705
G1 X122 Y160.582 E.05266
G1 X121 Y160.582 E.04827
G1 X120 Y160.582 E.04388
G1 X119 Y160.582 E.03949
G1 X118 Y160.582 E.03511
G1 X117 Y160.582 E.03072
G1 X116 Y160.582 E.02633
G1 X115 Y160.582 E.02194
G1 X114 Y160.582 E.01755
G1 X113 Y160.582 E.01316
G1 X112 Y160.582 E.00878
G1 X111 Y160.582 E.00439
G1 X110.09 Y160.582 E.07986
;WIPE_START
G1 F9600
G1 X110 Y160.582 E-.01603
G1 X105.599 Y160.582 E-.78397
;WIPE_END
G1 X130 Y161.168 F12000
G1 Z2.82
G1 E.8 F1800
G1 F2661
G1 X129 Y161.168 Z2.838 E.00439
G1 X128 Y161.168 Z2.856 E.00878
G1 X127 Y161.168 Z2.874 E.01316
G1 X126 Y161.168 Z2.892 E.01755
G1 X125 Y161.168 Z2.91 E.02194
G1 X124 Y161.168 Z2.928 E.02633
G1 X123 Y161.168 Z2.946 E.03072
G1 X122 Y161.168 Z2.964 E.03511
G1 X121 Y161.168 Z2.982 E.03949
G1 X120 Y161.168 Z3 E.04388
G1 X119 Y161.168 Z3.018 E.04827
G1 X118 Y161.168 Z3.036 E.05266
G1 X117 Y161.168 Z3.054 E.05705
G1 X116 Y161.168 Z3.072 E.06143
G1 X115 Y161.168 Z3.09 E.06582
G1 X114 Y161.168 Z3.108 E.07021
G1 X113 Y161.168 Z3.126 E.0746
G1 X112 Y161.168 Z3.144 E.07899
G1 X111 Y161.168 Z3.162 E.08337
G1 X110 Y161.168 Z3.18 E.08776
G1 X57.211 Y161.168 E4.6329
;WIDTH:0.696599
G1 X56.791 Y161.099 E.03945
;WIDTH:0.701986
G1 X56.586 Y160.981 E.02212
G1 X56.449 Y160.822 E.01962
;WIDTH:0.697303
G1 X56.363 Y160.578 E.02401
;WIDTH:0.676975
G1 X56.332 Y160.289 E.02609
;WIDTH:0.663629
G1 X56.332 Y59.711 E8.82699
;WIDTH:0.6966
G1 X56.401 Y59.291 E.03945
;WIDTH:0.701987
G1 X56.519 Y59.086 E.02212
G1 X56.678 Y58.949 E.01962
;WIDTH:0.697303
G1 X56.922 Y58.863 E.02401
;WIDTH:0.676975
G1 X57.211 Y58.832 E.02609
;WIDTH:0.663628
G1 X162.924 Y58.832 E9.27764
;WIDTH:0.6966
G1 X163.209 Y58.9 E.02716
;WIDTH:0.701291
G1 X163.408 Y59.014 E.02142
G1 X163.551 Y59.178 E.02032
;WIDTH:0.697302
G1 X163.664 Y59.566 E.0375
;WIDTH:0.672635
G1 X163.668 Y59.711 E.01293
;WIDTH:0.663628
G1 X163.668 Y160.38 E8.83496
;WIDTH:0.696599
G1 X163.599 Y160.709 E.03116
;WIDTH:0.701291
G1 X163.486 Y160.908 E.02137
G1 X163.322 Y161.051 E.02032
;WIDTH:0.697303
G1 X162.997 Y161.157 E.03172
;WIDTH:0.672633
G1 X162.789 Y161.168 E.01856
;WIDTH:0.663629
G1 X130 Y161.168 E2.87765
G1 X129 Y161.168 E.08337
G1 X128 Y161.168 E.07899
G1 X127 Y161.168 E.0746
G1 X126 Y161.168 E.07021
G1 X125 Y161.168 E.06582
G1 X124 Y161.168 E.06143
G1 X123 Y161.168 E.05705
G1 X122 Y161.168 E.05266
G1 X121 Y161.168 E.04827
G1 X120 Y161.168 E.04388
G1 X119 Y161.168 E.03949
G1 X118 Y161.168 E.03511
G1 X117 Y161.168 E.03072
G1 X116 Y161.168 E.02633
G1 X115 Y161.168 E.02194
G1 X114 Y161.168 E.01755
G1 X113 Y161.168 E.01316
G1 X112 Y161.168 E.00878
G1 X111 Y161.168 E.00439
G1 X110.09 Y161.168 E.07986
;LAYER_CHANGE
;Z:3.54
;HEIGHT:0.36
;BEFORE_LAYER_CHANGE
G92 E0
;3.54


;WIPE_START
G1 F9600
G1 X110 Y161.168 E-.01603
G1 X105.599 Y161.168 E-.78397
;WIPE_END
G1 Z3.54 F12000
;AFTER_LAYER_CHANGE
;3.54
G1 X130 Y160.582
G1 Z3.18
G1 E.8 F1800
G1 F2661
G1 X129 Y160.582 Z3.198 E.00439
G1 X128 Y160.582 Z3.216 E.00878
G1 X127 Y160.582 Z3.234 E.01316
G1 X126 Y160.582 Z3.252 E.01755
G1 X125 Y160.582 Z3.27 E.02194
G1 X124 Y160.582 Z3.288 E.02633
G1 X123 Y160.582 Z3.306 E.03072
G1 X122 Y160.582 Z3.324 E.03511
G1 X121 Y160.582 Z3.342 E.03949
G1 X120 Y160.582 Z3.36 E.04388
G1 X119 Y160.582 Z3.378 E.04827
G1 X118 Y160.582 Z3.396 E.05266
G1 X117 Y160.582 Z3.414 E.05705
G1 X116 Y160.582 Z3.432 E.06143
G1 X115 Y160.582 Z3.45 E.06582
G1 X114 Y160.582 Z3.468 E.07021
G1 X113 Y160.582 Z3.486 E.0746
G1 X112 Y160.582 Z3.504 E.07899
G1 X111 Y160.582 Z3.522 E.08337
G1 X110 Y160.582 Z3.54 E.08776
G1 X57.211 Y160.582 E4.6329
;WIDTH:0.69779
G1 X57.03 Y160.54 E.01726
G1 X56.918 Y160.38 E.01814
;WIDTH:0.663629
G1 X56.918 Y59.711 E8.83498
;WIDTH:0.697791
G1 X56.96 Y59.53 E.01726
G1 X57.12 Y59.418 E.01814
;WIDTH:0.663628
G1 X162.789 Y59.418 E9.27378
;WIDTH:0.697776
G1 X162.969 Y59.459 E.01715
G1 X163.04 Y59.53 E.00933
G1 X163.082 Y59.711 E.01726
;WIDTH:0.663629
G1 X163.082 Y160.289 E8.82699
;WIDTH:0.69779
G1 X163.04 Y160.47 E.01726
G1 X162.97 Y160.54 E.00919
G1 X162.789 Y160.582 E.01726
;WIDTH:0.663629
G1 X130 Y160.582 E2.87765
G1 X129 Y160.582 E.08337
G1 X128 Y160.582 E.07899
G1 X127 Y160.582 E.0746
G1 X126 Y160.582 E.07021
G1 X125 Y160.582 E.06582
G1 X124 Y160.582 E.06143
G1 X123 Y160.582 E.05705
G1 X122 Y160.582 E.05266
G1 X121 Y160.582 E.04827
G1 X120 Y160.582 E.04388
G1 X119 Y160.582 E.03949
G1 X118 Y160.582 E.03511
G1 X117 Y160.582 E.03072
G1 X116 Y160.582 E.02633
G1 X115 Y160.582 E.02194
G1 X114 Y160.582 E.01755
G1 X113 Y160.582 E.01316
G1 X112 Y160.582 E.00878
G1 X111 Y160.582 E.00439
G1 X110.09 Y160.582 E.07986
;WIPE_START
G1 F9600
G1 X110 Y160.582 E-.01603
G1 X105.599 Y160.582 E-.78397
;WIPE_END
G1 X130 Y161.168 F12000
G1 Z3.18
G1 E.8 F1800
G1 F2661
G1 X129 Y161.168 Z3.198 E.00439
G1 X128 Y161.168 Z3.216 E.00878
G1 X127 Y161.168 Z3.234 E.01316
G1 X126 Y161.168 Z3.252 E.01755
G1 X125 Y161.168 Z3.27 E.02194
G1 X124 Y161.168 Z3.288 E.02633
G1 X123 Y161.168 Z3.306 E.03072
G1 X122 Y161.168 Z3.324 E.03511
G1 X121 Y161.168 Z3.342 E.03949
G1 X120 Y161.168 Z3.36 E.04388
G1 X119 Y161.168 Z3.378 E.04827
G1 X118 Y161.168 Z3.396 E.05266
G1 X117 Y161.168 Z3.414 E.05705
G1 X116 Y161.168 Z3.432 E.06143
G1 X115 Y161.168 Z3.45 E.06582
G1 X114 Y161.168 Z3.468 E.07021
G1 X113 Y161.168 Z3.486 E.0746
G1 X112 Y161.168 Z3.504 E.07899
G1 X111 Y161.168 Z3.522 E.08337
G1 X110 Y161.168 Z3.54 E.08776
G1 X57.049 Y161.168 E4.64712
;WIDTH:0.697791
G1 X56.67 Y161.046 E.03698
G1 X56.454 Y160.83 E.02837
G1 X56.364 Y160.582 E.0245
;WIDTH:0.676864
G1 X56.332 Y160.289 E.02645
;WIDTH:0.663629
G1 X56.332 Y59.549 E8.84121
;WIDTH:0.697791
G1 X56.454 Y59.17 E.03698
G1 X56.67 Y58.954 E.02837
G1 X56.918 Y58.864 E.0245
;WIDTH:0.676863
G1 X57.211 Y58.832 E.02645
;WIDTH:0.663628
G1 X162.925 Y58.832 E9.27773
;WIDTH:0.697776
G1 X163.219 Y58.904 E.02811
;WIDTH:0.702459
G1 X163.41 Y59.013 E.02058
G1 X163.582 Y59.221 E.02526
;WIDTH:0.69779
G1 X163.668 Y59.711 E.0462
;WIDTH:0.663629
G1 X163.668 Y160.451 E8.84121
;WIDTH:0.69779
G1 X163.546 Y160.83 E.03698
G1 X163.33 Y161.046 E.02837
G1 X162.997 Y161.157 E.0326
;WIDTH:0.672462
G1 X162.789 Y161.168 E.01856
;WIDTH:0.663629
G1 X130 Y161.168 E2.87765
G1 X129 Y161.168 E.08337
G1 X128 Y161.168 E.07899
G1 X127 Y161.168 E.0746
G1 X126 Y161.168 E.07021
G1 X125 Y161.168 E.06582
G1 X124 Y161.168 E.06143
G1 X123 Y161.168 E.05705
G1 X122 Y161.168 E.05266
G1 X121 Y161.168 E.04827
G1 X120 Y161.168 E.04388
G1 X119 Y161.168 E.03949
G1 X118 Y161.168 E.03511
G1 X117 Y161.168 E.03072
G1 X116 Y161.168 E.02633
G1 X115 Y161.168 E.02194
G1 X114 Y161.168 E.01755
G1 X113 Y161.168 E.01316
G1 X112 Y161.168 E.00878
G1 X111 Y161.168 E.00439
G1 X110.09 Y161.168 E.07986
;LAYER_CHANGE
;Z:3.9
;HEIGHT:0.36
;BEFORE_LAYER_CHANGE
G92 E0
;3.9


;WIPE_START
G1 F9600
G1 X110 Y161.168 E-.01603
G1 X105.599 Y161.168 E-.78397
;WIPE_END
G1 Z3.9 F12000
;AFTER_LAYER_CHANGE
;3.9
G1 X130 Y160.582
G1 Z3.54
G1 E.8 F1800
G1 F2661
G1 X129 Y160.582 Z3.558 E.00439
G1 X128 Y160.582 Z3.576 E.00878
G1 X127 Y160.582 Z3.594 E.01316
G1 X126 Y160.582 Z3.612 E.01755
G1 X125 Y160.582 Z3.63 E.02194
G1 X124 Y160.582 Z3.648 E.02633
G1 X123 Y160.582 Z3.666 E.03072
G1 X122 Y160.582 Z3.684 E.03511
G1 X121 Y160.582 Z3.702 E.03949
G1 X120 Y160.582 Z3.72 E.04388
G1 X119 Y160.582 Z3.738 E.04827
G1 X118 Y160.582 Z3.756 E.05266
G1 X117 Y160.582 Z3.774 E.05705
G1 X116 Y160.582 Z3.792 E.06143
G1 X115 Y160.582 Z3.81 E.06582
G1 X114 Y160.582 Z3.828 E.07021
G1 X113 Y160.582 Z3.846 E.0746
G1 X112 Y160.582 Z3.864 E.07899
G1 X111 Y160.582 Z3.882 E.08337
G1 X110 Y160.582 Z3.9 E.08776
G1 X57.211 Y160.582 E4.6329
;WIDTH:0.697791
G1 X57.03 Y160.54 E.01726
;WIDTH:0.702461
G1 X56.918 Y160.334 E.02194
;WIDTH:0.663629
G1 X56.918 Y59.711 E8.83094
;WIDTH:0.69779
G1 X56.96 Y59.53 E.01726
G1 X57.12 Y59.418 E.01814
;WIDTH:0.663628
G1 X162.789 Y59.418 E9.27378
;WIDTH:0.697774
G1 X162.969 Y59.459 E.01715
G1 X163.04 Y59.53 E.00933
G1 X163.082 Y59.711 E.01726
;WIDTH:0.663629
G1 X163.082 Y160.289 E8.82699
;WIDTH:0.69779
G1 X163.04 Y160.47 E.01726
G1 X162.97 Y160.54 E.00919
G1 X162.789 Y160.582 E.01726
;WIDTH:0.663629
G1 X130 Y160.582 E2.87765
G1 X129 Y160.582 E.08337
G1 X128 Y160.582 E.07899
G1 X127 Y160.582 E.0746
G1 X126 Y160.582 E.07021
G1 X125 Y160.582 E.06582
G1 X124 Y160.582 E.06143
G1 X123 Y160.582 E.05705
G1 X122 Y160.582 E.05266
G1 X121 Y160.582 E.04827
G1 X120 Y160.582 E.04388
G1 X119 Y160.582 E.03949
G1 X118 Y160.582 E.03511
G1 X117 Y160.582 E.03072
G1 X116 Y160.582 E.02633
G1 X115 Y160.582 E.02194
G1 X114 Y160.582 E.01755
G1 X113 Y160.582 E.01316
G1 X112 Y160.582 E.00878
G1 X111 Y160.582 E.00439
G1 X110.09 Y160.582 E.07986
;WIPE_START
G1 F9600
G1 X110 Y160.582 E-.01603
G1 X105.599 Y160.582 E-.78397
;WIPE_END
G1 X130 Y161.168 F12000
G1 Z3.54
G1 E.8 F1800
G1 F2661
G1 X129.048 Y161.168 Z3.557 E.00398
G1 X128.095 Y161.168 Z3.574 E.00797
G1 X127.143 Y161.168 Z3.591 E.01194
G1 X126.19 Y161.168 Z3.609 E.01593
G1 X125.238 Y161.168 Z3.626 E.01989
G1 X124.286 Y161.168 Z3.643 E.02387
G1 X123.333 Y161.168 Z3.66 E.02788
G1 X122.381 Y161.168 Z3.677 E.03183
G1 X121.429 Y161.168 Z3.694 E.03581
G1 X120.476 Y161.168 Z3.711 E.03983
G1 X119.524 Y161.168 Z3.729 E.04376
G1 X118.571 Y161.168 Z3.746 E.04779
G1 X117.619 Y161.168 Z3.763 E.05172
G1 X116.667 Y161.168 Z3.78 E.0557
G1 X115.714 Y161.168 Z3.797 E.05974
G1 X114.762 Y161.168 Z3.814 E.06366
G1 X113.81 Y161.168 Z3.831 E.06764
G1 X112.857 Y161.168 Z3.849 E.07169
G1 X111.905 Y161.168 Z3.866 E.07559
G1 X110.952 Y161.168 Z3.883 E.07966
G1 X110 Y161.168 Z3.9 E.08355
G1 X57.049 Y161.168 E4.64712
;WIDTH:0.69779
G1 X56.67 Y161.046 E.03698
G1 X56.454 Y160.83 E.02837
G1 X56.364 Y160.582 E.0245
;WIDTH:0.676864
G1 X56.332 Y160.289 E.02645
;WIDTH:0.663629
G1 X56.332 Y59.549 E8.84121
;WIDTH:0.697791
G1 X56.454 Y59.17 E.03698
G1 X56.67 Y58.954 E.02837
G1 X56.918 Y58.864 E.0245
;WIDTH:0.676864
G1 X57.211 Y58.832 E.02645
;WIDTH:0.663628
G1 X162.927 Y58.832 E9.2779
;WIDTH:0.697774
G1 X163.219 Y58.904 E.02793
;WIDTH:0.702459
G1 X163.41 Y59.013 E.02058
G1 X163.582 Y59.221 E.02526
;WIDTH:0.697789
G1 X163.668 Y59.711 E.0462
;WIDTH:0.663629
G1 X163.668 Y160.451 E8.84121
;WIDTH:0.697789
G1 X163.546 Y160.83 E.03698
G1 X163.33 Y161.046 E.02837
G1 X162.997 Y161.157 E.0326
;WIDTH:0.672463
G1 X162.789 Y161.168 E.01856
;WIDTH:0.663629
G1 X130 Y161.168 E2.87765
G1 X129.048 Y161.168 E.07957
G1 X128.095 Y161.168 E.07567
G1 X127.143 Y161.168 E.07161
G1 X126.19 Y161.168 E.06771
G1 X125.238 Y161.168 E.06366
G1 X124.286 Y161.168 E.05968
G1 X123.333 Y161.168 E.05576
G1 X122.381 Y161.168 E.05172
G1 X121.429 Y161.168 E.04774
G1 X120.476 Y161.168 E.04381
G1 X119.524 Y161.168 E.03979
G1 X118.571 Y161.168 E.03584
G1 X117.619 Y161.168 E.03183
G1 X116.667 Y161.168 E.02785
G1 X115.714 Y161.168 E.0239
G1 X114.762 Y161.168 E.01989
G1 X113.81 Y161.168 E.01591
G1 X112.857 Y161.168 E.01195
G1 X111.905 Y161.168 E.00796
G1 X110.952 Y161.168 E.00398
G1 X110.09 Y161.168 E.07565
;LAYER_CHANGE
;Z:4.26
;HEIGHT:0.36
;BEFORE_LAYER_CHANGE
G92 E0
;4.26


;WIPE_START
G1 F9600
G1 X110 Y161.168 E-.01603
G1 X105.599 Y161.168 E-.78397
;WIPE_END
G1 Z4.26 F12000
;AFTER_LAYER_CHANGE
;4.26
G1 X130 Y160.582
G1 Z3.9
G1 E.8 F1800
G1 F2661
G1 X129 Y160.582 Z3.918 E.00439
G1 X128 Y160.582 Z3.936 E.00878
G1 X127 Y160.582 Z3.954 E.01316
G1 X126 Y160.582 Z3.972 E.01755
G1 X125 Y160.582 Z3.99 E.02194
G1 X124 Y160.582 Z4.008 E.02633
G1 X123 Y160.582 Z4.026 E.03072
G1 X122 Y160.582 Z4.044 E.03511
G1 X121 Y160.582 Z4.062 E.03949
G1 X120 Y160.582 Z4.08 E.04388
G1 X119 Y160.582 Z4.098 E.04827
G1 X118 Y160.582 Z4.116 E.05266
G1 X117 Y160.582 Z4.134 E.05705
G1 X116 Y160.582 Z4.152 E.06143
G1 X115 Y160.582 Z4.17 E.06582
G1 X114 Y160.582 Z4.188 E.07021
G1 X113 Y160.582 Z4.206 E.0746
G1 X112 Y160.582 Z4.224 E.07899
G1 X111 Y160.582 Z4.242 E.08337
G1 X110 Y160.582 Z4.26 E.08776
G1 X57.211 Y160.582 E4.6329
;WIDTH:0.697791
G1 X57.03 Y160.54 E.01726
;WIDTH:0.702461
G1 X56.918 Y160.334 E.02194
;WIDTH:0.663629
G1 X56.918 Y59.711 E8.83094
;WIDTH:0.697791
G1 X56.96 Y59.53 E.01726
G1 X57.12 Y59.418 E.01814
;WIDTH:0.663628
G1 X162.789 Y59.418 E9.27378
;WIDTH:0.697771
G1 X162.969 Y59.459 E.01715
G1 X163.04 Y59.53 E.00933
G1 X163.082 Y59.711 E.01726
;WIDTH:0.663629
G1 X163.082 Y160.289 E8.82699
;WIDTH:0.69779
G1 X163.04 Y160.47 E.01726
G1 X162.97 Y160.54 E.00919
G1 X162.789 Y160.582 E.01726
;WIDTH:0.663629
G1 X130 Y160.582 E2.87765
G1 X129 Y160.582 E.08337
G1 X128 Y160.582 E.07899
G1 X127 Y160.582 E.0746
G1 X126 Y160.582 E.07021
G1 X125 Y160.582 E.06582
G1 X124 Y160.582 E.06143
G1 X123 Y160.582 E.05705
G1 X122 Y160.582 E.05266
G1 X121 Y160.582 E.04827
G1 X120 Y160.582 E.04388
G1 X119 Y160.582 E.03949
G1 X118 Y160.582 E.03511
G1 X117 Y160.582 E.03072
G1 X116 Y160.582 E.02633
G1 X115 Y160.582 E.02194
G1 X114 Y160.582 E.01755
G1 X113 Y160.582 E.01316
G1 X112 Y160.582 E.00878
G1 X111 Y160.582 E.00439
G1 X110.09 Y160.582 E.07986
;WIPE_START
G1 F9600
G1 X110 Y160.582 E-.01603
G1 X105.599 Y160.582 E-.78397
;WIPE_END
G1 X130 Y161.168 F12000
G1 Z3.9
G1 E.8 F1800
G1 F2661
G1 X129.048 Y161.168 Z3.917 E.00398
G1 X128.095 Y161.168 Z3.934 E.00797
G1 X127.143 Y161.168 Z3.951 E.01194
G1 X126.19 Y161.168 Z3.969 E.01593
G1 X125.238 Y161.168 Z3.986 E.01989
G1 X124.286 Y161.168 Z4.003 E.02387
G1 X123.333 Y161.168 Z4.02 E.02788
G1 X122.381 Y161.168 Z4.037 E.03183
G1 X121.429 Y161.168 Z4.054 E.03581
G1 X120.476 Y161.168 Z4.071 E.03983
G1 X119.524 Y161.168 Z4.089 E.04376
G1 X118.571 Y161.168 Z4.106 E.04779
G1 X117.619 Y161.168 Z4.123 E.05172
G1 X116.667 Y161.168 Z4.14 E.0557
G1 X115.714 Y161.168 Z4.157 E.05974
G1 X114.762 Y161.168 Z4.174 E.06366
G1 X113.81 Y161.168 Z4.191 E.06764
G1 X112.857 Y161.168 Z4.209 E.07169
G1 X111.905 Y161.168 Z4.226 E.07559
G1 X110.952 Y161.168 Z4.243 E.07966
G1 X110 Y161.168 Z4.26 E.08355
G1 X57.049 Y161.168 E4.64712
;WIDTH:0.697791
G1 X56.67 Y161.046 E.03698
G1 X56.454 Y160.83 E.02837
G1 X56.364 Y160.582 E.0245
;WIDTH:0.676865
G1 X56.332 Y160.289 E.02645
;WIDTH:0.663629
G1 X56.332 Y59.549 E8.84121
;WIDTH:0.69779
G1 X56.454 Y59.17 E.03698
G1 X56.67 Y58.954 E.02837
G1 X56.918 Y58.864 E.0245
;WIDTH:0.676865
G1 X57.211 Y58.832 E.02645
;WIDTH:0.663628
G1 X162.928 Y58.833 E9.27799
;WIDTH:0.697771
G1 X163.219 Y58.904 E.02782
;WIDTH:0.70246
G1 X163.41 Y59.013 E.02058
G1 X163.582 Y59.221 E.02526
;WIDTH:0.697789
G1 X163.668 Y59.711 E.0462
;WIDTH:0.663629
G1 X163.668 Y160.451 E8.84121
;WIDTH:0.697789
G1 X163.546 Y160.83 E.03698
G1 X163.33 Y161.046 E.02837
G1 X162.997 Y161.157 E.0326
;WIDTH:0.672463
G1 X162.789 Y161.168 E.01856
;WIDTH:0.663629
G1 X130 Y161.168 E2.87765
G1 X129.048 Y161.168 E.07957
G1 X128.095 Y161.168 E.07567
G1 X127.143 Y161.168 E.07161
G1 X126.19 Y161.168 E.06771
G1 X125.238 Y161.168 E.06366
G1 X124.286 Y161.168 E.05968
G1 X123.333 Y161.168 E.05576
G1 X122.381 Y161.168 E.05172
G1 X121.429 Y161.168 E.04774
G1 X120.476 Y161.168 E.04381
G1 X119.524 Y161.168 E.03979
G1 X118.571 Y161.168 E.03584
G1 X117.619 Y161.168 E.03183
G1 X116.667 Y161.168 E.02785
G1 X115.714 Y161.168 E.0239
G1 X114.762 Y161.168 E.01989
G1 X113.81 Y161.168 E.01591
G1 X112.857 Y161.168 E.01195
G1 X111.905 Y161.168 E.00796
G1 X110.952 Y161.168 E.00398
G1 X110.09 Y161.168 E.07565
;LAYER_CHANGE
;Z:4.62
;HEIGHT:0.36
;BEFORE_LAYER_CHANGE
G92 E0
;4.62


;WIPE_START
G1 F9600
G1 X110 Y161.168 E-.01603
G1 X105.599 Y161.168 E-.78397
;WIPE_END
G1 Z4.62 F12000
;AFTER_LAYER_CHANGE
;4.62
G1 X130 Y160.582
G1 Z4.26
G1 E.8 F1800
G1 F2661
G1 X129 Y160.582 Z4.278 E.00439
G1 X128 Y160.582 Z4.296 E.00878
G1 X127 Y160.582 Z4.314 E.01316
G1 X126 Y160.582 Z4.332 E.01755
G1 X125 Y160.582 Z4.35 E.02194
G1 X124 Y160.582 Z4.368 E.02633
G1 X123 Y160.582 Z4.386 E.03072
G1 X122 Y160.582 Z4.404 E.03511
G1 X121 Y160.582 Z4.422 E.03949
G1 X120 Y160.582 Z4.44 E.04388
G1 X119 Y160.582 Z4.458 E.04827
G1 X118 Y160.582 Z4.476 E.05266
G1 X117 Y160.582 Z4.494 E.05705
G1 X116 Y160.582 Z4.512 E.06143
G1 X115 Y160.582 Z4.53 E.06582
G1 X114 Y160.582 Z4.548 E.07021
G1 X113 Y160.582 Z4.566 E.0746
G1 X112 Y160.582 Z4.584 E.07899
G1 X111 Y160.582 Z4.602 E.08337
G1 X110 Y160.582 Z4.62 E.08776
G1 X57.211 Y160.582 E4.6329
;WIDTH:0.697791
G1 X57.03 Y160.54 E.01726
G1 X56.918 Y160.38 E.01814
;WIDTH:0.663629
G1 X56.918 Y59.711 E8.83498
;WIDTH:0.697791
G1 X56.96 Y59.53 E.01726
G1 X57.12 Y59.418 E.01814
;WIDTH:0.663628
G1 X162.789 Y59.418 E9.27378
;WIDTH:0.69777
G1 X162.969 Y59.459 E.01715
G1 X163.04 Y59.53 E.00933
G1 X163.082 Y59.711 E.01726
;WIDTH:0.663629
G1 X163.082 Y160.289 E8.82699
;WIDTH:0.69779
G1 X163.04 Y160.47 E.01726
G1 X162.97 Y160.54 E.00919
G1 X162.789 Y160.582 E.01726
;WIDTH:0.663629
G1 X130 Y160.582 E2.87765
G1 X129 Y160.582 E.08337
G1 X128 Y160.582 E.07899
G1 X127 Y160.582 E.0746
G1 X126 Y160.582 E.07021
G1 X125 Y160.582 E.06582
G1 X124 Y160.582 E.06143
G1 X123 Y160.582 E.05705
G1 X122 Y160.582 E.05266
G1 X121 Y160.582 E.04827
G1 X120 Y160.582 E.04388
G1 X119 Y160.582 E.03949
G1 X118 Y160.582 E.03511
G1 X117 Y160.582 E.03072
G1 X116 Y160.582 E.02633
G1 X115 Y160.582 E.02194
G1 X114 Y160.582 E.01755
G1 X113 Y160.582 E.01316
G1 X112 Y160.582 E.00878
G1 X111 Y160.582 E.00439
G1 X110.09 Y160.582 E.07986
;WIPE_START
G1 F9600
G1 X110 Y160.582 E-.01603
G1 X105.599 Y160.582 E-.78397
;WIPE_END
G1 X130 Y161.168 F12000
G1 Z4.26
G1 E.8 F1800
G1 F2661
G1 X129.048 Y161.168 Z4.277 E.00398
G1 X128.095 Y161.168 Z4.294 E.00797
G1 X127.143 Y161.168 Z4.311 E.01194
G1 X126.19 Y161.168 Z4.329 E.01593
G1 X125.238 Y161.168 Z4.346 E.01989
G1 X124.286 Y161.168 Z4.363 E.02387
G1 X123.333 Y161.168 Z4.38 E.02788
G1 X122.381 Y161.168 Z4.397 E.03183
G1 X121.429 Y161.168 Z4.414 E.03581
G1 X120.476 Y161.168 Z4.431 E.03983
G1 X119.524 Y161.168 Z4.449 E.04376
G1 X118.571 Y161.168 Z4.466 E.04779
G1 X117.619 Y161.168 Z4.483 E.05172
G1 X116.667 Y161.168 Z4.5 E.0557
G1 X115.714 Y161.168 Z4.517 E.05974
G1 X114.762 Y161.168 Z4.534 E.06366
G1 X113.81 Y161.168 Z4.551 E.06764
G1 X112.857 Y161.168 Z4.569 E.07169
G1 X111.905 Y161.168 Z4.586 E.07559
G1 X110.952 Y161.168 Z4.603 E.07966
G1 X110 Y161.168 Z4.62 E.08355
G1 X57.049 Y161.168 E4.64712
;WIDTH:0.697791
G1 X56.67 Y161.046 E.03698
G1 X56.454 Y160.83 E.02837
G1 X56.364 Y160.582 E.0245
;WIDTH:0.676865
G1 X56.332 Y160.289 E.02645
;WIDTH:0.663629
G1 X56.332 Y59.549 E8.84121
;WIDTH:0.69779
G1 X56.454 Y59.17 E.03698
G1 X56.67 Y58.954 E.02837
G1 X56.918 Y58.864 E.0245
;WIDTH:0.676864
G1 X57.211 Y58.832 E.02645
;WIDTH:0.663628
G1 X162.93 Y58.833 E9.27816
;WIDTH:0.69777
G1 X163.219 Y58.904 E.02764
;WIDTH:0.70246
G1 X163.41 Y59.013 E.02058
G1 X163.582 Y59.221 E.02526
;WIDTH:0.697791
G1 X163.668 Y59.711 E.0462
;WIDTH:0.663629
G1 X163.668 Y160.451 E8.84121
;WIDTH:0.697789
G1 X163.546 Y160.83 E.03698
G1 X163.33 Y161.046 E.02837
G1 X162.997 Y161.157 E.0326
;WIDTH:0.672463
G1 X162.789 Y161.168 E.01856
;WIDTH:0.663629
G1 X130 Y161.168 E2.87765
G1 X129.048 Y161.168 E.07957
G1 X128.095 Y161.168 E.07567
G1 X127.143 Y161.168 E.07161
G1 X126.19 Y161.168 E.06771
G1 X125.238 Y161.168 E.06366
G1 X124.286 Y161.168 E.05968
G1 X123.333 Y161.168 E.05576
G1 X122.381 Y161.168 E.05172
G1 X121.429 Y161.168 E.04774
G1 X120.476 Y161.168 E.04381
G1 X119.524 Y161.168 E.03979
G1 X118.571 Y161.168 E.03584
G1 X117.619 Y161.168 E.03183
G1 X116.667 Y161.168 E.02785
G1 X115.714 Y161.168 E.0239
G1 X114.762 Y161.168 E.01989
G1 X113.81 Y161.168 E.01591
G1 X112.857 Y161.168 E.01195
G1 X111.905 Y161.168 E.00796
G1 X110.952 Y161.168 E.00398
G1 X110.09 Y161.168 E.07565
;LAYER_CHANGE
;Z:4.98
;HEIGHT:0.36
;BEFORE_LAYER_CHANGE
G92 E0
;4.98


;WIPE_START
G1 F9600
G1 X110 Y161.168 E-.01603
G1 X105.599 Y161.168 E-.78397
;WIPE_END
G1 Z4.98 F12000
;AFTER_LAYER_CHANGE
;4.98
G1 X130 Y160.582
G1 Z4.62
G1 E.8 F1800
G1 F2661
G1 X129 Y160.582 Z4.638 E.00439
G1 X128 Y160.582 Z4.656 E.00878
G1 X127 Y160.582 Z4.674 E.01316
G1 X126 Y160.582 Z4.692 E.01755
G1 X125 Y160.582 Z4.71 E.02194
G1 X124 Y160.582 Z4.728 E.02633
G1 X123 Y160.582 Z4.746 E.03072
G1 X122 Y160.582 Z4.764 E.03511
G1 X121 Y160.582 Z4.782 E.03949
G1 X120 Y160.582 Z4.8 E.04388
G1 X119 Y160.582 Z4.818 E.04827
G1 X118 Y160.582 Z4.836 E.05266
G1 X117 Y160.582 Z4.854 E.05705
G1 X116 Y160.582 Z4.872 E.06143
G1 X115 Y160.582 Z4.89 E.06582
G1 X114 Y160.582 Z4.908 E.07021
G1 X113 Y160.582 Z4.926 E.0746
G1 X112 Y160.582 Z4.944 E.07899
G1 X111 Y160.582 Z4.962 E.08337
G1 X110 Y160.582 Z4.98 E.08776
G1 X57.211 Y160.582 E4.6329
;WIDTH:0.69779
G1 X57.03 Y160.54 E.01726
G1 X56.918 Y160.38 E.01814
;WIDTH:0.663629
G1 X56.918 Y59.711 E8.83498
;WIDTH:0.697791
G1 X56.96 Y59.53 E.01726
G1 X57.12 Y59.418 E.01814
;WIDTH:0.663628
G1 X162.789 Y59.418 E9.27378
;WIDTH:0.697769
G1 X162.969 Y59.459 E.01715
G1 X163.04 Y59.53 E.00933
G1 X163.082 Y59.711 E.01726
;WIDTH:0.663629
G1 X163.082 Y160.289 E8.82699
;WIDTH:0.69779
G1 X163.04 Y160.47 E.01726
G1 X162.97 Y160.54 E.00919
G1 X162.789 Y160.582 E.01726
;WIDTH:0.663629
G1 X130 Y160.582 E2.87765
G1 X129 Y160.582 E.08337
G1 X128 Y160.582 E.07899
G1 X127 Y160.582 E.0746
G1 X126 Y160.582 E.07021
G1 X125 Y160.582 E.06582
G1 X124 Y160.582 E.06143
G1 X123 Y160.582 E.05705
G1 X122 Y160.582 E.05266
G1 X121 Y160.582 E.04827
G1 X120 Y160.582 E.04388
G1 X119 Y160.582 E.03949
G1 X118 Y160.582 E.03511
G1 X117 Y160.582 E.03072
G1 X116 Y160.582 E.02633
G1 X115 Y160.582 E.02194
G1 X114 Y160.582 E.01755
G1 X113 Y160.582 E.01316
G1 X112 Y160.582 E.00878
G1 X111 Y160.582 E.00439
G1 X110.09 Y160.582 E.07986
;WIPE_START
G1 F9600
G1 X110 Y160.582 E-.01603
G1 X105.599 Y160.582 E-.78397
;WIPE_END
G1 X130 Y161.168 F12000
G1 Z4.62
G1 E.8 F1800
G1 F2661
G1 X129.048 Y161.168 Z4.637 E.00398
G1 X128.095 Y161.168 Z4.654 E.00797
G1 X127.143 Y161.168 Z4.671 E.01194
G1 X126.19 Y161.168 Z4.689 E.01593
G1 X125.238 Y161.168 Z4.706 E.01989
G1 X124.286 Y161.168 Z4.723 E.02387
G1 X123.333 Y161.168 Z4.74 E.02788
G1 X122.381 Y161.168 Z4.757 E.03183
G1 X121.429 Y161.168 Z4.774 E.03581
G1 X120.476 Y161.168 Z4.791 E.03983
G1 X119.524 Y161.168 Z4.809 E.04376
G1 X118.571 Y161.168 Z4.826 E.04779
G1 X117.619 Y161.168 Z4.843 E.05172
G1 X116.667 Y161.168 Z4.86 E.0557
G1 X115.714 Y161.168 Z4.877 E.05974
G1 X114.762 Y161.168 Z4.894 E.06366
G1 X113.81 Y161.168 Z4.911 E.06764
G1 X112.857 Y161.168 Z4.929 E.07169
G1 X111.905 Y161.168 Z4.946 E.07559
G1 X110.952 Y161.168 Z4.963 E.07966
G1 X110 Y161.168 Z4.98 E.08355
G1 X57.049 Y161.168 E4.64712
;WIDTH:0.697791
G1 X56.67 Y161.046 E.03698
G1 X56.454 Y160.83 E.02837
G1 X56.364 Y160.582 E.0245
;WIDTH:0.676864
G1 X56.332 Y160.289 E.02645
;WIDTH:0.663629
G1 X56.332 Y59.549 E8.84121
;WIDTH:0.69779
G1 X56.454 Y59.17 E.03698
G1 X56.67 Y58.954 E.02837
G1 X56.918 Y58.864 E.0245
;WIDTH:0.676864
G1 X57.211 Y58.832 E.02645
;WIDTH:0.663628
G1 X162.932 Y58.833 E9.27834
;WIDTH:0.697769
G1 X163.219 Y58.904 E.02746
;WIDTH:0.70246
G1 X163.41 Y59.013 E.02058
G1 X163.582 Y59.221 E.02526
;WIDTH:0.697789
G1 X163.668 Y59.711 E.0462
;WIDTH:0.663629
G1 X163.668 Y160.451 E8.84121
;WIDTH:0.697789
G1 X163.546 Y160.83 E.03698
G1 X163.33 Y161.046 E.02837
G1 X162.997 Y161.157 E.0326
;WIDTH:0.672462
G1 X162.789 Y161.168 E.01856
;WIDTH:0.663629
G1 X130 Y161.168 E2.87765
G1 X129.048 Y161.168 E.07957
G1 X128.095 Y161.168 E.07567
G1 X127.143 Y161.168 E.07161
G1 X126.19 Y161.168 E.06771
G1 X125.238 Y161.168 E.06366
G1 X124.286 Y161.168 E.05968
G1 X123.333 Y161.168 E.05576
G1 X122.381 Y161.168 E.05172
G1 X121.429 Y161.168 E.04774
G1 X120.476 Y161.168 E.04381
G1 X119.524 Y161.168 E.03979
G1 X118.571 Y161.168 E.03584
G1 X117.619 Y161.168 E.03183
G1 X116.667 Y161.168 E.02785
G1 X115.714 Y161.168 E.0239
G1 X114.762 Y161.168 E.01989
G1 X113.81 Y161.168 E.01591
G1 X112.857 Y161.168 E.01195
G1 X111.905 Y161.168 E.00796
G1 X110.952 Y161.168 E.00398
G1 X110.09 Y161.168 E.07565
;LAYER_CHANGE
;Z:5.34
;HEIGHT:0.36
;BEFORE_LAYER_CHANGE
G92 E0
;5.34


;WIPE_START
G1 F9600
G1 X110 Y161.168 E-.01603
G1 X105.599 Y161.168 E-.78397
;WIPE_END
G1 Z5.34 F12000
;AFTER_LAYER_CHANGE
;5.34
G1 X130 Y160.582
G1 Z4.98
G1 E.8 F1800
G1 F2661
G1 X129 Y160.582 Z4.998 E.00439
G1 X128 Y160.582 Z5.016 E.00878
G1 X127 Y160.582 Z5.034 E.01316
G1 X126 Y160.582 Z5.052 E.01755
G1 X125 Y160.582 Z5.07 E.02194
G1 X124 Y160.582 Z5.088 E.02633
G1 X123 Y160.582 Z5.106 E.03072
G1 X122 Y160.582 Z5.124 E.03511
G1 X121 Y160.582 Z5.142 E.03949
G1 X120 Y160.582 Z5.16 E.04388
G1 X119 Y160.582 Z5.178 E.04827
G1 X118 Y160.582 Z5.196 E.05266
G1 X117 Y160.582 Z5.214 E.05705
G1 X116 Y160.582 Z5.232 E.06143
G1 X115 Y160.582 Z5.25 E.06582
G1 X114 Y160.582 Z5.268 E.07021
G1 X113 Y160.582 Z5.286 E.0746
G1 X112 Y160.582 Z5.304 E.07899
G1 X111 Y160.582 Z5.322 E.08337
G1 X110 Y160.582 Z5.34 E.08776
G1 X57.211 Y160.582 E4.6329
;WIDTH:0.69779
G1 X57.03 Y160.54 E.01726
G1 X56.918 Y160.38 E.01814
;WIDTH:0.663629
G1 X56.918 Y59.711 E8.83498
;WIDTH:0.697791
G1 X56.96 Y59.53 E.01726
G1 X57.12 Y59.418 E.01814
;WIDTH:0.663628
G1 X162.789 Y59.419 E9.27378
;WIDTH:0.697768
G1 X162.968 Y59.459 E.01703
G1 X163.04 Y59.53 E.00939
G1 X163.082 Y59.711 E.01726
;WIDTH:0.663629
G1 X163.082 Y160.289 E8.82699
;WIDTH:0.69779
G1 X163.04 Y160.47 E.01726
G1 X162.97 Y160.54 E.00919
G1 X162.789 Y160.582 E.01726
;WIDTH:0.663629
G1 X130 Y160.582 E2.87765
G1 X129 Y160.582 E.08337
G1 X128 Y160.582 E.07899
G1 X127 Y160.582 E.0746
G1 X126 Y160.582 E.07021
G1 X125 Y160.582 E.06582
G1 X124 Y160.582 E.06143
G1 X123 Y160.582 E.05705
G1 X122 Y160.582 E.05266
G1 X121 Y160.582 E.04827
G1 X120 Y160.582 E.04388
G1 X119 Y160.582 E.03949
G1 X118 Y160.582 E.03511
G1 X117 Y160.582 E.03072
G1 X116 Y160.582 E.02633
G1 X115 Y160.582 E.02194
G1 X114 Y160.582 E.01755
G1 X113 Y160.582 E.01316
G1 X112 Y160.582 E.00878
G1 X111 Y160.582 E.00439
G1 X110.09 Y160.582 E.07986
;WIPE_START
G1 F9600
G1 X110 Y160.582 E-.01603
G1 X105.599 Y160.582 E-.78397
;WIPE_END
G1 X130 Y161.168 F12000
G1 Z4.98
G1 E.8 F1800
G1 F2661
G1 X129.048 Y161.168 Z4.997 E.00398
G1 X128.095 Y161.168 Z5.014 E.00797
G1 X127.143 Y161.168 Z5.031 E.01194
G1 X126.19 Y161.168 Z5.049 E.01593
G1 X125.238 Y161.168 Z5.066 E.01989
G1 X124.286 Y161.168 Z5.083 E.02387
G1 X123.333 Y161.168 Z5.1 E.02788
G1 X122.381 Y161.168 Z5.117 E.03183
G1 X121.429 Y161.168 Z5.134 E.03581
G1 X120.476 Y161.168 Z5.151 E.03983
G1 X119.524 Y161.168 Z5.169 E.04376
G1 X118.571 Y161.168 Z5.186 E.04779
G1 X117.619 Y161.168 Z5.203 E.05172
G1 X116.667 Y161.168 Z5.22 E.0557
G1 X115.714 Y161.168 Z5.237 E.05974
G1 X114.762 Y161.168 Z5.254 E.06366
G1 X113.81 Y161.168 Z5.271 E.06764
G1 X112.857 Y161.168 Z5.289 E.07169
G1 X111.905 Y161.168 Z5.306 E.07559
G1 X110.952 Y161.168 Z5.323 E.07966
G1 X110 Y161.168 Z5.34 E.08355
G1 X57.049 Y161.168 E4.64712
;WIDTH:0.697791
G1 X56.67 Y161.046 E.03698
G1 X56.454 Y160.83 E.02837
G1 X56.364 Y160.582 E.0245
;WIDTH:0.676863
G1 X56.332 Y160.289 E.02645
;WIDTH:0.663629
G1 X56.332 Y59.549 E8.84121
;WIDTH:0.697791
G1 X56.454 Y59.17 E.03698
G1 X56.67 Y58.954 E.02837
G1 X56.918 Y58.864 E.0245
;WIDTH:0.676863
G1 X57.211 Y58.832 E.02645
;WIDTH:0.663628
G1 X162.933 Y58.833 E9.27843
;WIDTH:0.697768
G1 X163.219 Y58.904 E.02737
;WIDTH:0.70246
G1 X163.41 Y59.013 E.02058
G1 X163.582 Y59.221 E.02526
;WIDTH:0.69779
G1 X163.668 Y59.711 E.0462
;WIDTH:0.663629
G1 X163.668 Y160.451 E8.84121
;WIDTH:0.697789
G1 X163.546 Y160.83 E.03698
G1 X163.33 Y161.046 E.02837
G1 X162.997 Y161.157 E.0326
;WIDTH:0.672463
G1 X162.789 Y161.168 E.01856
;WIDTH:0.663629
G1 X130 Y161.168 E2.87765
G1 X129.048 Y161.168 E.07957
G1 X128.095 Y161.168 E.07567
G1 X127.143 Y161.168 E.07161
G1 X126.19 Y161.168 E.06771
G1 X125.238 Y161.168 E.06366
G1 X124.286 Y161.168 E.05968
G1 X123.333 Y161.168 E.05576
G1 X122.381 Y161.168 E.05172
G1 X121.429 Y161.168 E.04774
G1 X120.476 Y161.168 E.04381
G1 X119.524 Y161.168 E.03979
G1 X118.571 Y161.168 E.03584
G1 X117.619 Y161.168 E.03183
G1 X116.667 Y161.168 E.02785
G1 X115.714 Y161.168 E.0239
G1 X114.762 Y161.168 E.01989
G1 X113.81 Y161.168 E.01591
G1 X112.857 Y161.168 E.01195
G1 X111.905 Y161.168 E.00796
G1 X110.952 Y161.168 E.00398
G1 X110.09 Y161.168 E.07565
;LAYER_CHANGE
;Z:5.7
;HEIGHT:0.36
;BEFORE_LAYER_CHANGE
G92 E0
;5.7


;WIPE_START
G1 F9600
G1 X110 Y161.168 E-.01603
G1 X105.599 Y161.168 E-.78397
;WIPE_END
G1 Z5.7 F12000
;AFTER_LAYER_CHANGE
;5.7
G1 X130 Y160.582
G1 Z5.34
G1 E.8 F1800
G1 F2661
G1 X129 Y160.582 Z5.358 E.00439
G1 X128 Y160.582 Z5.376 E.00878
G1 X127 Y160.582 Z5.394 E.01316
G1 X126 Y160.582 Z5.412 E.01755
G1 X125 Y160.582 Z5.43 E.02194
G1 X124 Y160.582 Z5.448 E.02633
G1 X123 Y160.582 Z5.466 E.03072
G1 X122 Y160.582 Z5.484 E.03511
G1 X121 Y160.582 Z5.502 E.03949
G1 X120 Y160.582 Z5.52 E.04388
G1 X119 Y160.582 Z5.538 E.04827
G1 X118 Y160.582 Z5.556 E.05266
G1 X117 Y160.582 Z5.574 E.05705
G1 X116 Y160.582 Z5.592 E.06143
G1 X115 Y160.582 Z5.61 E.06582
G1 X114 Y160.582 Z5.628 E.07021
G1 X113 Y160.582 Z5.646 E.0746
G1 X112 Y160.582 Z5.664 E.07899
G1 X111 Y160.582 Z5.682 E.08337
G1 X110 Y160.582 Z5.7 E.08776
G1 X57.211 Y160.582 E4.6329
;WIDTH:0.69779
G1 X57.03 Y160.54 E.01726
G1 X56.918 Y160.38 E.01814
;WIDTH:0.663629
G1 X56.918 Y59.711 E8.83498
;WIDTH:0.697791
G1 X56.96 Y59.53 E.01726
G1 X57.12 Y59.418 E.01814
;WIDTH:0.663628
G1 X162.789 Y59.419 E9.27378
;WIDTH:0.697766
G1 X162.968 Y59.458 E.01701
G1 X163.04 Y59.53 E.00946
G1 X163.082 Y59.711 E.01726
;WIDTH:0.663629
G1 X163.082 Y160.289 E8.82699
;WIDTH:0.69779
G1 X163.04 Y160.47 E.01726
G1 X162.97 Y160.54 E.00919
G1 X162.789 Y160.582 E.01726
;WIDTH:0.663629
G1 X130 Y160.582 E2.87765
G1 X129 Y160.582 E.08337
G1 X128 Y160.582 E.07899
G1 X127 Y160.582 E.0746
G1 X126 Y160.582 E.07021
G1 X125 Y160.582 E.06582
G1 X124 Y160.582 E.06143
G1 X123 Y160.582 E.05705
G1 X122 Y160.582 E.05266
G1 X121 Y160.582 E.04827
G1 X120 Y160.582 E.04388
G1 X119 Y160.582 E.03949
G1 X118 Y160.582 E.03511
G1 X117 Y160.582 E.03072
G1 X116 Y160.582 E.02633
G1 X115 Y160.582 E.02194
G1 X114 Y160.582 E.01755
G1 X113 Y160.582 E.01316
G1 X112 Y160.582 E.00878
G1 X111 Y160.582 E.00439
G1 X110.09 Y160.582 E.07986
;WIPE_START
G1 F9600
G1 X110 Y160.582 E-.01603
G1 X105.599 Y160.582 E-.78397
;WIPE_END
G1 X130 Y161.168 F12000
G1 Z5.34
G1 E.8 F1800
G1 F2661
G1 X129.048 Y161.168 Z5.357 E.00398
G1 X128.095 Y161.168 Z5.374 E.00797
G1 X127.143 Y161.168 Z5.391 E.01194
G1 X126.19 Y161.168 Z5.409 E.01593
G1 X125.238 Y161.168 Z5.426 E.01989
G1 X124.286 Y161.168 Z5.443 E.02387
G1 X123.333 Y161.168 Z5.46 E.02788
G1 X122.381 Y161.168 Z5.477 E.03183
G1 X121.429 Y161.168 Z5.494 E.03581
G1 X120.476 Y161.168 Z5.511 E.03983
G1 X119.524 Y161.168 Z5.529 E.04376
G1 X118.571 Y161.168 Z5.546 E.04779
G1 X117.619 Y161.168 Z5.563 E.05172
G1 X116.667 Y161.168 Z5.58 E.0557
G1 X115.714 Y161.168 Z5.597 E.05974
G1 X114.762 Y161.168 Z5.614 E.06366
G1 X113.81 Y161.168 Z5.631 E.06764
G1 X112.857 Y161.168 Z5.649 E.07169
G1 X111.905 Y161.168 Z5.666 E.07559
G1 X110.952 Y161.168 Z5.683 E.07966
G1 X110 Y161.168 Z5.7 E.08355
G1 X57.049 Y161.168 E4.64712
;WIDTH:0.69779
G1 X56.67 Y161.046 E.03698
G1 X56.454 Y160.83 E.02837
G1 X56.364 Y160.582 E.0245
;WIDTH:0.676863
G1 X56.332 Y160.289 E.02645
;WIDTH:0.663629
G1 X56.332 Y59.549 E8.84121
;WIDTH:0.69779
G1 X56.454 Y59.17 E.03698
G1 X56.67 Y58.954 E.02837
G1 X56.918 Y58.864 E.0245
;WIDTH:0.676863
G1 X57.211 Y58.832 E.02645
;WIDTH:0.663628
G1 X162.935 Y58.833 E9.2786
;WIDTH:0.697766
G1 X163.219 Y58.903 E.02717
;WIDTH:0.70246
G1 X163.41 Y59.013 E.02062
G1 X163.582 Y59.221 E.02526
;WIDTH:0.697791
G1 X163.668 Y59.711 E.0462
;WIDTH:0.663629
G1 X163.668 Y160.451 E8.84121
;WIDTH:0.697789
G1 X163.546 Y160.83 E.03698
G1 X163.33 Y161.046 E.02837
G1 X162.997 Y161.157 E.0326
;WIDTH:0.672463
G1 X162.789 Y161.168 E.01856
;WIDTH:0.663629
G1 X130 Y161.168 E2.87765
G1 X129.048 Y161.168 E.07957
G1 X128.095 Y161.168 E.07567
G1 X127.143 Y161.168 E.07161
G1 X126.19 Y161.168 E.06771
G1 X125.238 Y161.168 E.06366
G1 X124.286 Y161.168 E.05968
G1 X123.333 Y161.168 E.05576
G1 X122.381 Y161.168 E.05172
G1 X121.429 Y161.168 E.04774
G1 X120.476 Y161.168 E.04381
G1 X119.524 Y161.168 E.03979
G1 X118.571 Y161.168 E.03584
G1 X117.619 Y161.168 E.03183
G1 X116.667 Y161.168 E.02785
G1 X115.714 Y161.168 E.0239
G1 X114.762 Y161.168 E.01989
G1 X113.81 Y161.168 E.01591
G1 X112.857 Y161.168 E.01195
G1 X111.905 Y161.168 E.00796
G1 X110.952 Y161.168 E.00398
G1 X110.09 Y161.168 E.07565
;LAYER_CHANGE
;Z:6.06
;HEIGHT:0.36
;BEFORE_LAYER_CHANGE
G92 E0
;6.06


;WIPE_START
G1 F9600
G1 X110 Y161.168 E-.01603
G1 X105.599 Y161.168 E-.78397
;WIPE_END
G1 Z6.06 F12000
;AFTER_LAYER_CHANGE
;6.06
G1 X130 Y160.582
G1 Z5.7
G1 E.8 F1800
G1 F2661
G1 X129 Y160.582 Z5.718 E.00439
G1 X128 Y160.582 Z5.736 E.00878
G1 X127 Y160.582 Z5.754 E.01316
G1 X126 Y160.582 Z5.772 E.01755
G1 X125 Y160.582 Z5.79 E.02194
G1 X124 Y160.582 Z5.808 E.02633
G1 X123 Y160.582 Z5.826 E.03072
G1 X122 Y160.582 Z5.844 E.03511
G1 X121 Y160.582 Z5.862 E.03949
G1 X120 Y160.582 Z5.88 E.04388
G1 X119 Y160.582 Z5.898 E.04827
G1 X118 Y160.582 Z5.916 E.05266
G1 X117 Y160.582 Z5.934 E.05705
G1 X116 Y160.582 Z5.952 E.06143
G1 X115 Y160.582 Z5.97 E.06582
G1 X114 Y160.582 Z5.988 E.07021
G1 X113 Y160.582 Z6.006 E.0746
G1 X112 Y160.582 Z6.024 E.07899
G1 X111 Y160.582 Z6.042 E.08337
G1 X110 Y160.582 Z6.06 E.08776
G1 X57.211 Y160.582 E4.6329
;WIDTH:0.69779
G1 X57.03 Y160.54 E.01726
G1 X56.918 Y160.38 E.01814
;WIDTH:0.663629
G1 X56.918 Y59.711 E8.83498
;WIDTH:0.697791
G1 X56.96 Y59.53 E.01726
G1 X57.12 Y59.418 E.01814
;WIDTH:0.663627
G1 X162.789 Y59.419 E9.27376
;WIDTH:0.697764
G1 X162.968 Y59.458 E.01701
G1 X163.04 Y59.53 E.00946
G1 X163.082 Y59.711 E.01726
;WIDTH:0.663629
G1 X163.082 Y160.289 E8.82699
;WIDTH:0.697789
G1 X163.04 Y160.47 E.01726
G1 X162.97 Y160.54 E.00919
G1 X162.789 Y160.582 E.01726
;WIDTH:0.663629
G1 X130 Y160.582 E2.87765
G1 X129 Y160.582 E.08337
G1 X128 Y160.582 E.07899
G1 X127 Y160.582 E.0746
G1 X126 Y160.582 E.07021
G1 X125 Y160.582 E.06582
G1 X124 Y160.582 E.06143
G1 X123 Y160.582 E.05705
G1 X122 Y160.582 E.05266
G1 X121 Y160.582 E.04827
G1 X120 Y160.582 E.04388
G1 X119 Y160.582 E.03949
G1 X118 Y160.582 E.03511
G1 X117 Y160.582 E.03072
G1 X116 Y160.582 E.02633
G1 X115 Y160.582 E.02194
G1 X114 Y160.582 E.01755
G1 X113 Y160.582 E.01316
G1 X112 Y160.582 E.00878
G1 X111 Y160.582 E.00439
G1 X110.09 Y160.582 E.07986
;WIPE_START
G1 F9600
G1 X110 Y160.582 E-.01603
G1 X105.599 Y160.582 E-.78397
;WIPE_END
G1 X130 Y161.168 F12000
G1 Z5.7
G1 E.8 F1800
G1 F2661
G1 X129.048 Y161.168 Z5.717 E.00398
G1 X128.095 Y161.168 Z5.734 E.00797
G1 X127.143 Y161.168 Z5.751 E.01194
G1 X126.19 Y161.168 Z5.769 E.01593
G1 X125.238 Y161.168 Z5.786 E.01989
G1 X124.286 Y161.168 Z5.803 E.02387
G1 X123.333 Y161.168 Z5.82 E.02788
G1 X122.381 Y161.168 Z5.837 E.03183
G1 X121.429 Y161.168 Z5.854 E.03581
G1 X120.476 Y161.168 Z5.871 E.03983
G1 X119.524 Y161.168 Z5.889 E.04376
G1 X118.571 Y161.168 Z5.906 E.04779
G1 X117.619 Y161.168 Z5.923 E.05172
G1 X116.667 Y161.168 Z5.94 E.0557
G1 X115.714 Y161.168 Z5.957 E.05974
G1 X114.762 Y161.168 Z5.974 E.06366
G1 X113.81 Y161.168 Z5.991 E.06764
G1 X112.857 Y161.168 Z6.009 E.07169
G1 X111.905 Y161.168 Z6.026 E.07559
G1 X110.952 Y161.168 Z6.043 E.07966
G1 X110 Y161.168 Z6.06 E.08355
G1 X57.049 Y161.168 E4.64712
;WIDTH:0.69779
G1 X56.67 Y161.046 E.03698
G1 X56.454 Y160.83 E.02837
G1 X56.364 Y160.582 E.0245
;WIDTH:0.676864
G1 X56.332 Y160.289 E.02645
;WIDTH:0.663629
G1 X56.332 Y59.549 E8.84121
;WIDTH:0.697791
G1 X56.454 Y59.17 E.03698
G1 X56.67 Y58.954 E.02837
G1 X56.918 Y58.864 E.0245
;WIDTH:0.676863
G1 X57.211 Y58.832 E.02645
;WIDTH:0.663627
G1 X162.936 Y58.833 E9.27868
;WIDTH:0.697764
G1 X163.219 Y58.903 E.02707
;WIDTH:0.702459
G1 X163.41 Y59.013 E.02062
G1 X163.582 Y59.221 E.02526
;WIDTH:0.697789
G1 X163.668 Y59.711 E.0462
;WIDTH:0.663629
G1 X163.668 Y160.451 E8.84121
;WIDTH:0.697789
G1 X163.546 Y160.83 E.03698
G1 X163.33 Y161.046 E.02837
G1 X162.997 Y161.157 E.0326
;WIDTH:0.672463
G1 X162.789 Y161.168 E.01856
;WIDTH:0.663629
G1 X130 Y161.168 E2.87765
G1 X129.048 Y161.168 E.07957
G1 X128.095 Y161.168 E.07567
G1 X127.143 Y161.168 E.07161
G1 X126.19 Y161.168 E.06771
G1 X125.238 Y161.168 E.06366
G1 X124.286 Y161.168 E.05968
G1 X123.333 Y161.168 E.05576
G1 X122.381 Y161.168 E.05172
G1 X121.429 Y161.168 E.04774
G1 X120.476 Y161.168 E.04381
G1 X119.524 Y161.168 E.03979
G1 X118.571 Y161.168 E.03584
G1 X117.619 Y161.168 E.03183
G1 X116.667 Y161.168 E.02785
G1 X115.714 Y161.168 E.0239
G1 X114.762 Y161.168 E.01989
G1 X113.81 Y161.168 E.01591
G1 X112.857 Y161.168 E.01195
G1 X111.905 Y161.168 E.00796
G1 X110.952 Y161.168 E.00398
G1 X110.09 Y161.168 E.07565
;LAYER_CHANGE
;Z:6.42
;HEIGHT:0.36
;BEFORE_LAYER_CHANGE
G92 E0
;6.42


;WIPE_START
G1 F9600
G1 X110 Y161.168 E-.01603
G1 X105.599 Y161.168 E-.78397
;WIPE_END
G1 Z6.42 F12000
;AFTER_LAYER_CHANGE
;6.42
G1 X130 Y160.582
G1 Z6.06
G1 E.8 F1800
G1 F2661
G1 X129 Y160.582 Z6.078 E.00439
G1 X128 Y160.582 Z6.096 E.00878
G1 X127 Y160.582 Z6.114 E.01316
G1 X126 Y160.582 Z6.132 E.01755
G1 X125 Y160.582 Z6.15 E.02194
G1 X124 Y160.582 Z6.168 E.02633
G1 X123 Y160.582 Z6.186 E.03072
G1 X122 Y160.582 Z6.204 E.03511
G1 X121 Y160.582 Z6.222 E.03949
G1 X120 Y160.582 Z6.24 E.04388
G1 X119 Y160.582 Z6.258 E.04827
G1 X118 Y160.582 Z6.276 E.05266
G1 X117 Y160.582 Z6.294 E.05705
G1 X116 Y160.582 Z6.312 E.06143
G1 X115 Y160.582 Z6.33 E.06582
G1 X114 Y160.582 Z6.348 E.07021
G1 X113 Y160.582 Z6.366 E.0746
G1 X112 Y160.582 Z6.384 E.07899
G1 X111 Y160.582 Z6.402 E.08337
G1 X110 Y160.582 Z6.42 E.08776
G1 X57.211 Y160.582 E4.6329
;WIDTH:0.69779
G1 X57.03 Y160.54 E.01726
G1 X56.918 Y160.38 E.01814
;WIDTH:0.663629
G1 X56.918 Y59.711 E8.83498
;WIDTH:0.697791
G1 X56.96 Y59.53 E.01726
G1 X57.12 Y59.418 E.01814
;WIDTH:0.663627
G1 X162.789 Y59.419 E9.27376
;WIDTH:0.697763
G1 X162.968 Y59.458 E.01701
G1 X163.04 Y59.53 E.00946
G1 X163.082 Y59.711 E.01726
;WIDTH:0.663629
G1 X163.082 Y160.289 E8.82699
;WIDTH:0.69779
G1 X163.04 Y160.47 E.01726
G1 X162.97 Y160.54 E.00919
G1 X162.789 Y160.582 E.01726
;WIDTH:0.663629
G1 X130 Y160.582 E2.87765
G1 X129 Y160.582 E.08337
G1 X128 Y160.582 E.07899
G1 X127 Y160.582 E.0746
G1 X126 Y160.582 E.07021
G1 X125 Y160.582 E.06582
G1 X124 Y160.582 E.06143
G1 X123 Y160.582 E.05705
G1 X122 Y160.582 E.05266
G1 X121 Y160.582 E.04827
G1 X120 Y160.582 E.04388
G1 X119 Y160.582 E.03949
G1 X118 Y160.582 E.03511
G1 X117 Y160.582 E.03072
G1 X116 Y160.582 E.02633
G1 X115 Y160.582 E.02194
G1 X114 Y160.582 E.01755
G1 X113 Y160.582 E.01316
G1 X112 Y160.582 E.00878
G1 X111 Y160.582 E.00439
G1 X110.09 Y160.582 E.07986
;WIPE_START
G1 F9600
G1 X110 Y160.582 E-.01603
G1 X105.599 Y160.582 E-.78397
;WIPE_END
G1 X130 Y161.168 F12000
G1 Z6.06
G1 E.8 F1800
G1 F2661
G1 X129.048 Y161.168 Z6.077 E.00398
G1 X128.095 Y161.168 Z6.094 E.00797
G1 X127.143 Y161.168 Z6.111 E.01194
G1 X126.19 Y161.168 Z6.129 E.01593
G1 X125.238 Y161.168 Z6.146 E.01989
G1 X124.286 Y161.168 Z6.163 E.02387
G1 X123.333 Y161.168 Z6.18 E.02788
G1 X122.381 Y161.168 Z6.197 E.03183
G1 X121.429 Y161.168 Z6.214 E.03581
G1 X120.476 Y161.168 Z6.231 E.03983
G1 X119.524 Y161.168 Z6.249 E.04376
G1 X118.571 Y161.168 Z6.266 E.04779
G1 X117.619 Y161.168 Z6.283 E.05172
G1 X116.667 Y161.168 Z6.3 E.0557
G1 X115.714 Y161.168 Z6.317 E.05974
G1 X114.762 Y161.168 Z6.334 E.06366
G1 X113.81 Y161.168 Z6.351 E.06764
G1 X112.857 Y161.168 Z6.369 E.07169
G1 X111.905 Y161.168 Z6.386 E.07559
G1 X110.952 Y161.168 Z6.403 E.07966
G1 X110 Y161.168 Z6.42 E.08355
G1 X57.049 Y161.168 E4.64712
;WIDTH:0.69779
G1 X56.67 Y161.046 E.03698
G1 X56.454 Y160.83 E.02837
G1 X56.364 Y160.582 E.0245
;WIDTH:0.676863
G1 X56.332 Y160.289 E.02645
;WIDTH:0.663629
G1 X56.332 Y59.549 E8.84121
;WIDTH:0.697791
G1 X56.454 Y59.17 E.03698
G1 X56.67 Y58.954 E.02837
G1 X56.918 Y58.864 E.0245
;WIDTH:0.676863
G1 X57.211 Y58.832 E.02645
;WIDTH:0.663627
G1 X162.938 Y58.833 E9.27885
;WIDTH:0.697763
G1 X163.219 Y58.903 E.02689
;WIDTH:0.70246
G1 X163.41 Y59.013 E.02062
G1 X163.582 Y59.221 E.02526
;WIDTH:0.69779
G1 X163.668 Y59.711 E.0462
;WIDTH:0.663629
G1 X163.668 Y160.451 E8.84121
;WIDTH:0.697789
G1 X163.546 Y160.83 E.03698
G1 X163.33 Y161.046 E.02837
G1 X162.997 Y161.157 E.0326
;WIDTH:0.672463
G1 X162.789 Y161.168 E.01856
;WIDTH:0.663629
G1 X130 Y161.168 E2.87765
G1 X129.048 Y161.168 E.07957
G1 X128.095 Y161.168 E.07567
G1 X127.143 Y161.168 E.07161
G1 X126.19 Y161.168 E.06771
G1 X125.238 Y161.168 E.06366
G1 X124.286 Y161.168 E.05968
G1 X123.333 Y161.168 E.05576
G1 X122.381 Y161.168 E.05172
G1 X121.429 Y161.168 E.04774
G1 X120.476 Y161.168 E.04381
G1 X119.524 Y161.168 E.03979
G1 X118.571 Y161.168 E.03584
G1 X117.619 Y161.168 E.03183
G1 X116.667 Y161.168 E.02785
G1 X115.714 Y161.168 E.0239
G1 X114.762 Y161.168 E.01989
G1 X113.81 Y161.168 E.01591
G1 X112.857 Y161.168 E.01195
G1 X111.905 Y161.168 E.00796
G1 X110.952 Y161.168 E.00398
G1 X110.09 Y161.168 E.07565
;LAYER_CHANGE
;Z:6.78
;HEIGHT:0.36
;BEFORE_LAYER_CHANGE
G92 E0
;6.78


;WIPE_START
G1 F9600
G1 X110 Y161.168 E-.01603
G1 X105.599 Y161.168 E-.78397
;WIPE_END
G1 Z6.78 F12000
;AFTER_LAYER_CHANGE
;6.78
G1 X130 Y160.582
G1 Z6.42
G1 E.8 F1800
G1 F2661
G1 X129 Y160.582 Z6.438 E.00439
G1 X128 Y160.582 Z6.456 E.00878
G1 X127 Y160.582 Z6.474 E.01316
G1 X126 Y160.582 Z6.492 E.01755
G1 X125 Y160.582 Z6.51 E.02194
G1 X124 Y160.582 Z6.528 E.02633
G1 X123 Y160.582 Z6.546 E.03072
G1 X122 Y160.582 Z6.564 E.03511
G1 X121 Y160.582 Z6.582 E.03949
G1 X120 Y160.582 Z6.6 E.04388
G1 X119 Y160.582 Z6.618 E.04827
G1 X118 Y160.582 Z6.636 E.05266
G1 X117 Y160.582 Z6.654 E.05705
G1 X116 Y160.582 Z6.672 E.06143
G1 X115 Y160.582 Z6.69 E.06582
G1 X114 Y160.582 Z6.708 E.07021
G1 X113 Y160.582 Z6.726 E.0746
G1 X112 Y160.582 Z6.744 E.07899
G1 X111 Y160.582 Z6.762 E.08337
G1 X110 Y160.582 Z6.78 E.08776
G1 X57.211 Y160.582 E4.6329
;WIDTH:0.697791
G1 X57.03 Y160.54 E.01726
G1 X56.918 Y160.38 E.01814
;WIDTH:0.663629
G1 X56.918 Y59.711 E8.83498
;WIDTH:0.69779
G1 X56.96 Y59.53 E.01726
;WIDTH:0.702462
G1 X57.166 Y59.418 E.02194
;WIDTH:0.663627
G1 X162.789 Y59.419 E9.26972
;WIDTH:0.697763
G1 X162.968 Y59.458 E.01701
G1 X163.04 Y59.53 E.00946
G1 X163.082 Y59.711 E.01726
;WIDTH:0.663629
G1 X163.082 Y160.289 E8.82699
;WIDTH:0.69779
G1 X163.04 Y160.47 E.01726
G1 X162.97 Y160.54 E.00919
G1 X162.789 Y160.582 E.01726
;WIDTH:0.663629
G1 X130 Y160.582 E2.87765
G1 X129 Y160.582 E.08337
G1 X128 Y160.582 E.07899
G1 X127 Y160.582 E.0746
G1 X126 Y160.582 E.07021
G1 X125 Y160.582 E.06582
G1 X124 Y160.582 E.06143
G1 X123 Y160.582 E.05705
G1 X122 Y160.582 E.05266
G1 X121 Y160.582 E.04827
G1 X120 Y160.582 E.04388
G1 X119 Y160.582 E.03949
G1 X118 Y160.582 E.03511
G1 X117 Y160.582 E.03072
G1 X116 Y160.582 E.02633
G1 X115 Y160.582 E.02194
G1 X114 Y160.582 E.01755
G1 X113 Y160.582 E.01316
G1 X112 Y160.582 E.00878
G1 X111 Y160.582 E.00439
G1 X110.09 Y160.582 E.07986
;WIPE_START
G1 F9600
G1 X110 Y160.582 E-.01603
G1 X105.599 Y160.582 E-.78397
;WIPE_END
G1 X130 Y161.168 F12000
G1 Z6.42
G1 E.8 F1800
G1 F2661
G1 X129.048 Y161.168 Z6.437 E.00398
G1 X128.095 Y161.168 Z6.454 E.00797
G1 X127.143 Y161.168 Z6.471 E.01194
G1 X126.19 Y161.168 Z6.489 E.01593
G1 X125.238 Y161.168 Z6.506 E.01989
G1 X124.286 Y161.168 Z6.523 E.02387
G1 X123.333 Y161.168 Z6.54 E.02788
G1 X122.381 Y161.168 Z6.557 E.03183
G1 X121.429 Y161.168 Z6.574 E.03581
G1 X120.476 Y161.168 Z6.591 E.03983
G1 X119.524 Y161.168 Z6.609 E.04376
G1 X118.571 Y161.168 Z6.626 E.04779
G1 X117.619 Y161.168 Z6.643 E.05172
G1 X116.667 Y161.168 Z6.66 E.0557
G1 X115.714 Y161.168 Z6.677 E.05974
G1 X114.762 Y161.168 Z6.694 E.06366
G1 X113.81 Y161.168 Z6.711 E.06764
G1 X112.857 Y161.168 Z6.729 E.07169
G1 X111.905 Y161.168 Z6.746 E.07559
G1 X110.952 Y161.168 Z6.763 E.07966
G1 X110 Y161.168 Z6.78 E.08355
G1 X57.049 Y161.168 E4.64712
;WIDTH:0.69779
G1 X56.67 Y161.046 E.03698
G1 X56.454 Y160.83 E.02837
G1 X56.364 Y160.582 E.0245
;WIDTH:0.676864
G1 X56.332 Y160.289 E.02645
;WIDTH:0.663629
G1 X56.332 Y59.549 E8.84121
;WIDTH:0.697791
G1 X56.454 Y59.17 E.03698
G1 X56.67 Y58.954 E.02837
G1 X56.918 Y58.864 E.0245
;WIDTH:0.676863
G1 X57.211 Y58.832 E.02645
;WIDTH:0.663627
G1 X162.939 Y58.833 E9.27894
;WIDTH:0.697763
G1 X163.219 Y58.903 E.0268
;WIDTH:0.70246
G1 X163.41 Y59.013 E.02062
G1 X163.582 Y59.221 E.02526
;WIDTH:0.69779
G1 X163.668 Y59.711 E.0462
;WIDTH:0.663629
G1 X163.668 Y160.451 E8.84121
;WIDTH:0.697789
G1 X163.546 Y160.83 E.03698
G1 X163.33 Y161.046 E.02837
G1 X162.997 Y161.157 E.0326
;WIDTH:0.672463
G1 X162.789 Y161.168 E.01856
;WIDTH:0.663629
G1 X130 Y161.168 E2.87765
G1 X129.048 Y161.168 E.07957
G1 X128.095 Y161.168 E.07567
G1 X127.143 Y161.168 E.07161
G1 X126.19 Y161.168 E.06771
G1 X125.238 Y161.168 E.06366
G1 X124.286 Y161.168 E.05968
G1 X123.333 Y161.168 E.05576
G1 X122.381 Y161.168 E.05172
G1 X121.429 Y161.168 E.04774
G1 X120.476 Y161.168 E.04381
G1 X119.524 Y161.168 E.03979
G1 X118.571 Y161.168 E.03584
G1 X117.619 Y161.168 E.03183
G1 X116.667 Y161.168 E.02785
G1 X115.714 Y161.168 E.0239
G1 X114.762 Y161.168 E.01989
G1 X113.81 Y161.168 E.01591
G1 X112.857 Y161.168 E.01195
G1 X111.905 Y161.168 E.00796
G1 X110.952 Y161.168 E.00398
G1 X110.09 Y161.168 E.07565
;LAYER_CHANGE
;Z:7.14
;HEIGHT:0.36
;BEFORE_LAYER_CHANGE
G92 E0
;7.14


;WIPE_START
G1 F9600
G1 X110 Y161.168 E-.01603
G1 X105.599 Y161.168 E-.78397
;WIPE_END
G1 Z7.14 F12000
;AFTER_LAYER_CHANGE
;7.14
G1 X130 Y160.582
G1 Z6.78
G1 E.8 F1800
G1 F2661
G1 X129 Y160.582 Z6.798 E.00439
G1 X128 Y160.582 Z6.816 E.00878
G1 X127 Y160.582 Z6.834 E.01316
G1 X126 Y160.582 Z6.852 E.01755
G1 X125 Y160.582 Z6.87 E.02194
G1 X124 Y160.582 Z6.888 E.02633
G1 X123 Y160.582 Z6.906 E.03072
G1 X122 Y160.582 Z6.924 E.03511
G1 X121 Y160.582 Z6.942 E.03949
G1 X120 Y160.582 Z6.96 E.04388
G1 X119 Y160.582 Z6.978 E.04827
G1 X118 Y160.582 Z6.996 E.05266
G1 X117 Y160.582 Z7.014 E.05705
G1 X116 Y160.582 Z7.032 E.06143
G1 X115 Y160.582 Z7.05 E.06582
G1 X114 Y160.582 Z7.068 E.07021
G1 X113 Y160.582 Z7.086 E.0746
G1 X112 Y160.582 Z7.104 E.07899
G1 X111 Y160.582 Z7.122 E.08337
G1 X110 Y160.582 Z7.14 E.08776
G1 X57.211 Y160.582 E4.6329
;WIDTH:0.697791
G1 X57.03 Y160.54 E.01726
G1 X56.918 Y160.38 E.01814
;WIDTH:0.663629
G1 X56.918 Y59.711 E8.83498
;WIDTH:0.697791
G1 X56.96 Y59.53 E.01726
G1 X57.12 Y59.418 E.01814
;WIDTH:0.663627
G1 X162.789 Y59.419 E9.27376
;WIDTH:0.697761
G1 X162.968 Y59.458 E.01701
G1 X163.04 Y59.53 E.00946
G1 X163.082 Y59.711 E.01726
;WIDTH:0.663629
G1 X163.082 Y160.289 E8.82699
;WIDTH:0.69779
G1 X163.04 Y160.47 E.01726
G1 X162.97 Y160.54 E.00919
G1 X162.789 Y160.582 E.01726
;WIDTH:0.663629
G1 X130 Y160.582 E2.87765
G1 X129 Y160.582 E.08337
G1 X128 Y160.582 E.07899
G1 X127 Y160.582 E.0746
G1 X126 Y160.582 E.07021
G1 X125 Y160.582 E.06582
G1 X124 Y160.582 E.06143
G1 X123 Y160.582 E.05705
G1 X122 Y160.582 E.05266
G1 X121 Y160.582 E.04827
G1 X120 Y160.582 E.04388
G1 X119 Y160.582 E.03949
G1 X118 Y160.582 E.03511
G1 X117 Y160.582 E.03072
G1 X116 Y160.582 E.02633
G1 X115 Y160.582 E.02194
G1 X114 Y160.582 E.01755
G1 X113 Y160.582 E.01316
G1 X112 Y160.582 E.00878
G1 X111 Y160.582 E.00439
G1 X110.09 Y160.582 E.07986
;WIPE_START
G1 F9600
G1 X110 Y160.582 E-.01603
G1 X105.599 Y160.582 E-.78397
;WIPE_END
G1 X130 Y161.168 F12000
G1 Z6.78
G1 E.8 F1800
G1 F2661
G1 X129 Y161.168 Z6.798 E.00439
G1 X128 Y161.168 Z6.816 E.00878
G1 X127 Y161.168 Z6.834 E.01316
G1 X126 Y161.168 Z6.852 E.01755
G1 X125 Y161.168 Z6.87 E.02194
G1 X124 Y161.168 Z6.888 E.02633
G1 X123 Y161.168 Z6.906 E.03072
G1 X122 Y161.168 Z6.924 E.03511
G1 X121 Y161.168 Z6.942 E.03949
G1 X120 Y161.168 Z6.96 E.04388
G1 X119 Y161.168 Z6.978 E.04827
G1 X118 Y161.168 Z6.996 E.05266
G1 X117 Y161.168 Z7.014 E.05705
G1 X116 Y161.168 Z7.032 E.06143
G1 X115 Y161.168 Z7.05 E.06582
G1 X114 Y161.168 Z7.068 E.07021
G1 X113 Y161.168 Z7.086 E.0746
G1 X112 Y161.168 Z7.104 E.07899
G1 X111 Y161.168 Z7.122 E.08337
G1 X110 Y161.168 Z7.14 E.08776
G1 X57.049 Y161.168 E4.64712
;WIDTH:0.69779
G1 X56.67 Y161.046 E.03698
G1 X56.454 Y160.83 E.02837
G1 X56.364 Y160.582 E.0245
;WIDTH:0.676864
G1 X56.332 Y160.289 E.02645
;WIDTH:0.663629
G1 X56.332 Y59.549 E8.84121
;WIDTH:0.69779
G1 X56.454 Y59.17 E.03698
G1 X56.67 Y58.954 E.02837
G1 X56.918 Y58.864 E.0245
;WIDTH:0.676864
G1 X57.211 Y58.832 E.02645
;WIDTH:0.663627
G1 X162.941 Y58.833 E9.27911
;WIDTH:0.697761
G1 X163.219 Y58.903 E.02662
;WIDTH:0.70246
G1 X163.41 Y59.013 E.02062
G1 X163.582 Y59.221 E.02526
;WIDTH:0.69779
G1 X163.668 Y59.711 E.0462
;WIDTH:0.663629
G1 X163.668 Y160.451 E8.84121
;WIDTH:0.697789
G1 X163.546 Y160.83 E.03698
G1 X163.33 Y161.046 E.02837
G1 X162.997 Y161.157 E.0326
;WIDTH:0.672463
G1 X162.789 Y161.168 E.01856
;WIDTH:0.663629
G1 X130 Y161.168 E2.87765
G1 X129 Y161.168 E.08337
G1 X128 Y161.168 E.07899
G1 X127 Y161.168 E.0746
G1 X126 Y161.168 E.07021
G1 X125 Y161.168 E.06582
G1 X124 Y161.168 E.06143
G1 X123 Y161.168 E.05705
G1 X122 Y161.168 E.05266
G1 X121 Y161.168 E.04827
G1 X120 Y161.168 E.04388
G1 X119 Y161.168 E.03949
G1 X118 Y161.168 E.03511
G1 X117 Y161.168 E.03072
G1 X116 Y161.168 E.02633
G1 X115 Y161.168 E.02194
G1 X114 Y161.168 E.01755
G1 X113 Y161.168 E.01316
G1 X112 Y161.168 E.00878
G1 X111 Y161.168 E.00439
G1 X110.09 Y161.168 E.07986
;LAYER_CHANGE
;Z:7.5
;HEIGHT:0.36
;BEFORE_LAYER_CHANGE
G92 E0
;7.5


;WIPE_START
G1 F9600
G1 X110 Y161.168 E-.01603
G1 X105.599 Y161.168 E-.78397
;WIPE_END
G1 Z7.5 F12000
;AFTER_LAYER_CHANGE
;7.5
G1 X130 Y160.582
G1 Z7.14
G1 E.8 F1800
G1 F2661
G1 X129 Y160.582 Z7.158 E.00439
G1 X128 Y160.582 Z7.176 E.00878
G1 X127 Y160.582 Z7.194 E.01316
G1 X126 Y160.582 Z7.212 E.01755
G1 X125 Y160.582 Z7.23 E.02194
G1 X124 Y160.582 Z7.248 E.02633
G1 X123 Y160.582 Z7.266 E.03072
G1 X122 Y160.582 Z7.284 E.03511
G1 X121 Y160.582 Z7.302 E.03949
G1 X120 Y160.582 Z7.32 E.04388
G1 X119 Y160.582 Z7.338 E.04827
G1 X118 Y160.582 Z7.356 E.05266
G1 X117 Y160.582 Z7.374 E.05705
G1 X116 Y160.582 Z7.392 E.06143
G1 X115 Y160.582 Z7.41 E.06582
G1 X114 Y160.582 Z7.428 E.07021
G1 X113 Y160.582 Z7.446 E.0746
G1 X112 Y160.582 Z7.464 E.07899
G1 X111 Y160.582 Z7.482 E.08337
G1 X110 Y160.582 Z7.5 E.08776
G1 X57.211 Y160.582 E4.6329
;WIDTH:0.69779
G1 X57.03 Y160.54 E.01726
G1 X56.918 Y160.38 E.01814
;WIDTH:0.663629
G1 X56.918 Y59.711 E8.83498
;WIDTH:0.69779
G1 X56.96 Y59.53 E.01726
G1 X57.12 Y59.418 E.01814
;WIDTH:0.663628
G1 X162.789 Y59.419 E9.27378
;WIDTH:0.697761
G1 X162.967 Y59.458 E.01692
G1 X163.04 Y59.53 E.00952
G1 X163.082 Y59.711 E.01726
;WIDTH:0.663629
G1 X163.082 Y160.289 E8.82699
;WIDTH:0.69779
G1 X163.04 Y160.47 E.01726
G1 X162.97 Y160.54 E.00919
G1 X162.789 Y160.582 E.01726
;WIDTH:0.663629
G1 X130 Y160.582 E2.87765
G1 X129 Y160.582 E.08337
G1 X128 Y160.582 E.07899
G1 X127 Y160.582 E.0746
G1 X126 Y160.582 E.07021
G1 X125 Y160.582 E.06582
G1 X124 Y160.582 E.06143
G1 X123 Y160.582 E.05705
G1 X122 Y160.582 E.05266
G1 X121 Y160.582 E.04827
G1 X120 Y160.582 E.04388
G1 X119 Y160.582 E.03949
G1 X118 Y160.582 E.03511
G1 X117 Y160.582 E.03072
G1 X116 Y160.582 E.02633
G1 X115 Y160.582 E.02194
G1 X114 Y160.582 E.01755
G1 X113 Y160.582 E.01316
G1 X112 Y160.582 E.00878
G1 X111 Y160.582 E.00439
G1 X110.09 Y160.582 E.07986
;WIPE_START
G1 F9600
G1 X110 Y160.582 E-.01603
G1 X105.599 Y160.582 E-.78397
;WIPE_END
G1 X130 Y161.168 F12000
G1 Z7.14
G1 E.8 F1800
G1 F2661
G1 X129 Y161.168 Z7.158 E.00439
G1 X128 Y161.168 Z7.176 E.00878
G1 X127 Y161.168 Z7.194 E.01316
G1 X126 Y161.168 Z7.212 E.01755
G1 X125 Y161.168 Z7.23 E.02194
G1 X124 Y161.168 Z7.248 E.02633
G1 X123 Y161.168 Z7.266 E.03072
G1 X122 Y161.168 Z7.284 E.03511
G1 X121 Y161.168 Z7.302 E.03949
G1 X120 Y161.168 Z7.32 E.04388
G1 X119 Y161.168 Z7.338 E.04827
G1 X118 Y161.168 Z7.356 E.05266
G1 X117 Y161.168 Z7.374 E.05705
G1 X116 Y161.168 Z7.392 E.06143
G1 X115 Y161.168 Z7.41 E.06582
G1 X114 Y161.168 Z7.428 E.07021
G1 X113 Y161.168 Z7.446 E.0746
G1 X112 Y161.168 Z7.464 E.07899
G1 X111 Y161.168 Z7.482 E.08337
G1 X110 Y161.168 Z7.5 E.08776
G1 X57.049 Y161.168 E4.64712
;WIDTH:0.69779
G1 X56.67 Y161.046 E.03698
G1 X56.454 Y160.83 E.02837
G1 X56.364 Y160.582 E.0245
;WIDTH:0.676864
G1 X56.332 Y160.289 E.02645
;WIDTH:0.663629
G1 X56.332 Y59.549 E8.84121
;WIDTH:0.697791
G1 X56.454 Y59.17 E.03698
G1 X56.67 Y58.954 E.02837
G1 X56.918 Y58.864 E.0245
;WIDTH:0.676865
G1 X57.211 Y58.832 E.02645
;WIDTH:0.663628
G1 X162.943 Y58.833 E9.27931
;WIDTH:0.697761
G1 X163.219 Y58.903 E.02644
;WIDTH:0.70246
G1 X163.41 Y59.013 E.02062
G1 X163.582 Y59.221 E.02526
;WIDTH:0.69779
G1 X163.668 Y59.711 E.0462
;WIDTH:0.663629
G1 X163.668 Y160.451 E8.84121
;WIDTH:0.69779
G1 X163.546 Y160.83 E.03698
G1 X163.33 Y161.046 E.02837
G1 X162.997 Y161.157 E.0326
;WIDTH:0.672463
G1 X162.789 Y161.168 E.01856
;WIDTH:0.663629
G1 X130 Y161.168 E2.87765
G1 X129 Y161.168 E.08337
G1 X128 Y161.168 E.07899
G1 X127 Y161.168 E.0746
G1 X126 Y161.168 E.07021
G1 X125 Y161.168 E.06582
G1 X124 Y161.168 E.06143
G1 X123 Y161.168 E.05705
G1 X122 Y161.168 E.05266
G1 X121 Y161.168 E.04827
G1 X120 Y161.168 E.04388
G1 X119 Y161.168 E.03949
G1 X118 Y161.168 E.03511
G1 X117 Y161.168 E.03072
G1 X116 Y161.168 E.02633
G1 X115 Y161.168 E.02194
G1 X114 Y161.168 E.01755
G1 X113 Y161.168 E.01316
G1 X112 Y161.168 E.00878
G1 X111 Y161.168 E.00439
G1 X110.09 Y161.168 E.07986
;LAYER_CHANGE
;Z:7.86
;HEIGHT:0.36
;BEFORE_LAYER_CHANGE
G92 E0
;7.86


;WIPE_START
G1 F9600
G1 X110 Y161.168 E-.01603
G1 X105.599 Y161.168 E-.78397
;WIPE_END
G1 Z7.86 F12000
;AFTER_LAYER_CHANGE
;7.86
G1 X130 Y160.582
G1 Z7.5
G1 E.8 F1800
G1 F2661
G1 X129 Y160.582 Z7.518 E.00439
G1 X128 Y160.582 Z7.536 E.00878
G1 X127 Y160.582 Z7.554 E.01316
G1 X126 Y160.582 Z7.572 E.01755
G1 X125 Y160.582 Z7.59 E.02194
G1 X124 Y160.582 Z7.608 E.02633
G1 X123 Y160.582 Z7.626 E.03072
G1 X122 Y160.582 Z7.644 E.03511
G1 X121 Y160.582 Z7.662 E.03949
G1 X120 Y160.582 Z7.68 E.04388
G1 X119 Y160.582 Z7.698 E.04827
G1 X118 Y160.582 Z7.716 E.05266
G1 X117 Y160.582 Z7.734 E.05705
G1 X116 Y160.582 Z7.752 E.06143
G1 X115 Y160.582 Z7.77 E.06582
G1 X114 Y160.582 Z7.788 E.07021
G1 X113 Y160.582 Z7.806 E.0746
G1 X112 Y160.582 Z7.824 E.07899
G1 X111 Y160.582 Z7.842 E.08337
G1 X110 Y160.582 Z7.86 E.08776
G1 X57.211 Y160.582 E4.6329
;WIDTH:0.69779
G1 X57.03 Y160.54 E.01726
G1 X56.918 Y160.38 E.01814
;WIDTH:0.663629
G1 X56.918 Y59.711 E8.83498
;WIDTH:0.697791
G1 X56.96 Y59.53 E.01726
;WIDTH:0.702463
G1 X57.166 Y59.418 E.02194
;WIDTH:0.663627
G1 X162.789 Y59.419 E9.26972
;WIDTH:0.69776
G1 X162.967 Y59.458 E.01692
G1 X163.04 Y59.53 E.00952
G1 X163.082 Y59.711 E.01726
;WIDTH:0.663629
G1 X163.082 Y160.289 E8.82699
;WIDTH:0.69779
G1 X163.04 Y160.47 E.01726
G1 X162.97 Y160.54 E.00919
G1 X162.789 Y160.582 E.01726
;WIDTH:0.663629
G1 X130 Y160.582 E2.87765
G1 X129 Y160.582 E.08337
G1 X128 Y160.582 E.07899
G1 X127 Y160.582 E.0746
G1 X126 Y160.582 E.07021
G1 X125 Y160.582 E.06582
G1 X124 Y160.582 E.06143
G1 X123 Y160.582 E.05705
G1 X122 Y160.582 E.05266
G1 X121 Y160.582 E.04827
G1 X120 Y160.582 E.04388
G1 X119 Y160.582 E.03949
G1 X118 Y160.582 E.03511
G1 X117 Y160.582 E.03072
G1 X116 Y160.582 E.02633
G1 X115 Y160.582 E.02194
G1 X114 Y160.582 E.01755
G1 X113 Y160.582 E.01316
G1 X112 Y160.582 E.00878
G1 X111 Y160.582 E.00439
G1 X110.09 Y160.582 E.07986
;WIPE_START
G1 F9600
G1 X110 Y160.582 E-.01603
G1 X105.599 Y160.582 E-.78397
;WIPE_END
G1 X130 Y161.168 F12000
G1 Z7.5
G1 E.8 F1800
G1 F2661
G1 X129.048 Y161.168 Z7.517 E.00398
G1 X128.095 Y161.168 Z7.534 E.00797
G1 X127.143 Y161.168 Z7.551 E.01194
G1 X126.19 Y161.168 Z7.569 E.01593
G1 X125.238 Y161.168 Z7.586 E.01989
G1 X124.286 Y161.168 Z7.603 E.02387
G1 X123.333 Y161.168 Z7.62 E.02788
G1 X122.381 Y161.168 Z7.637 E.03183
G1 X121.429 Y161.168 Z7.654 E.03581
G1 X120.476 Y161.168 Z7.671 E.03983
G1 X119.524 Y161.168 Z7.689 E.04376
G1 X118.571 Y161.168 Z7.706 E.04779
G1 X117.619 Y161.168 Z7.723 E.05172
G1 X116.667 Y161.168 Z7.74 E.0557
G1 X115.714 Y161.168 Z7.757 E.05974
G1 X114.762 Y161.168 Z7.774 E.06366
G1 X113.81 Y161.168 Z7.791 E.06764
G1 X112.857 Y161.168 Z7.809 E.07169
G1 X111.905 Y161.168 Z7.826 E.07559
G1 X110.952 Y161.168 Z7.843 E.07966
G1 X110 Y161.168 Z7.86 E.08355
G1 X57.049 Y161.168 E4.64712
;WIDTH:0.69779
G1 X56.67 Y161.046 E.03698
G1 X56.454 Y160.83 E.02837
G1 X56.364 Y160.582 E.0245
;WIDTH:0.676864
G1 X56.332 Y160.289 E.02645
;WIDTH:0.663629
G1 X56.332 Y59.549 E8.84121
;WIDTH:0.697791
G1 X56.454 Y59.17 E.03698
G1 X56.67 Y58.954 E.02837
G1 X56.918 Y58.864 E.0245
;WIDTH:0.676864
G1 X57.211 Y58.832 E.02645
;WIDTH:0.663627
G1 X162.944 Y58.833 E9.27938
;WIDTH:0.69776
G1 X163.219 Y58.903 E.02635
;WIDTH:0.70246
G1 X163.41 Y59.013 E.02062
G1 X163.582 Y59.221 E.02526
;WIDTH:0.69779
G1 X163.668 Y59.711 E.0462
;WIDTH:0.663629
G1 X163.668 Y160.451 E8.84121
;WIDTH:0.697791
G1 X163.546 Y160.83 E.03698
G1 X163.33 Y161.046 E.02837
G1 X162.997 Y161.157 E.0326
;WIDTH:0.672463
G1 X162.789 Y161.168 E.01856
;WIDTH:0.663629
G1 X130 Y161.168 E2.87765
G1 X129.048 Y161.168 E.07957
G1 X128.095 Y161.168 E.07567
G1 X127.143 Y161.168 E.07161
G1 X126.19 Y161.168 E.06771
G1 X125.238 Y161.168 E.06366
G1 X124.286 Y161.168 E.05968
G1 X123.333 Y161.168 E.05576
G1 X122.381 Y161.168 E.05172
G1 X121.429 Y161.168 E.04774
G1 X120.476 Y161.168 E.04381
G1 X119.524 Y161.168 E.03979
G1 X118.571 Y161.168 E.03584
G1 X117.619 Y161.168 E.03183
G1 X116.667 Y161.168 E.02785
G1 X115.714 Y161.168 E.0239
G1 X114.762 Y161.168 E.01989
G1 X113.81 Y161.168 E.01591
G1 X112.857 Y161.168 E.01195
G1 X111.905 Y161.168 E.00796
G1 X110.952 Y161.168 E.00398
G1 X110.09 Y161.168 E.07565
;LAYER_CHANGE
;Z:8.22
;HEIGHT:0.36
;BEFORE_LAYER_CHANGE
G92 E0
;8.22


;WIPE_START
G1 F9600
G1 X110 Y161.168 E-.01603
G1 X105.599 Y161.168 E-.78397
;WIPE_END
G1 Z8.22 F12000
;AFTER_LAYER_CHANGE
;8.22
G1 X130 Y160.582
G1 Z7.86
G1 E.8 F1800
G1 F2661
G1 X129 Y160.582 Z7.878 E.00439
G1 X128 Y160.582 Z7.896 E.00878
G1 X127 Y160.582 Z7.914 E.01316
G1 X126 Y160.582 Z7.932 E.01755
G1 X125 Y160.582 Z7.95 E.02194
G1 X124 Y160.582 Z7.968 E.02633
G1 X123 Y160.582 Z7.986 E.03072
G1 X122 Y160.582 Z8.004 E.03511
G1 X121 Y160.582 Z8.022 E.03949
G1 X120 Y160.582 Z8.04 E.04388
G1 X119 Y160.582 Z8.058 E.04827
G1 X118 Y160.582 Z8.076 E.05266
G1 X117 Y160.582 Z8.094 E.05705
G1 X116 Y160.582 Z8.112 E.06143
G1 X115 Y160.582 Z8.13 E.06582
G1 X114 Y160.582 Z8.148 E.07021
G1 X113 Y160.582 Z8.166 E.0746
G1 X112 Y160.582 Z8.184 E.07899
G1 X111 Y160.582 Z8.202 E.08337
G1 X110 Y160.582 Z8.22 E.08776
G1 X57.211 Y160.582 E4.6329
;WIDTH:0.69779
G1 X57.03 Y160.54 E.01726
G1 X56.918 Y160.38 E.01814
;WIDTH:0.663629
G1 X56.918 Y59.711 E8.83498
;WIDTH:0.697791
G1 X56.96 Y59.53 E.01726
G1 X57.12 Y59.418 E.01814
;WIDTH:0.663627
G1 X162.789 Y59.419 E9.27376
;WIDTH:0.69776
G1 X162.967 Y59.458 E.01692
G1 X163.04 Y59.53 E.00952
G1 X163.082 Y59.711 E.01726
;WIDTH:0.663629
G1 X163.082 Y160.289 E8.82699
;WIDTH:0.69779
G1 X163.04 Y160.47 E.01726
G1 X162.97 Y160.54 E.00919
G1 X162.789 Y160.582 E.01726
;WIDTH:0.663629
G1 X130 Y160.582 E2.87765
G1 X129 Y160.582 E.08337
G1 X128 Y160.582 E.07899
G1 X127 Y160.582 E.0746
G1 X126 Y160.582 E.07021
G1 X125 Y160.582 E.06582
G1 X124 Y160.582 E.06143
G1 X123 Y160.582 E.05705
G1 X122 Y160.582 E.05266
G1 X121 Y160.582 E.04827
G1 X120 Y160.582 E.04388
G1 X119 Y160.582 E.03949
G1 X118 Y160.582 E.03511
G1 X117 Y160.582 E.03072
G1 X116 Y160.582 E.02633
G1 X115 Y160.582 E.02194
G1 X114 Y160.582 E.01755
G1 X113 Y160.582 E.01316
G1 X112 Y160.582 E.00878
G1 X111 Y160.582 E.00439
G1 X110.09 Y160.582 E.07986
;WIPE_START
G1 F9600
G1 X110 Y160.582 E-.01603
G1 X105.599 Y160.582 E-.78397
;WIPE_END
G1 X130 Y161.168 F12000
G1 Z7.86
G1 E.8 F1800
G1 F2661
G1 X129.048 Y161.168 Z7.877 E.00398
G1 X128.095 Y161.168 Z7.894 E.00797
G1 X127.143 Y161.168 Z7.911 E.01194
G1 X126.19 Y161.168 Z7.929 E.01593
G1 X125.238 Y161.168 Z7.946 E.01989
G1 X124.286 Y161.168 Z7.963 E.02387
G1 X123.333 Y161.168 Z7.98 E.02788
G1 X122.381 Y161.168 Z7.997 E.03183
G1 X121.429 Y161.168 Z8.014 E.03581
G1 X120.476 Y161.168 Z8.031 E.03983
G1 X119.524 Y161.168 Z8.049 E.04376
G1 X118.571 Y161.168 Z8.066 E.04779
G1 X117.619 Y161.168 Z8.083 E.05172
G1 X116.667 Y161.168 Z8.1 E.0557
G1 X115.714 Y161.168 Z8.117 E.05974
G1 X114.762 Y161.168 Z8.134 E.06366
G1 X113.81 Y161.168 Z8.151 E.06764
G1 X112.857 Y161.168 Z8.169 E.07169
G1 X111.905 Y161.168 Z8.186 E.07559
G1 X110.952 Y161.168 Z8.203 E.07966
G1 X110 Y161.168 Z8.22 E.08355
G1 X57.049 Y161.168 E4.64712
;WIDTH:0.697791
G1 X56.67 Y161.046 E.03698
G1 X56.454 Y160.83 E.02837
G1 X56.364 Y160.582 E.0245
;WIDTH:0.676864
G1 X56.332 Y160.289 E.02645
;WIDTH:0.663629
G1 X56.332 Y59.549 E8.84121
;WIDTH:0.697791
G1 X56.454 Y59.17 E.03698
G1 X56.67 Y58.954 E.02837
G1 X56.918 Y58.864 E.0245
;WIDTH:0.676864
G1 X57.211 Y58.832 E.02645
;WIDTH:0.663627
G1 X162.946 Y58.833 E9.27955
;WIDTH:0.69776
G1 X163.219 Y58.902 E.02615
;WIDTH:0.70246
G1 X163.41 Y59.013 E.02067
G1 X163.582 Y59.221 E.02526
;WIDTH:0.69779
G1 X163.668 Y59.711 E.0462
;WIDTH:0.663629
G1 X163.668 Y160.451 E8.84121
;WIDTH:0.697791
G1 X163.546 Y160.83 E.03698
G1 X163.33 Y161.046 E.02837
G1 X162.997 Y161.157 E.0326
;WIDTH:0.672463
G1 X162.789 Y161.168 E.01856
;WIDTH:0.663629
G1 X130 Y161.168 E2.87765
G1 X129.048 Y161.168 E.07957
G1 X128.095 Y161.168 E.07567
G1 X127.143 Y161.168 E.07161
G1 X126.19 Y161.168 E.06771
G1 X125.238 Y161.168 E.06366
G1 X124.286 Y161.168 E.05968
G1 X123.333 Y161.168 E.05576
G1 X122.381 Y161.168 E.05172
G1 X121.429 Y161.168 E.04774
G1 X120.476 Y161.168 E.04381
G1 X119.524 Y161.168 E.03979
G1 X118.571 Y161.168 E.03584
G1 X117.619 Y161.168 E.03183
G1 X116.667 Y161.168 E.02785
G1 X115.714 Y161.168 E.0239
G1 X114.762 Y161.168 E.01989
G1 X113.81 Y161.168 E.01591
G1 X112.857 Y161.168 E.01195
G1 X111.905 Y161.168 E.00796
G1 X110.952 Y161.168 E.00398
G1 X110.09 Y161.168 E.07565
;LAYER_CHANGE
;Z:8.58
;HEIGHT:0.36
;BEFORE_LAYER_CHANGE
G92 E0
;8.58


;WIPE_START
G1 F9600
G1 X110 Y161.168 E-.01603
G1 X105.599 Y161.168 E-.78397
;WIPE_END
G1 Z8.58 F12000
;AFTER_LAYER_CHANGE
;8.58
G1 X130 Y160.582
G1 Z8.22
G1 E.8 F1800
G1 F2661
G1 X129 Y160.582 Z8.238 E.00439
G1 X128 Y160.582 Z8.256 E.00878
G1 X127 Y160.582 Z8.274 E.01316
G1 X126 Y160.582 Z8.292 E.01755
G1 X125 Y160.582 Z8.31 E.02194
G1 X124 Y160.582 Z8.328 E.02633
G1 X123 Y160.582 Z8.346 E.03072
G1 X122 Y160.582 Z8.364 E.03511
G1 X121 Y160.582 Z8.382 E.03949
G1 X120 Y160.582 Z8.4 E.04388
G1 X119 Y160.582 Z8.418 E.04827
G1 X118 Y160.582 Z8.436 E.05266
G1 X117 Y160.582 Z8.454 E.05705
G1 X116 Y160.582 Z8.472 E.06143
G1 X115 Y160.582 Z8.49 E.06582
G1 X114 Y160.582 Z8.508 E.07021
G1 X113 Y160.582 Z8.526 E.0746
G1 X112 Y160.582 Z8.544 E.07899
G1 X111 Y160.582 Z8.562 E.08337
G1 X110 Y160.582 Z8.58 E.08776
G1 X57.211 Y160.582 E4.6329
;WIDTH:0.69779
G1 X57.03 Y160.54 E.01726
G1 X56.918 Y160.38 E.01814
;WIDTH:0.663629
G1 X56.918 Y59.711 E8.83498
;WIDTH:0.697791
G1 X56.96 Y59.53 E.01726
G1 X57.12 Y59.418 E.01814
;WIDTH:0.663627
G1 X162.789 Y59.419 E9.27376
;WIDTH:0.697759
G1 X162.967 Y59.457 E.0169
G1 X163.04 Y59.53 E.00959
G1 X163.082 Y59.711 E.01726
;WIDTH:0.663629
G1 X163.082 Y160.289 E8.82699
;WIDTH:0.69779
G1 X163.04 Y160.47 E.01726
G1 X162.97 Y160.54 E.00919
G1 X162.789 Y160.582 E.01726
;WIDTH:0.663629
G1 X130 Y160.582 E2.87765
G1 X129 Y160.582 E.08337
G1 X128 Y160.582 E.07899
G1 X127 Y160.582 E.0746
G1 X126 Y160.582 E.07021
G1 X125 Y160.582 E.06582
G1 X124 Y160.582 E.06143
G1 X123 Y160.582 E.05705
G1 X122 Y160.582 E.05266
G1 X121 Y160.582 E.04827
G1 X120 Y160.582 E.04388
G1 X119 Y160.582 E.03949
G1 X118 Y160.582 E.03511
G1 X117 Y160.582 E.03072
G1 X116 Y160.582 E.02633
G1 X115 Y160.582 E.02194
G1 X114 Y160.582 E.01755
G1 X113 Y160.582 E.01316
G1 X112 Y160.582 E.00878
G1 X111 Y160.582 E.00439
G1 X110.09 Y160.582 E.07986
;WIPE_START
G1 F9600
G1 X110 Y160.582 E-.01603
G1 X105.599 Y160.582 E-.78397
;WIPE_END
G1 X130 Y161.168 F12000
G1 Z8.22
G1 E.8 F1800
G1 F2661
G1 X129.048 Y161.168 Z8.237 E.00398
G1 X128.095 Y161.168 Z8.254 E.00797
G1 X127.143 Y161.168 Z8.271 E.01194
G1 X126.19 Y161.168 Z8.289 E.01593
G1 X125.238 Y161.168 Z8.306 E.01989
G1 X124.286 Y161.168 Z8.323 E.02387
G1 X123.333 Y161.168 Z8.34 E.02788
G1 X122.381 Y161.168 Z8.357 E.03183
G1 X121.429 Y161.168 Z8.374 E.03581
G1 X120.476 Y161.168 Z8.391 E.03983
G1 X119.524 Y161.168 Z8.409 E.04376
G1 X118.571 Y161.168 Z8.426 E.04779
G1 X117.619 Y161.168 Z8.443 E.05172
G1 X116.667 Y161.168 Z8.46 E.0557
G1 X115.714 Y161.168 Z8.477 E.05974
G1 X114.762 Y161.168 Z8.494 E.06366
G1 X113.81 Y161.168 Z8.511 E.06764
G1 X112.857 Y161.168 Z8.529 E.07169
G1 X111.905 Y161.168 Z8.546 E.07559
G1 X110.952 Y161.168 Z8.563 E.07966
G1 X110 Y161.168 Z8.58 E.08355
G1 X57.049 Y161.168 E4.64712
;WIDTH:0.697791
G1 X56.67 Y161.046 E.03698
G1 X56.454 Y160.83 E.02837
G1 X56.364 Y160.582 E.0245
;WIDTH:0.676864
G1 X56.332 Y160.289 E.02645
;WIDTH:0.663629
G1 X56.332 Y59.549 E8.84121
;WIDTH:0.69779
G1 X56.454 Y59.17 E.03698
G1 X56.67 Y58.954 E.02837
G1 X56.918 Y58.864 E.0245
;WIDTH:0.676865
G1 X57.211 Y58.832 E.02645
;WIDTH:0.663627
G1 X162.947 Y58.834 E9.27964
;WIDTH:0.697759
G1 X163.219 Y58.902 E.02604
;WIDTH:0.70246
G1 X163.41 Y59.013 E.02067
G1 X163.582 Y59.221 E.02526
;WIDTH:0.697791
G1 X163.668 Y59.711 E.0462
;WIDTH:0.663629
G1 X163.668 Y160.451 E8.84121
;WIDTH:0.697789
G1 X163.546 Y160.83 E.03698
G1 X163.33 Y161.046 E.02837
G1 X162.997 Y161.157 E.0326
;WIDTH:0.672463
G1 X162.789 Y161.168 E.01856
;WIDTH:0.663629
G1 X130 Y161.168 E2.87765
G1 X129.048 Y161.168 E.07957
G1 X128.095 Y161.168 E.07567
G1 X127.143 Y161.168 E.07161
G1 X126.19 Y161.168 E.06771
G1 X125.238 Y161.168 E.06366
G1 X124.286 Y161.168 E.05968
G1 X123.333 Y161.168 E.05576
G1 X122.381 Y161.168 E.05172
G1 X121.429 Y161.168 E.04774
G1 X120.476 Y161.168 E.04381
G1 X119.524 Y161.168 E.03979
G1 X118.571 Y161.168 E.03584
G1 X117.619 Y161.168 E.03183
G1 X116.667 Y161.168 E.02785
G1 X115.714 Y161.168 E.0239
G1 X114.762 Y161.168 E.01989
G1 X113.81 Y161.168 E.01591
G1 X112.857 Y161.168 E.01195
G1 X111.905 Y161.168 E.00796
G1 X110.952 Y161.168 E.00398
G1 X110.09 Y161.168 E.07565
;LAYER_CHANGE
;Z:8.94
;HEIGHT:0.36
;BEFORE_LAYER_CHANGE
G92 E0
;8.94


;WIPE_START
G1 F9600
G1 X110 Y161.168 E-.01603
G1 X105.599 Y161.168 E-.78397
;WIPE_END
G1 Z8.94 F12000
;AFTER_LAYER_CHANGE
;8.94
G1 X130 Y160.582
G1 Z8.58
G1 E.8 F1800
G1 F2661
G1 X129 Y160.582 Z8.598 E.00439
G1 X128 Y160.582 Z8.616 E.00878
G1 X127 Y160.582 Z8.634 E.01316
G1 X126 Y160.582 Z8.652 E.01755
G1 X125 Y160.582 Z8.67 E.02194
G1 X124 Y160.582 Z8.688 E.02633
G1 X123 Y160.582 Z8.706 E.03072
G1 X122 Y160.582 Z8.724 E.03511
G1 X121 Y160.582 Z8.742 E.03949
G1 X120 Y160.582 Z8.76 E.04388
G1 X119 Y160.582 Z8.778 E.04827
G1 X118 Y160.582 Z8.796 E.05266
G1 X117 Y160.582 Z8.814 E.05705
G1 X116 Y160.582 Z8.832 E.06143
G1 X115 Y160.582 Z8.85 E.06582
G1 X114 Y160.582 Z8.868 E.07021
G1 X113 Y160.582 Z8.886 E.0746
G1 X112 Y160.582 Z8.904 E.07899
G1 X111 Y160.582 Z8.922 E.08337
G1 X110 Y160.582 Z8.94 E.08776
G1 X57.211 Y160.582 E4.6329
;WIDTH:0.697791
G1 X57.03 Y160.54 E.01726
G1 X56.918 Y160.38 E.01814
;WIDTH:0.663629
G1 X56.918 Y59.711 E8.83498
;WIDTH:0.697791
G1 X56.96 Y59.53 E.01726
G1 X57.12 Y59.418 E.01814
;WIDTH:0.663627
G1 X162.789 Y59.419 E9.27376
;WIDTH:0.697759
G1 X162.967 Y59.457 E.0169
G1 X163.04 Y59.53 E.00959
G1 X163.082 Y59.711 E.01726
;WIDTH:0.663629
G1 X163.082 Y160.289 E8.82699
;WIDTH:0.69779
G1 X163.04 Y160.47 E.01726
G1 X162.97 Y160.54 E.00919
G1 X162.789 Y160.582 E.01726
;WIDTH:0.663629
G1 X130 Y160.582 E2.87765
G1 X129 Y160.582 E.08337
G1 X128 Y160.582 E.07899
G1 X127 Y160.582 E.0746
G1 X126 Y160.582 E.07021
G1 X125 Y160.582 E.06582
G1 X124 Y160.582 E.06143
G1 X123 Y160.582 E.05705
G1 X122 Y160.582 E.05266
G1 X121 Y160.582 E.04827
G1 X120 Y160.582 E.04388
G1 X119 Y160.582 E.03949
G1 X118 Y160.582 E.03511
G1 X117 Y160.582 E.03072
G1 X116 Y160.582 E.02633
G1 X115 Y160.582 E.02194
G1 X114 Y160.582 E.01755
G1 X113 Y160.582 E.01316
G1 X112 Y160.582 E.00878
G1 X111 Y160.582 E.00439
G1 X110.09 Y160.582 E.07986
;WIPE_START
G1 F9600
G1 X110 Y160.582 E-.01603
G1 X105.599 Y160.582 E-.78397
;WIPE_END
G1 X130 Y161.168 F12000
G1 Z8.58
G1 E.8 F1800
G1 F2661
G1 X129 Y161.168 Z8.598 E.00439
G1 X128 Y161.168 Z8.616 E.00878
G1 X127 Y161.168 Z8.634 E.01316
G1 X126 Y161.168 Z8.652 E.01755
G1 X125 Y161.168 Z8.67 E.02194
G1 X124 Y161.168 Z8.688 E.02633
G1 X123 Y161.168 Z8.706 E.03072
G1 X122 Y161.168 Z8.724 E.03511
G1 X121 Y161.168 Z8.742 E.03949
G1 X120 Y161.168 Z8.76 E.04388
G1 X119 Y161.168 Z8.778 E.04827
G1 X118 Y161.168 Z8.796 E.05266
G1 X117 Y161.168 Z8.814 E.05705
G1 X116 Y161.168 Z8.832 E.06143
G1 X115 Y161.168 Z8.85 E.06582
G1 X114 Y161.168 Z8.868 E.07021
G1 X113 Y161.168 Z8.886 E.0746
G1 X112 Y161.168 Z8.904 E.07899
G1 X111 Y161.168 Z8.922 E.08337
G1 X110 Y161.168 Z8.94 E.08776
G1 X57.049 Y161.168 E4.64712
;WIDTH:0.697791
G1 X56.67 Y161.046 E.03698
G1 X56.454 Y160.83 E.02837
G1 X56.364 Y160.582 E.0245
;WIDTH:0.676863
G1 X56.332 Y160.289 E.02645
;WIDTH:0.663629
G1 X56.332 Y59.549 E8.84121
;WIDTH:0.697791
G1 X56.454 Y59.17 E.03698
G1 X56.67 Y58.954 E.02837
G1 X56.918 Y58.864 E.0245
;WIDTH:0.676864
G1 X57.211 Y58.832 E.02645
;WIDTH:0.663627
G1 X162.949 Y58.834 E9.27982
;WIDTH:0.697759
G1 X163.22 Y58.902 E.02595
;WIDTH:0.70246
G1 X163.41 Y59.013 E.02059
G1 X163.582 Y59.221 E.02526
;WIDTH:0.69779
G1 X163.668 Y59.711 E.0462
;WIDTH:0.663629
G1 X163.668 Y160.451 E8.84121
;WIDTH:0.69779
G1 X163.546 Y160.83 E.03698
G1 X163.33 Y161.046 E.02837
G1 X162.997 Y161.157 E.0326
;WIDTH:0.672463
G1 X162.789 Y161.168 E.01856
;WIDTH:0.663629
G1 X130 Y161.168 E2.87765
G1 X129 Y161.168 E.08337
G1 X128 Y161.168 E.07899
G1 X127 Y161.168 E.0746
G1 X126 Y161.168 E.07021
G1 X125 Y161.168 E.06582
G1 X124 Y161.168 E.06143
G1 X123 Y161.168 E.05705
G1 X122 Y161.168 E.05266
G1 X121 Y161.168 E.04827
G1 X120 Y161.168 E.04388
G1 X119 Y161.168 E.03949
G1 X118 Y161.168 E.03511
G1 X117 Y161.168 E.03072
G1 X116 Y161.168 E.02633
G1 X115 Y161.168 E.02194
G1 X114 Y161.168 E.01755
G1 X113 Y161.168 E.01316
G1 X112 Y161.168 E.00878
G1 X111 Y161.168 E.00439
G1 X110.09 Y161.168 E.07986
;LAYER_CHANGE
;Z:9.3
;HEIGHT:0.360001
;BEFORE_LAYER_CHANGE
G92 E0
;9.3


;WIPE_START
G1 F9600
G1 X110 Y161.168 E-.01603
G1 X105.599 Y161.168 E-.78397
;WIPE_END
G1 Z9.3 F12000
;AFTER_LAYER_CHANGE
;9.3
G1 X130 Y160.582
G1 Z8.94
G1 E.8 F1800
G1 F2661
G1 X129 Y160.582 Z8.958 E.00439
G1 X128 Y160.582 Z8.976 E.00878
G1 X127 Y160.582 Z8.994 E.01316
G1 X126 Y160.582 Z9.012 E.01755
G1 X125 Y160.582 Z9.03 E.02194
G1 X124 Y160.582 Z9.048 E.02633
G1 X123 Y160.582 Z9.066 E.03072
G1 X122 Y160.582 Z9.084 E.03511
G1 X121 Y160.582 Z9.102 E.03949
G1 X120 Y160.582 Z9.12 E.04388
G1 X119 Y160.582 Z9.138 E.04827
G1 X118 Y160.582 Z9.156 E.05266
G1 X117 Y160.582 Z9.174 E.05705
G1 X116 Y160.582 Z9.192 E.06143
G1 X115 Y160.582 Z9.21 E.06582
G1 X114 Y160.582 Z9.228 E.07021
G1 X113 Y160.582 Z9.246 E.0746
G1 X112 Y160.582 Z9.264 E.07899
G1 X111 Y160.582 Z9.282 E.08337
G1 X110 Y160.582 Z9.3 E.08776
G1 X57.211 Y160.582 E4.6329
;WIDTH:0.697791
G1 X57.03 Y160.54 E.01726
G1 X56.918 Y160.38 E.01814
;WIDTH:0.663629
G1 X56.918 Y59.711 E8.83498
;WIDTH:0.69779
G1 X56.96 Y59.53 E.01726
;WIDTH:0.702509
G1 X57.166 Y59.418 E.02194
;WIDTH:0.663626
G1 X162.789 Y59.419 E9.26971
;WIDTH:0.697759
G1 X162.967 Y59.457 E.0169
G1 X163.04 Y59.53 E.00959
G1 X163.082 Y59.711 E.01726
;WIDTH:0.663629
G1 X163.082 Y160.289 E8.82699
;WIDTH:0.69779
G1 X163.04 Y160.47 E.01726
G1 X162.97 Y160.54 E.00919
G1 X162.789 Y160.582 E.01726
;WIDTH:0.663629
G1 X130 Y160.582 E2.87765
G1 X129 Y160.582 E.08337
G1 X128 Y160.582 E.07899
G1 X127 Y160.582 E.0746
G1 X126 Y160.582 E.07021
G1 X125 Y160.582 E.06582
G1 X124 Y160.582 E.06143
G1 X123 Y160.582 E.05705
G1 X122 Y160.582 E.05266
G1 X121 Y160.582 E.04827
G1 X120 Y160.582 E.04388
G1 X119 Y160.582 E.03949
G1 X118 Y160.582 E.03511
G1 X117 Y160.582 E.03072
G1 X116 Y160.582 E.02633
G1 X115 Y160.582 E.02194
G1 X114 Y160.582 E.01755
G1 X113 Y160.582 E.01316
G1 X112 Y160.582 E.00878
G1 X111 Y160.582 E.00439
G1 X110.09 Y160.582 E.07986
;WIPE_START
G1 F9600
G1 X110 Y160.582 E-.01603
G1 X105.599 Y160.582 E-.78397
;WIPE_END
G1 X130 Y161.168 F12000
G1 Z8.94
G1 E.8 F1800
G1 F2661
G1 X129.048 Y161.168 Z8.957 E.00398
G1 X128.095 Y161.168 Z8.974 E.00797
G1 X127.143 Y161.168 Z8.991 E.01194
G1 X126.19 Y161.168 Z9.009 E.01593
G1 X125.238 Y161.168 Z9.026 E.01989
G1 X124.286 Y161.168 Z9.043 E.02387
G1 X123.333 Y161.168 Z9.06 E.02788
G1 X122.381 Y161.168 Z9.077 E.03183
G1 X121.429 Y161.168 Z9.094 E.03581
G1 X120.476 Y161.168 Z9.111 E.03983
G1 X119.524 Y161.168 Z9.129 E.04376
G1 X118.571 Y161.168 Z9.146 E.04779
G1 X117.619 Y161.168 Z9.163 E.05172
G1 X116.667 Y161.168 Z9.18 E.0557
G1 X115.714 Y161.168 Z9.197 E.05974
G1 X114.762 Y161.168 Z9.214 E.06366
G1 X113.81 Y161.168 Z9.231 E.06764
G1 X112.857 Y161.168 Z9.249 E.07169
G1 X111.905 Y161.168 Z9.266 E.07559
G1 X110.952 Y161.168 Z9.283 E.07966
G1 X110 Y161.168 Z9.3 E.08355
G1 X57.049 Y161.168 E4.64712
;WIDTH:0.697791
G1 X56.67 Y161.046 E.03698
G1 X56.454 Y160.83 E.02837
G1 X56.364 Y160.582 E.0245
;WIDTH:0.676864
G1 X56.332 Y160.289 E.02645
;WIDTH:0.663629
G1 X56.332 Y59.549 E8.84121
;WIDTH:0.697791
G1 X56.454 Y59.17 E.03698
G1 X56.67 Y58.954 E.02837
G1 X56.918 Y58.864 E.0245
;WIDTH:0.676864
G1 X57.211 Y58.832 E.02645
;WIDTH:0.663626
G1 X162.95 Y58.834 E9.27989
;WIDTH:0.697759
G1 X163.22 Y58.902 E.02586
;WIDTH:0.70246
G1 X163.41 Y59.013 E.02059
G1 X163.582 Y59.221 E.02526
;WIDTH:0.69779
G1 X163.668 Y59.711 E.0462
;WIDTH:0.663629
G1 X163.668 Y160.451 E8.84121
;WIDTH:0.697789
G1 X163.546 Y160.83 E.03698
G1 X163.33 Y161.046 E.02837
G1 X162.997 Y161.157 E.0326
;WIDTH:0.672463
G1 X162.789 Y161.168 E.01856
;WIDTH:0.663629
G1 X130 Y161.168 E2.87765
G1 X129.048 Y161.168 E.07957
G1 X128.095 Y161.168 E.07567
G1 X127.143 Y161.168 E.07161
G1 X126.19 Y161.168 E.06771
G1 X125.238 Y161.168 E.06366
G1 X124.286 Y161.168 E.05968
G1 X123.333 Y161.168 E.05576
G1 X122.381 Y161.168 E.05172
G1 X121.429 Y161.168 E.04774
G1 X120.476 Y161.168 E.04381
G1 X119.524 Y161.168 E.03979
G1 X118.571 Y161.168 E.03584
G1 X117.619 Y161.168 E.03183
G1 X116.667 Y161.168 E.02785
G1 X115.714 Y161.168 E.0239
G1 X114.762 Y161.168 E.01989
G1 X113.81 Y161.168 E.01591
G1 X112.857 Y161.168 E.01195
G1 X111.905 Y161.168 E.00796
G1 X110.952 Y161.168 E.00398
G1 X110.09 Y161.168 E.07565
;LAYER_CHANGE
;Z:9.66
;HEIGHT:0.36
;BEFORE_LAYER_CHANGE
G92 E0
;9.66


;WIPE_START
G1 F9600
G1 X110 Y161.168 E-.01603
G1 X105.599 Y161.168 E-.78397
;WIPE_END
G1 Z9.66 F12000
;AFTER_LAYER_CHANGE
;9.66
G1 X130 Y160.582
G1 Z9.3
G1 E.8 F1800
G1 F2661
G1 X129 Y160.582 Z9.318 E.00439
G1 X128 Y160.582 Z9.336 E.00878
G1 X127 Y160.582 Z9.354 E.01316
G1 X126 Y160.582 Z9.372 E.01755
G1 X125 Y160.582 Z9.39 E.02194
G1 X124 Y160.582 Z9.408 E.02633
G1 X123 Y160.582 Z9.426 E.03072
G1 X122 Y160.582 Z9.444 E.03511
G1 X121 Y160.582 Z9.462 E.03949
G1 X120 Y160.582 Z9.48 E.04388
G1 X119 Y160.582 Z9.498 E.04827
G1 X118 Y160.582 Z9.516 E.05266
G1 X117 Y160.582 Z9.534 E.05705
G1 X116 Y160.582 Z9.552 E.06143
G1 X115 Y160.582 Z9.57 E.06582
G1 X114 Y160.582 Z9.588 E.07021
G1 X113 Y160.582 Z9.606 E.0746
G1 X112 Y160.582 Z9.624 E.07899
G1 X111 Y160.582 Z9.642 E.08337
G1 X110 Y160.582 Z9.66 E.08776
G1 X57.211 Y160.582 E4.6329
;WIDTH:0.69779
G1 X57.03 Y160.54 E.01726
G1 X56.918 Y160.38 E.01814
;WIDTH:0.663629
G1 X56.918 Y59.711 E8.83498
;WIDTH:0.69779
G1 X56.96 Y59.53 E.01726
G1 X57.12 Y59.418 E.01814
;WIDTH:0.663626
G1 X162.789 Y59.419 E9.27374
;WIDTH:0.697758
G1 X162.967 Y59.457 E.0169
G1 X163.04 Y59.53 E.00959
G1 X163.082 Y59.711 E.01726
;WIDTH:0.663629
G1 X163.082 Y160.289 E8.82699
;WIDTH:0.69779
G1 X163.04 Y160.47 E.01726
G1 X162.97 Y160.54 E.00919
G1 X162.789 Y160.582 E.01726
;WIDTH:0.663629
G1 X130 Y160.582 E2.87765
G1 X129 Y160.582 E.08337
G1 X128 Y160.582 E.07899
G1 X127 Y160.582 E.0746
G1 X126 Y160.582 E.07021
G1 X125 Y160.582 E.06582
G1 X124 Y160.582 E.06143
G1 X123 Y160.582 E.05705
G1 X122 Y160.582 E.05266
G1 X121 Y160.582 E.04827
G1 X120 Y160.582 E.04388
G1 X119 Y160.582 E.03949
G1 X118 Y160.582 E.03511
G1 X117 Y160.582 E.03072
G1 X116 Y160.582 E.02633
G1 X115 Y160.582 E.02194
G1 X114 Y160.582 E.01755
G1 X113 Y160.582 E.01316
G1 X112 Y160.582 E.00878
G1 X111 Y160.582 E.00439
G1 X110.09 Y160.582 E.07986
;WIPE_START
G1 F9600
G1 X110 Y160.582 E-.01603
G1 X105.599 Y160.582 E-.78397
;WIPE_END
G1 X130 Y161.168 F12000
G1 Z9.3
G1 E.8 F1800
G1 F2661
G1 X129.048 Y161.168 Z9.317 E.00398
G1 X128.095 Y161.168 Z9.334 E.00797
G1 X127.143 Y161.168 Z9.351 E.01194
G1 X126.19 Y161.168 Z9.369 E.01593
G1 X125.238 Y161.168 Z9.386 E.01989
G1 X124.286 Y161.168 Z9.403 E.02387
G1 X123.333 Y161.168 Z9.42 E.02788
G1 X122.381 Y161.168 Z9.437 E.03183
G1 X121.429 Y161.168 Z9.454 E.03581
G1 X120.476 Y161.168 Z9.471 E.03983
G1 X119.524 Y161.168 Z9.489 E.04376
G1 X118.571 Y161.168 Z9.506 E.04779
G1 X117.619 Y161.168 Z9.523 E.05172
G1 X116.667 Y161.168 Z9.54 E.0557
G1 X115.714 Y161.168 Z9.557 E.05974
G1 X114.762 Y161.168 Z9.574 E.06366
G1 X113.81 Y161.168 Z9.591 E.06764
G1 X112.857 Y161.168 Z9.609 E.07169
G1 X111.905 Y161.168 Z9.626 E.07559
G1 X110.952 Y161.168 Z9.643 E.07966
G1 X110 Y161.168 Z9.66 E.08355
G1 X57.049 Y161.168 E4.64712
;WIDTH:0.697791
G1 X56.67 Y161.046 E.03698
G1 X56.454 Y160.83 E.02837
G1 X56.364 Y160.582 E.0245
;WIDTH:0.676865
G1 X56.332 Y160.289 E.02645
;WIDTH:0.663629
G1 X56.332 Y59.549 E8.84121
;WIDTH:0.69779
G1 X56.454 Y59.17 E.03698
G1 X56.67 Y58.954 E.02837
G1 X56.918 Y58.864 E.0245
;WIDTH:0.676864
G1 X57.211 Y58.832 E.02645
;WIDTH:0.663626
G1 X162.951 Y58.834 E9.27998
;WIDTH:0.69776
G1 X163.22 Y58.902 E.02577
;WIDTH:0.70246
G1 X163.41 Y59.013 E.02059
G1 X163.582 Y59.221 E.02526
;WIDTH:0.69779
G1 X163.668 Y59.711 E.0462
;WIDTH:0.663629
G1 X163.668 Y160.451 E8.84121
;WIDTH:0.697789
G1 X163.546 Y160.83 E.03698
G1 X163.33 Y161.046 E.02837
G1 X162.997 Y161.157 E.0326
;WIDTH:0.672463
G1 X162.789 Y161.168 E.01856
;WIDTH:0.663629
G1 X130 Y161.168 E2.87765
G1 X129.048 Y161.168 E.07957
G1 X128.095 Y161.168 E.07567
G1 X127.143 Y161.168 E.07161
G1 X126.19 Y161.168 E.06771
G1 X125.238 Y161.168 E.06366
G1 X124.286 Y161.168 E.05968
G1 X123.333 Y161.168 E.05576
G1 X122.381 Y161.168 E.05172
G1 X121.429 Y161.168 E.04774
G1 X120.476 Y161.168 E.04381
G1 X119.524 Y161.168 E.03979
G1 X118.571 Y161.168 E.03584
G1 X117.619 Y161.168 E.03183
G1 X116.667 Y161.168 E.02785
G1 X115.714 Y161.168 E.0239
G1 X114.762 Y161.168 E.01989
G1 X113.81 Y161.168 E.01591
G1 X112.857 Y161.168 E.01195
G1 X111.905 Y161.168 E.00796
G1 X110.952 Y161.168 E.00398
G1 X110.09 Y161.168 E.07565
;LAYER_CHANGE
;Z:10.02
;HEIGHT:0.360001
;BEFORE_LAYER_CHANGE
G92 E0
;10.02


;WIPE_START
G1 F9600
G1 X110 Y161.168 E-.01603
G1 X105.599 Y161.168 E-.78397
;WIPE_END
G1 Z10.02 F12000
;AFTER_LAYER_CHANGE
;10.02
G1 X130 Y160.582
G1 Z9.66
G1 E.8 F1800
G1 F2661
G1 X129 Y160.582 Z9.678 E.00439
G1 X128 Y160.582 Z9.696 E.00878
G1 X127 Y160.582 Z9.714 E.01316
G1 X126 Y160.582 Z9.732 E.01755
G1 X125 Y160.582 Z9.75 E.02194
G1 X124 Y160.582 Z9.768 E.02633
G1 X123 Y160.582 Z9.786 E.03072
G1 X122 Y160.582 Z9.804 E.03511
G1 X121 Y160.582 Z9.822 E.03949
G1 X120 Y160.582 Z9.84 E.04388
G1 X119 Y160.582 Z9.858 E.04827
G1 X118 Y160.582 Z9.876 E.05266
G1 X117 Y160.582 Z9.894 E.05705
G1 X116 Y160.582 Z9.912 E.06143
G1 X115 Y160.582 Z9.93 E.06582
G1 X114 Y160.582 Z9.948 E.07021
G1 X113 Y160.582 Z9.966 E.0746
G1 X112 Y160.582 Z9.984 E.07899
G1 X111 Y160.582 Z10.002 E.08337
G1 X110 Y160.582 Z10.02 E.08776
G1 X57.211 Y160.582 E4.6329
;WIDTH:0.69779
G1 X57.03 Y160.54 E.01726
G1 X56.918 Y160.38 E.01814
;WIDTH:0.663629
G1 X56.918 Y59.711 E8.83498
;WIDTH:0.69779
G1 X56.96 Y59.53 E.01726
;WIDTH:0.70251
G1 X57.166 Y59.418 E.02194
;WIDTH:0.663626
G1 X162.789 Y59.419 E9.26971
;WIDTH:0.697758
G1 X162.967 Y59.457 E.0169
G1 X163.04 Y59.53 E.00959
G1 X163.082 Y59.711 E.01726
;WIDTH:0.663629
G1 X163.082 Y160.289 E8.82699
;WIDTH:0.697789
G1 X163.04 Y160.47 E.01726
G1 X162.97 Y160.54 E.00919
G1 X162.789 Y160.582 E.01726
;WIDTH:0.663629
G1 X130 Y160.582 E2.87765
G1 X129 Y160.582 E.08337
G1 X128 Y160.582 E.07899
G1 X127 Y160.582 E.0746
G1 X126 Y160.582 E.07021
G1 X125 Y160.582 E.06582
G1 X124 Y160.582 E.06143
G1 X123 Y160.582 E.05705
G1 X122 Y160.582 E.05266
G1 X121 Y160.582 E.04827
G1 X120 Y160.582 E.04388
G1 X119 Y160.582 E.03949
G1 X118 Y160.582 E.03511
G1 X117 Y160.582 E.03072
G1 X116 Y160.582 E.02633
G1 X115 Y160.582 E.02194
G1 X114 Y160.582 E.01755
G1 X113 Y160.582 E.01316
G1 X112 Y160.582 E.00878
G1 X111 Y160.582 E.00439
G1 X110.09 Y160.582 E.07986
;WIPE_START
G1 F9600
G1 X110 Y160.582 E-.01603
G1 X105.599 Y160.582 E-.78397
;WIPE_END
G1 X130 Y161.168 F12000
G1 Z9.66
G1 E.8 F1800
G1 F2661
G1 X129.048 Y161.168 Z9.677 E.00398
G1 X128.095 Y161.168 Z9.694 E.00797
G1 X127.143 Y161.168 Z9.711 E.01194
G1 X126.19 Y161.168 Z9.729 E.01593
G1 X125.238 Y161.168 Z9.746 E.01989
G1 X124.286 Y161.168 Z9.763 E.02387
G1 X123.333 Y161.168 Z9.78 E.02788
G1 X122.381 Y161.168 Z9.797 E.03183
G1 X121.429 Y161.168 Z9.814 E.03581
G1 X120.476 Y161.168 Z9.831 E.03983
G1 X119.524 Y161.168 Z9.849 E.04376
G1 X118.571 Y161.168 Z9.866 E.04779
G1 X117.619 Y161.168 Z9.883 E.05172
G1 X116.667 Y161.168 Z9.9 E.0557
G1 X115.714 Y161.168 Z9.917 E.05974
G1 X114.762 Y161.168 Z9.934 E.06366
G1 X113.81 Y161.168 Z9.951 E.06764
G1 X112.857 Y161.168 Z9.969 E.07169
G1 X111.905 Y161.168 Z9.986 E.07559
G1 X110.952 Y161.168 Z10.003 E.07966
G1 X110 Y161.168 Z10.02 E.08355
G1 X57.049 Y161.168 E4.64712
;WIDTH:0.697791
G1 X56.67 Y161.046 E.03698
G1 X56.454 Y160.83 E.02837
G1 X56.364 Y160.582 E.0245
;WIDTH:0.676863
G1 X56.332 Y160.289 E.02645
;WIDTH:0.663629
G1 X56.332 Y59.549 E8.84121
;WIDTH:0.697792
G1 X56.454 Y59.17 E.03698
G1 X56.67 Y58.954 E.02837
G1 X56.918 Y58.864 E.0245
;WIDTH:0.676864
G1 X57.211 Y58.832 E.02645
;WIDTH:0.663626
G1 X162.953 Y58.834 E9.28015
;WIDTH:0.69776
G1 X163.22 Y58.902 E.02559
;WIDTH:0.702459
G1 X163.41 Y59.013 E.02059
G1 X163.582 Y59.221 E.02526
;WIDTH:0.69779
G1 X163.668 Y59.711 E.0462
;WIDTH:0.663629
G1 X163.668 Y160.451 E8.84121
;WIDTH:0.697789
G1 X163.546 Y160.83 E.03698
G1 X163.33 Y161.046 E.02837
G1 X162.997 Y161.157 E.0326
;WIDTH:0.672463
G1 X162.789 Y161.168 E.01856
;WIDTH:0.663629
G1 X130 Y161.168 E2.87765
G1 X129.048 Y161.168 E.07957
G1 X128.095 Y161.168 E.07567
G1 X127.143 Y161.168 E.07161
G1 X126.19 Y161.168 E.06771
G1 X125.238 Y161.168 E.06366
G1 X124.286 Y161.168 E.05968
G1 X123.333 Y161.168 E.05576
G1 X122.381 Y161.168 E.05172
G1 X121.429 Y161.168 E.04774
G1 X120.476 Y161.168 E.04381
G1 X119.524 Y161.168 E.03979
G1 X118.571 Y161.168 E.03584
G1 X117.619 Y161.168 E.03183
G1 X116.667 Y161.168 E.02785
G1 X115.714 Y161.168 E.0239
G1 X114.762 Y161.168 E.01989
G1 X113.81 Y161.168 E.01591
G1 X112.857 Y161.168 E.01195
G1 X111.905 Y161.168 E.00796
G1 X110.952 Y161.168 E.00398
G1 X110.09 Y161.168 E.07565
;LAYER_CHANGE
;Z:10.38
;HEIGHT:0.36
;BEFORE_LAYER_CHANGE
G92 E0
;10.38


;WIPE_START
G1 F9600
G1 X110 Y161.168 E-.01603
G1 X105.599 Y161.168 E-.78397
;WIPE_END
G1 Z10.38 F12000
;AFTER_LAYER_CHANGE
;10.38
G1 X130 Y160.582
G1 Z10.02
G1 E.8 F1800
G1 F2661
G1 X129 Y160.582 Z10.038 E.00439
G1 X128 Y160.582 Z10.056 E.00878
G1 X127 Y160.582 Z10.074 E.01316
G1 X126 Y160.582 Z10.092 E.01755
G1 X125 Y160.582 Z10.11 E.02194
G1 X124 Y160.582 Z10.128 E.02633
G1 X123 Y160.582 Z10.146 E.03072
G1 X122 Y160.582 Z10.164 E.03511
G1 X121 Y160.582 Z10.182 E.03949
G1 X120 Y160.582 Z10.2 E.04388
G1 X119 Y160.582 Z10.218 E.04827
G1 X118 Y160.582 Z10.236 E.05266
G1 X117 Y160.582 Z10.254 E.05705
G1 X116 Y160.582 Z10.272 E.06143
G1 X115 Y160.582 Z10.29 E.06582
G1 X114 Y160.582 Z10.308 E.07021
G1 X113 Y160.582 Z10.326 E.0746
G1 X112 Y160.582 Z10.344 E.07899
G1 X111 Y160.582 Z10.362 E.08337
G1 X110 Y160.582 Z10.38 E.08776
G1 X57.211 Y160.582 E4.6329
;WIDTH:0.697791
G1 X57.03 Y160.54 E.01726
G1 X56.918 Y160.38 E.01814
;WIDTH:0.663629
G1 X56.918 Y59.711 E8.83498
;WIDTH:0.697791
G1 X56.96 Y59.53 E.01726
;WIDTH:0.702509
G1 X57.166 Y59.418 E.02194
;WIDTH:0.663626
G1 X162.789 Y59.419 E9.26971
;WIDTH:0.697759
G1 X162.967 Y59.457 E.0169
G1 X163.04 Y59.53 E.00959
G1 X163.082 Y59.711 E.01726
;WIDTH:0.663629
G1 X163.082 Y160.289 E8.82699
;WIDTH:0.69779
G1 X163.04 Y160.47 E.01726
G1 X162.97 Y160.54 E.00919
G1 X162.789 Y160.582 E.01726
;WIDTH:0.663629
G1 X130 Y160.582 E2.87765
G1 X129 Y160.582 E.08337
G1 X128 Y160.582 E.07899
G1 X127 Y160.582 E.0746
G1 X126 Y160.582 E.07021
G1 X125 Y160.582 E.06582
G1 X124 Y160.582 E.06143
G1 X123 Y160.582 E.05705
G1 X122 Y160.582 E.05266
G1 X121 Y160.582 E.04827
G1 X120 Y160.582 E.04388
G1 X119 Y160.582 E.03949
G1 X118 Y160.582 E.03511
G1 X117 Y160.582 E.03072
G1 X116 Y160.582 E.02633
G1 X115 Y160.582 E.02194
G1 X114 Y160.582 E.01755
G1 X113 Y160.582 E.01316
G1 X112 Y160.582 E.00878
G1 X111 Y160.582 E.00439
G1 X110.09 Y160.582 E.07986
;WIPE_START
G1 F9600
G1 X110 Y160.582 E-.01603
G1 X105.599 Y160.582 E-.78397
;WIPE_END
G1 X130 Y161.168 F12000
G1 Z10.02
G1 E.8 F1800
G1 F2661
G1 X129 Y161.168 Z10.038 E.00439
G1 X128 Y161.168 Z10.056 E.00878
G1 X127 Y161.168 Z10.074 E.01316
G1 X126 Y161.168 Z10.092 E.01755
G1 X125 Y161.168 Z10.11 E.02194
G1 X124 Y161.168 Z10.128 E.02633
G1 X123 Y161.168 Z10.146 E.03072
G1 X122 Y161.168 Z10.164 E.03511
G1 X121 Y161.168 Z10.182 E.03949
G1 X120 Y161.168 Z10.2 E.04388
G1 X119 Y161.168 Z10.218 E.04827
G1 X118 Y161.168 Z10.236 E.05266
G1 X117 Y161.168 Z10.254 E.05705
G1 X116 Y161.168 Z10.272 E.06143
G1 X115 Y161.168 Z10.29 E.06582
G1 X114 Y161.168 Z10.308 E.07021
G1 X113 Y161.168 Z10.326 E.0746
G1 X112 Y161.168 Z10.344 E.07899
G1 X111 Y161.168 Z10.362 E.08337
G1 X110 Y161.168 Z10.38 E.08776
G1 X57.049 Y161.168 E4.64712
;WIDTH:0.69779
G1 X56.67 Y161.046 E.03698
G1 X56.454 Y160.83 E.02837
G1 X56.364 Y160.582 E.0245
;WIDTH:0.676864
G1 X56.332 Y160.289 E.02645
;WIDTH:0.663629
G1 X56.332 Y59.549 E8.84121
;WIDTH:0.69779
G1 X56.454 Y59.17 E.03698
G1 X56.67 Y58.954 E.02837
G1 X56.918 Y58.864 E.0245
;WIDTH:0.676864
G1 X57.211 Y58.832 E.02645
;WIDTH:0.663626
G1 X162.954 Y58.834 E9.28024
;WIDTH:0.69776
G1 X163.22 Y58.902 E.0255
;WIDTH:0.702461
G1 X163.41 Y59.013 E.02059
G1 X163.582 Y59.221 E.02526
;WIDTH:0.69779
G1 X163.668 Y59.711 E.0462
;WIDTH:0.663629
G1 X163.668 Y160.451 E8.84121
;WIDTH:0.697789
G1 X163.546 Y160.83 E.03698
G1 X163.33 Y161.046 E.02837
G1 X162.997 Y161.157 E.0326
;WIDTH:0.672463
G1 X162.789 Y161.168 E.01856
;WIDTH:0.663629
G1 X130 Y161.168 E2.87765
G1 X129 Y161.168 E.08337
G1 X128 Y161.168 E.07899
G1 X127 Y161.168 E.0746
G1 X126 Y161.168 E.07021
G1 X125 Y161.168 E.06582
G1 X124 Y161.168 E.06143
G1 X123 Y161.168 E.05705
G1 X122 Y161.168 E.05266
G1 X121 Y161.168 E.04827
G1 X120 Y161.168 E.04388
G1 X119 Y161.168 E.03949
G1 X118 Y161.168 E.03511
G1 X117 Y161.168 E.03072
G1 X116 Y161.168 E.02633
G1 X115 Y161.168 E.02194
G1 X114 Y161.168 E.01755
G1 X113 Y161.168 E.01316
G1 X112 Y161.168 E.00878
G1 X111 Y161.168 E.00439
G1 X110.09 Y161.168 E.07986
;LAYER_CHANGE
;Z:10.74
;HEIGHT:0.36
;BEFORE_LAYER_CHANGE
G92 E0
;10.74


;WIPE_START
G1 F9600
G1 X110 Y161.168 E-.01603
G1 X105.599 Y161.168 E-.78397
;WIPE_END
G1 Z10.74 F12000
;AFTER_LAYER_CHANGE
;10.74
G1 X130 Y160.582
G1 Z10.38
G1 E.8 F1800
G1 F2661
G1 X129 Y160.582 Z10.398 E.00439
G1 X128 Y160.582 Z10.416 E.00878
G1 X127 Y160.582 Z10.434 E.01316
G1 X126 Y160.582 Z10.452 E.01755
G1 X125 Y160.582 Z10.47 E.02194
G1 X124 Y160.582 Z10.488 E.02633
G1 X123 Y160.582 Z10.506 E.03072
G1 X122 Y160.582 Z10.524 E.03511
G1 X121 Y160.582 Z10.542 E.03949
G1 X120 Y160.582 Z10.56 E.04388
G1 X119 Y160.582 Z10.578 E.04827
G1 X118 Y160.582 Z10.596 E.05266
G1 X117 Y160.582 Z10.614 E.05705
G1 X116 Y160.582 Z10.632 E.06143
G1 X115 Y160.582 Z10.65 E.06582
G1 X114 Y160.582 Z10.668 E.07021
G1 X113 Y160.582 Z10.686 E.0746
G1 X112 Y160.582 Z10.704 E.07899
G1 X111 Y160.582 Z10.722 E.08337
G1 X110 Y160.582 Z10.74 E.08776
G1 X57.211 Y160.582 E4.6329
;WIDTH:0.69779
G1 X57.03 Y160.54 E.01726
G1 X56.918 Y160.38 E.01814
;WIDTH:0.663629
G1 X56.918 Y59.711 E8.83498
;WIDTH:0.697791
G1 X56.96 Y59.53 E.01726
G1 X57.03 Y59.46 E.00919
G1 X57.139 Y59.418 E.01085
;WIDTH:0.663626
G1 X162.789 Y59.419 E9.27208
;WIDTH:0.697759
G1 X162.967 Y59.457 E.0169
G1 X163.04 Y59.53 E.00959
G1 X163.082 Y59.711 E.01726
;WIDTH:0.663629
G1 X163.082 Y160.289 E8.82699
;WIDTH:0.697789
G1 X163.04 Y160.47 E.01726
G1 X162.97 Y160.54 E.00919
G1 X162.789 Y160.582 E.01726
;WIDTH:0.663629
G1 X130 Y160.582 E2.87765
G1 X129 Y160.582 E.08337
G1 X128 Y160.582 E.07899
G1 X127 Y160.582 E.0746
G1 X126 Y160.582 E.07021
G1 X125 Y160.582 E.06582
G1 X124 Y160.582 E.06143
G1 X123 Y160.582 E.05705
G1 X122 Y160.582 E.05266
G1 X121 Y160.582 E.04827
G1 X120 Y160.582 E.04388
G1 X119 Y160.582 E.03949
G1 X118 Y160.582 E.03511
G1 X117 Y160.582 E.03072
G1 X116 Y160.582 E.02633
G1 X115 Y160.582 E.02194
G1 X114 Y160.582 E.01755
G1 X113 Y160.582 E.01316
G1 X112 Y160.582 E.00878
G1 X111 Y160.582 E.00439
G1 X110.09 Y160.582 E.07986
;WIPE_START
G1 F9600
G1 X110 Y160.582 E-.01603
G1 X105.599 Y160.582 E-.78397
;WIPE_END
G1 X130 Y161.168 F12000
G1 Z10.38
G1 E.8 F1800
G1 F2661
G1 X129.048 Y161.168 Z10.397 E.00398
G1 X128.095 Y161.168 Z10.414 E.00797
G1 X127.143 Y161.168 Z10.431 E.01194
G1 X126.19 Y161.168 Z10.449 E.01593
G1 X125.238 Y161.168 Z10.466 E.01989
G1 X124.286 Y161.168 Z10.483 E.02387
G1 X123.333 Y161.168 Z10.5 E.02788
G1 X122.381 Y161.168 Z10.517 E.03183
G1 X121.429 Y161.168 Z10.534 E.03581
G1 X120.476 Y161.168 Z10.551 E.03983
G1 X119.524 Y161.168 Z10.569 E.04376
G1 X118.571 Y161.168 Z10.586 E.04779
G1 X117.619 Y161.168 Z10.603 E.05172
G1 X116.667 Y161.168 Z10.62 E.0557
G1 X115.714 Y161.168 Z10.637 E.05974
G1 X114.762 Y161.168 Z10.654 E.06366
G1 X113.81 Y161.168 Z10.671 E.06764
G1 X112.857 Y161.168 Z10.689 E.07169
G1 X111.905 Y161.168 Z10.706 E.07559
G1 X110.952 Y161.168 Z10.723 E.07966
G1 X110 Y161.168 Z10.74 E.08355
G1 X57.049 Y161.168 E4.64712
;WIDTH:0.697791
G1 X56.67 Y161.046 E.03698
G1 X56.454 Y160.83 E.02837
G1 X56.364 Y160.582 E.0245
;WIDTH:0.676864
G1 X56.332 Y160.289 E.02645
;WIDTH:0.663629
G1 X56.332 Y59.549 E8.84121
;WIDTH:0.697791
G1 X56.454 Y59.17 E.03698
G1 X56.67 Y58.954 E.02837
G1 X56.918 Y58.864 E.0245
;WIDTH:0.676864
G1 X57.211 Y58.832 E.02645
;WIDTH:0.663626
G1 X162.956 Y58.834 E9.28041
;WIDTH:0.69776
G1 X163.22 Y58.901 E.0253
;WIDTH:0.70246
G1 X163.41 Y59.013 E.02064
G1 X163.582 Y59.221 E.02526
;WIDTH:0.69779
G1 X163.668 Y59.711 E.0462
;WIDTH:0.663629
G1 X163.668 Y160.451 E8.84121
;WIDTH:0.69779
G1 X163.546 Y160.83 E.03698
G1 X163.33 Y161.046 E.02837
G1 X162.997 Y161.157 E.0326
;WIDTH:0.672462
G1 X162.789 Y161.168 E.01856
;WIDTH:0.663629
G1 X130 Y161.168 E2.87765
G1 X129.048 Y161.168 E.07957
G1 X128.095 Y161.168 E.07567
G1 X127.143 Y161.168 E.07161
G1 X126.19 Y161.168 E.06771
G1 X125.238 Y161.168 E.06366
G1 X124.286 Y161.168 E.05968
G1 X123.333 Y161.168 E.05576
G1 X122.381 Y161.168 E.05172
G1 X121.429 Y161.168 E.04774
G1 X120.476 Y161.168 E.04381
G1 X119.524 Y161.168 E.03979
G1 X118.571 Y161.168 E.03584
G1 X117.619 Y161.168 E.03183
G1 X116.667 Y161.168 E.02785
G1 X115.714 Y161.168 E.0239
G1 X114.762 Y161.168 E.01989
G1 X113.81 Y161.168 E.01591
G1 X112.857 Y161.168 E.01195
G1 X111.905 Y161.168 E.00796
G1 X110.952 Y161.168 E.00398
G1 X110.09 Y161.168 E.07565
;LAYER_CHANGE
;Z:11.1
;HEIGHT:0.360001
;BEFORE_LAYER_CHANGE
G92 E0
;11.1


;WIPE_START
G1 F9600
G1 X110 Y161.168 E-.01603
G1 X105.599 Y161.168 E-.78397
;WIPE_END
G1 Z11.1 F12000
;AFTER_LAYER_CHANGE
;11.1
G1 X130 Y160.582
G1 Z10.74
G1 E.8 F1800
G1 F2661
G1 X129 Y160.582 Z10.758 E.00439
G1 X128 Y160.582 Z10.776 E.00878
G1 X127 Y160.582 Z10.794 E.01316
G1 X126 Y160.582 Z10.812 E.01755
G1 X125 Y160.582 Z10.83 E.02194
G1 X124 Y160.582 Z10.848 E.02633
G1 X123 Y160.582 Z10.866 E.03072
G1 X122 Y160.582 Z10.884 E.03511
G1 X121 Y160.582 Z10.902 E.03949
G1 X120 Y160.582 Z10.92 E.04388
G1 X119 Y160.582 Z10.938 E.04827
G1 X118 Y160.582 Z10.956 E.05266
G1 X117 Y160.582 Z10.974 E.05705
G1 X116 Y160.582 Z10.992 E.06143
G1 X115 Y160.582 Z11.01 E.06582
G1 X114 Y160.582 Z11.028 E.07021
G1 X113 Y160.582 Z11.046 E.0746
G1 X112 Y160.582 Z11.064 E.07899
G1 X111 Y160.582 Z11.082 E.08337
G1 X110 Y160.582 Z11.1 E.08776
G1 X57.211 Y160.582 E4.6329
;WIDTH:0.69779
G1 X57.03 Y160.54 E.01726
G1 X56.918 Y160.38 E.01814
;WIDTH:0.663629
G1 X56.918 Y59.711 E8.83498
;WIDTH:0.697791
G1 X56.96 Y59.53 E.01726
G1 X57.03 Y59.46 E.00919
G1 X57.139 Y59.418 E.01085
;WIDTH:0.663626
G1 X162.789 Y59.419 E9.27208
;WIDTH:0.697758
G1 X162.967 Y59.457 E.0169
G1 X163.04 Y59.53 E.00959
G1 X163.082 Y59.711 E.01726
;WIDTH:0.663629
G1 X163.082 Y160.289 E8.82699
;WIDTH:0.697791
G1 X163.04 Y160.47 E.01726
G1 X162.97 Y160.54 E.00919
G1 X162.789 Y160.582 E.01726
;WIDTH:0.663629
G1 X130 Y160.582 E2.87765
G1 X129 Y160.582 E.08337
G1 X128 Y160.582 E.07899
G1 X127 Y160.582 E.0746
G1 X126 Y160.582 E.07021
G1 X125 Y160.582 E.06582
G1 X124 Y160.582 E.06143
G1 X123 Y160.582 E.05705
G1 X122 Y160.582 E.05266
G1 X121 Y160.582 E.04827
G1 X120 Y160.582 E.04388
G1 X119 Y160.582 E.03949
G1 X118 Y160.582 E.03511
G1 X117 Y160.582 E.03072
G1 X116 Y160.582 E.02633
G1 X115 Y160.582 E.02194
G1 X114 Y160.582 E.01755
G1 X113 Y160.582 E.01316
G1 X112 Y160.582 E.00878
G1 X111 Y160.582 E.00439
G1 X110.09 Y160.582 E.07986
;WIPE_START
G1 F9600
G1 X110 Y160.582 E-.01603
G1 X105.599 Y160.582 E-.78397
;WIPE_END
G1 X130 Y161.168 F12000
G1 Z10.74
G1 E.8 F1800
G1 F2661
G1 X129 Y161.168 Z10.758 E.00439
G1 X128 Y161.168 Z10.776 E.00878
G1 X127 Y161.168 Z10.794 E.01316
G1 X126 Y161.168 Z10.812 E.01755
G1 X125 Y161.168 Z10.83 E.02194
G1 X124 Y161.168 Z10.848 E.02633
G1 X123 Y161.168 Z10.866 E.03072
G1 X122 Y161.168 Z10.884 E.03511
G1 X121 Y161.168 Z10.902 E.03949
G1 X120 Y161.168 Z10.92 E.04388
G1 X119 Y161.168 Z10.938 E.04827
G1 X118 Y161.168 Z10.956 E.05266
G1 X117 Y161.168 Z10.974 E.05705
G1 X116 Y161.168 Z10.992 E.06143
G1 X115 Y161.168 Z11.01 E.06582
G1 X114 Y161.168 Z11.028 E.07021
G1 X113 Y161.168 Z11.046 E.0746
G1 X112 Y161.168 Z11.064 E.07899
G1 X111 Y161.168 Z11.082 E.08337
G1 X110 Y161.168 Z11.1 E.08776
G1 X57.049 Y161.168 E4.64712
;WIDTH:0.697791
G1 X56.67 Y161.046 E.03698
G1 X56.454 Y160.83 E.02837
G1 X56.364 Y160.582 E.0245
;WIDTH:0.676864
G1 X56.332 Y160.289 E.02645
;WIDTH:0.663629
G1 X56.332 Y59.549 E8.84121
;WIDTH:0.69779
G1 X56.454 Y59.17 E.03698
G1 X56.67 Y58.954 E.02837
G1 X56.918 Y58.864 E.0245
;WIDTH:0.676864
G1 X57.211 Y58.832 E.02645
;WIDTH:0.663626
G1 X162.957 Y58.834 E9.2805
;WIDTH:0.697761
G1 X163.22 Y58.901 E.02521
;WIDTH:0.70246
G1 X163.41 Y59.013 E.02064
G1 X163.582 Y59.221 E.02526
;WIDTH:0.697789
G1 X163.668 Y59.711 E.0462
;WIDTH:0.663629
G1 X163.668 Y160.451 E8.84121
;WIDTH:0.69779
G1 X163.546 Y160.83 E.03698
G1 X163.33 Y161.046 E.02837
G1 X162.997 Y161.157 E.0326
;WIDTH:0.672463
G1 X162.789 Y161.168 E.01856
;WIDTH:0.663629
G1 X130 Y161.168 E2.87765
G1 X129 Y161.168 E.08337
G1 X128 Y161.168 E.07899
G1 X127 Y161.168 E.0746
G1 X126 Y161.168 E.07021
G1 X125 Y161.168 E.06582
G1 X124 Y161.168 E.06143
G1 X123 Y161.168 E.05705
G1 X122 Y161.168 E.05266
G1 X121 Y161.168 E.04827
G1 X120 Y161.168 E.04388
G1 X119 Y161.168 E.03949
G1 X118 Y161.168 E.03511
G1 X117 Y161.168 E.03072
G1 X116 Y161.168 E.02633
G1 X115 Y161.168 E.02194
G1 X114 Y161.168 E.01755
G1 X113 Y161.168 E.01316
G1 X112 Y161.168 E.00878
G1 X111 Y161.168 E.00439
G1 X110.09 Y161.168 E.07986
;LAYER_CHANGE
;Z:11.46
;HEIGHT:0.36
;BEFORE_LAYER_CHANGE
G92 E0
;11.46


;WIPE_START
G1 F9600
G1 X110 Y161.168 E-.01603
G1 X105.599 Y161.168 E-.78397
;WIPE_END
G1 Z11.46 F12000
;AFTER_LAYER_CHANGE
;11.46
G1 X130 Y160.582
G1 Z11.1
G1 E.8 F1800
G1 F2661
G1 X129 Y160.582 Z11.118 E.00439
G1 X128 Y160.582 Z11.136 E.00878
G1 X127 Y160.582 Z11.154 E.01316
G1 X126 Y160.582 Z11.172 E.01755
G1 X125 Y160.582 Z11.19 E.02194
G1 X124 Y160.582 Z11.208 E.02633
G1 X123 Y160.582 Z11.226 E.03072
G1 X122 Y160.582 Z11.244 E.03511
G1 X121 Y160.582 Z11.262 E.03949
G1 X120 Y160.582 Z11.28 E.04388
G1 X119 Y160.582 Z11.298 E.04827
G1 X118 Y160.582 Z11.316 E.05266
G1 X117 Y160.582 Z11.334 E.05705
G1 X116 Y160.582 Z11.352 E.06143
G1 X115 Y160.582 Z11.37 E.06582
G1 X114 Y160.582 Z11.388 E.07021
G1 X113 Y160.582 Z11.406 E.0746
G1 X112 Y160.582 Z11.424 E.07899
G1 X111 Y160.582 Z11.442 E.08337
G1 X110 Y160.582 Z11.46 E.08776
G1 X57.211 Y160.582 E4.6329
;WIDTH:0.69779
G1 X57.03 Y160.54 E.01726
G1 X56.918 Y160.38 E.01814
;WIDTH:0.663629
G1 X56.918 Y59.711 E8.83498
;WIDTH:0.697791
G1 X56.96 Y59.53 E.01726
G1 X57.03 Y59.46 E.00919
G1 X57.139 Y59.418 E.01085
;WIDTH:0.663626
G1 X162.789 Y59.419 E9.27208
;WIDTH:0.697758
G1 X162.967 Y59.457 E.0169
G1 X163.04 Y59.53 E.00959
G1 X163.082 Y59.711 E.01726
;WIDTH:0.663629
G1 X163.082 Y160.289 E8.82699
;WIDTH:0.69779
G1 X163.04 Y160.47 E.01726
G1 X162.97 Y160.54 E.00919
G1 X162.789 Y160.582 E.01726
;WIDTH:0.663629
G1 X130 Y160.582 E2.87765
G1 X129 Y160.582 E.08337
G1 X128 Y160.582 E.07899
G1 X127 Y160.582 E.0746
G1 X126 Y160.582 E.07021
G1 X125 Y160.582 E.06582
G1 X124 Y160.582 E.06143
G1 X123 Y160.582 E.05705
G1 X122 Y160.582 E.05266
G1 X121 Y160.582 E.04827
G1 X120 Y160.582 E.04388
G1 X119 Y160.582 E.03949
G1 X118 Y160.582 E.03511
G1 X117 Y160.582 E.03072
G1 X116 Y160.582 E.02633
G1 X115 Y160.582 E.02194
G1 X114 Y160.582 E.01755
G1 X113 Y160.582 E.01316
G1 X112 Y160.582 E.00878
G1 X111 Y160.582 E.00439
G1 X110.09 Y160.582 E.07986
;WIPE_START
G1 F9600
G1 X110 Y160.582 E-.01603
G1 X105.599 Y160.582 E-.78397
;WIPE_END
G1 X130 Y161.168 F12000
G1 Z11.1
G1 E.8 F1800
G1 F2661
G1 X129 Y161.168 Z11.118 E.00439
G1 X128 Y161.168 Z11.136 E.00878
G1 X127 Y161.168 Z11.154 E.01316
G1 X126 Y161.168 Z11.172 E.01755
G1 X125 Y161.168 Z11.19 E.02194
G1 X124 Y161.168 Z11.208 E.02633
G1 X123 Y161.168 Z11.226 E.03072
G1 X122 Y161.168 Z11.244 E.03511
G1 X121 Y161.168 Z11.262 E.03949
G1 X120 Y161.168 Z11.28 E.04388
G1 X119 Y161.168 Z11.298 E.04827
G1 X118 Y161.168 Z11.316 E.05266
G1 X117 Y161.168 Z11.334 E.05705
G1 X116 Y161.168 Z11.352 E.06143
G1 X115 Y161.168 Z11.37 E.06582
G1 X114 Y161.168 Z11.388 E.07021
G1 X113 Y161.168 Z11.406 E.0746
G1 X112 Y161.168 Z11.424 E.07899
G1 X111 Y161.168 Z11.442 E.08337
G1 X110 Y161.168 Z11.46 E.08776
G1 X57.049 Y161.168 E4.64712
;WIDTH:0.69779
G1 X56.67 Y161.046 E.03698
G1 X56.454 Y160.83 E.02837
G1 X56.364 Y160.582 E.0245
;WIDTH:0.676865
G1 X56.332 Y160.289 E.02645
;WIDTH:0.663629
G1 X56.332 Y59.549 E8.84121
;WIDTH:0.69779
G1 X56.454 Y59.17 E.03698
G1 X56.67 Y58.954 E.02837
G1 X56.918 Y58.864 E.0245
;WIDTH:0.676864
G1 X57.211 Y58.832 E.02645
;WIDTH:0.663626
G1 X162.959 Y58.834 E9.28068
;WIDTH:0.697763
G1 X163.22 Y58.901 E.02503
;WIDTH:0.70246
G1 X163.41 Y59.013 E.02064
G1 X163.582 Y59.221 E.02526
;WIDTH:0.69779
G1 X163.668 Y59.711 E.0462
;WIDTH:0.663629
G1 X163.668 Y160.451 E8.84121
;WIDTH:0.697789
G1 X163.546 Y160.83 E.03698
G1 X163.33 Y161.046 E.02837
G1 X162.997 Y161.157 E.0326
;WIDTH:0.672463
G1 X162.789 Y161.168 E.01856
;WIDTH:0.663629
G1 X130 Y161.168 E2.87765
G1 X129 Y161.168 E.08337
G1 X128 Y161.168 E.07899
G1 X127 Y161.168 E.0746
G1 X126 Y161.168 E.07021
G1 X125 Y161.168 E.06582
G1 X124 Y161.168 E.06143
G1 X123 Y161.168 E.05705
G1 X122 Y161.168 E.05266
G1 X121 Y161.168 E.04827
G1 X120 Y161.168 E.04388
G1 X119 Y161.168 E.03949
G1 X118 Y161.168 E.03511
G1 X117 Y161.168 E.03072
G1 X116 Y161.168 E.02633
G1 X115 Y161.168 E.02194
G1 X114 Y161.168 E.01755
G1 X113 Y161.168 E.01316
G1 X112 Y161.168 E.00878
G1 X111 Y161.168 E.00439
G1 X110.09 Y161.168 E.07986
;LAYER_CHANGE
;Z:11.82
;HEIGHT:0.36
;BEFORE_LAYER_CHANGE
G92 E0
;11.82


;WIPE_START
G1 F9600
G1 X110 Y161.168 E-.01603
G1 X105.599 Y161.168 E-.78397
;WIPE_END
G1 Z11.82 F12000
;AFTER_LAYER_CHANGE
;11.82
G1 X130 Y160.582
G1 Z11.46
G1 E.8 F1800
G1 F2661
G1 X129 Y160.582 Z11.478 E.00439
G1 X128 Y160.582 Z11.496 E.00878
G1 X127 Y160.582 Z11.514 E.01316
G1 X126 Y160.582 Z11.532 E.01755
G1 X125 Y160.582 Z11.55 E.02194
G1 X124 Y160.582 Z11.568 E.02633
G1 X123 Y160.582 Z11.586 E.03072
G1 X122 Y160.582 Z11.604 E.03511
G1 X121 Y160.582 Z11.622 E.03949
G1 X120 Y160.582 Z11.64 E.04388
G1 X119 Y160.582 Z11.658 E.04827
G1 X118 Y160.582 Z11.676 E.05266
G1 X117 Y160.582 Z11.694 E.05705
G1 X116 Y160.582 Z11.712 E.06143
G1 X115 Y160.582 Z11.73 E.06582
G1 X114 Y160.582 Z11.748 E.07021
G1 X113 Y160.582 Z11.766 E.0746
G1 X112 Y160.582 Z11.784 E.07899
G1 X111 Y160.582 Z11.802 E.08337
G1 X110 Y160.582 Z11.82 E.08776
G1 X57.211 Y160.582 E4.6329
;WIDTH:0.697791
G1 X57.03 Y160.54 E.01726
G1 X56.918 Y160.38 E.01814
;WIDTH:0.663629
G1 X56.918 Y59.711 E8.83498
;WIDTH:0.697791
G1 X56.96 Y59.53 E.01726
;WIDTH:0.702509
G1 X57.166 Y59.418 E.02194
;WIDTH:0.663626
G1 X162.789 Y59.419 E9.26971
;WIDTH:0.697759
G1 X162.967 Y59.457 E.0169
G1 X163.04 Y59.53 E.00959
G1 X163.082 Y59.711 E.01726
;WIDTH:0.663629
G1 X163.082 Y160.289 E8.82699
;WIDTH:0.69779
G1 X163.04 Y160.47 E.01726
G1 X162.97 Y160.54 E.00919
G1 X162.789 Y160.582 E.01726
;WIDTH:0.663629
G1 X130 Y160.582 E2.87765
G1 X129 Y160.582 E.08337
G1 X128 Y160.582 E.07899
G1 X127 Y160.582 E.0746
G1 X126 Y160.582 E.07021
G1 X125 Y160.582 E.06582
G1 X124 Y160.582 E.06143
G1 X123 Y160.582 E.05705
G1 X122 Y160.582 E.05266
G1 X121 Y160.582 E.04827
G1 X120 Y160.582 E.04388
G1 X119 Y160.582 E.03949
G1 X118 Y160.582 E.03511
G1 X117 Y160.582 E.03072
G1 X116 Y160.582 E.02633
G1 X115 Y160.582 E.02194
G1 X114 Y160.582 E.01755
G1 X113 Y160.582 E.01316
G1 X112 Y160.582 E.00878
G1 X111 Y160.582 E.00439
G1 X110.09 Y160.582 E.07986
;WIPE_START
G1 F9600
G1 X110 Y160.582 E-.01603
G1 X105.599 Y160.582 E-.78397
;WIPE_END
G1 X130 Y161.168 F12000
G1 Z11.46
G1 E.8 F1800
G1 F2661
G1 X129 Y161.168 Z11.478 E.00439
G1 X128 Y161.168 Z11.496 E.00878
G1 X127 Y161.168 Z11.514 E.01316
G1 X126 Y161.168 Z11.532 E.01755
G1 X125 Y161.168 Z11.55 E.02194
G1 X124 Y161.168 Z11.568 E.02633
G1 X123 Y161.168 Z11.586 E.03072
G1 X122 Y161.168 Z11.604 E.03511
G1 X121 Y161.168 Z11.622 E.03949
G1 X120 Y161.168 Z11.64 E.04388
G1 X119 Y161.168 Z11.658 E.04827
G1 X118 Y161.168 Z11.676 E.05266
G1 X117 Y161.168 Z11.694 E.05705
G1 X116 Y161.168 Z11.712 E.06143
G1 X115 Y161.168 Z11.73 E.06582
G1 X114 Y161.168 Z11.748 E.07021
G1 X113 Y161.168 Z11.766 E.0746
G1 X112 Y161.168 Z11.784 E.07899
G1 X111 Y161.168 Z11.802 E.08337
G1 X110 Y161.168 Z11.82 E.08776
G1 X57.049 Y161.168 E4.64712
;WIDTH:0.697791
G1 X56.67 Y161.046 E.03698
G1 X56.454 Y160.83 E.02837
G1 X56.364 Y160.582 E.0245
;WIDTH:0.676863
G1 X56.332 Y160.289 E.02645
;WIDTH:0.663629
G1 X56.332 Y59.549 E8.84121
;WIDTH:0.69779
G1 X56.454 Y59.17 E.03698
G1 X56.67 Y58.954 E.02837
G1 X56.918 Y58.864 E.0245
;WIDTH:0.676864
G1 X57.211 Y58.832 E.02645
;WIDTH:0.663626
G1 X162.96 Y58.834 E9.28077
;WIDTH:0.697764
G1 X163.22 Y58.901 E.02494
;WIDTH:0.70246
G1 X163.41 Y59.013 E.02064
G1 X163.582 Y59.221 E.02526
;WIDTH:0.697789
G1 X163.668 Y59.711 E.0462
;WIDTH:0.663629
G1 X163.668 Y160.451 E8.84121
;WIDTH:0.69779
G1 X163.546 Y160.83 E.03698
G1 X163.33 Y161.046 E.02837
G1 X162.997 Y161.157 E.0326
;WIDTH:0.672463
G1 X162.789 Y161.168 E.01856
;WIDTH:0.663629
G1 X130 Y161.168 E2.87765
G1 X129 Y161.168 E.08337
G1 X128 Y161.168 E.07899
G1 X127 Y161.168 E.0746
G1 X126 Y161.168 E.07021
G1 X125 Y161.168 E.06582
G1 X124 Y161.168 E.06143
G1 X123 Y161.168 E.05705
G1 X122 Y161.168 E.05266
G1 X121 Y161.168 E.04827
G1 X120 Y161.168 E.04388
G1 X119 Y161.168 E.03949
G1 X118 Y161.168 E.03511
G1 X117 Y161.168 E.03072
G1 X116 Y161.168 E.02633
G1 X115 Y161.168 E.02194
G1 X114 Y161.168 E.01755
G1 X113 Y161.168 E.01316
G1 X112 Y161.168 E.00878
G1 X111 Y161.168 E.00439
G1 X110.09 Y161.168 E.07986
;LAYER_CHANGE
;Z:12.18
;HEIGHT:0.360001
;BEFORE_LAYER_CHANGE
G92 E0
;12.18


;WIPE_START
G1 F9600
G1 X110 Y161.168 E-.01603
G1 X105.599 Y161.168 E-.78397
;WIPE_END
G1 Z12.18 F12000
;AFTER_LAYER_CHANGE
;12.18
G1 X130 Y160.582
G1 Z11.82
G1 E.8 F1800
G1 F2661
G1 X129 Y160.582 Z11.838 E.00439
G1 X128 Y160.582 Z11.856 E.00878
G1 X127 Y160.582 Z11.874 E.01316
G1 X126 Y160.582 Z11.892 E.01755
G1 X125 Y160.582 Z11.91 E.02194
G1 X124 Y160.582 Z11.928 E.02633
G1 X123 Y160.582 Z11.946 E.03072
G1 X122 Y160.582 Z11.964 E.03511
G1 X121 Y160.582 Z11.982 E.03949
G1 X120 Y160.582 Z12 E.04388
G1 X119 Y160.582 Z12.018 E.04827
G1 X118 Y160.582 Z12.036 E.05266
G1 X117 Y160.582 Z12.054 E.05705
G1 X116 Y160.582 Z12.072 E.06143
G1 X115 Y160.582 Z12.09 E.06582
G1 X114 Y160.582 Z12.108 E.07021
G1 X113 Y160.582 Z12.126 E.0746
G1 X112 Y160.582 Z12.144 E.07899
G1 X111 Y160.582 Z12.162 E.08337
G1 X110 Y160.582 Z12.18 E.08776
G1 X57.211 Y160.582 E4.6329
;WIDTH:0.697791
G1 X57.03 Y160.54 E.01726
G1 X56.918 Y160.38 E.01814
;WIDTH:0.663629
G1 X56.918 Y59.711 E8.83498
;WIDTH:0.69779
G1 X56.96 Y59.53 E.01726
;WIDTH:0.70251
G1 X57.166 Y59.418 E.02194
;WIDTH:0.663626
G1 X162.789 Y59.419 E9.26971
;WIDTH:0.697759
G1 X162.967 Y59.457 E.0169
G1 X163.04 Y59.53 E.00959
G1 X163.082 Y59.711 E.01726
;WIDTH:0.663629
G1 X163.082 Y160.289 E8.82699
;WIDTH:0.697789
G1 X163.04 Y160.47 E.01726
G1 X162.97 Y160.54 E.00919
G1 X162.789 Y160.582 E.01726
;WIDTH:0.663629
G1 X130 Y160.582 E2.87765
G1 X129 Y160.582 E.08337
G1 X128 Y160.582 E.07899
G1 X127 Y160.582 E.0746
G1 X126 Y160.582 E.07021
G1 X125 Y160.582 E.06582
G1 X124 Y160.582 E.06143
G1 X123 Y160.582 E.05705
G1 X122 Y160.582 E.05266
G1 X121 Y160.582 E.04827
G1 X120 Y160.582 E.04388
G1 X119 Y160.582 E.03949
G1 X118 Y160.582 E.03511
G1 X117 Y160.582 E.03072
G1 X116 Y160.582 E.02633
G1 X115 Y160.582 E.02194
G1 X114 Y160.582 E.01755
G1 X113 Y160.582 E.01316
G1 X112 Y160.582 E.00878
G1 X111 Y160.582 E.00439
G1 X110.09 Y160.582 E.07986
;WIPE_START
G1 F9600
G1 X110 Y160.582 E-.01603
G1 X105.599 Y160.582 E-.78397
;WIPE_END
G1 X130 Y161.168 F12000
G1 Z11.82
G1 E.8 F1800
G1 F2661
G1 X129 Y161.168 Z11.838 E.00439
G1 X128 Y161.168 Z11.856 E.00878
G1 X127 Y161.168 Z11.874 E.01316
G1 X126 Y161.168 Z11.892 E.01755
G1 X125 Y161.168 Z11.91 E.02194
G1 X124 Y161.168 Z11.928 E.02633
G1 X123 Y161.168 Z11.946 E.03072
G1 X122 Y161.168 Z11.964 E.03511
G1 X121 Y161.168 Z11.982 E.03949
G1 X120 Y161.168 Z12 E.04388
G1 X119 Y161.168 Z12.018 E.04827
G1 X118 Y161.168 Z12.036 E.05266
G1 X117 Y161.168 Z12.054 E.05705
G1 X116 Y161.168 Z12.072 E.06143
G1 X115 Y161.168 Z12.09 E.06582
G1 X114 Y161.168 Z12.108 E.07021
G1 X113 Y161.168 Z12.126 E.0746
G1 X112 Y161.168 Z12.144 E.07899
G1 X111 Y161.168 Z12.162 E.08337
G1 X110 Y161.168 Z12.18 E.08776
G1 X57.049 Y161.168 E4.64712
;WIDTH:0.697791
G1 X56.67 Y161.046 E.03698
G1 X56.454 Y160.83 E.02837
G1 X56.364 Y160.582 E.0245
;WIDTH:0.676864
G1 X56.332 Y160.289 E.02645
;WIDTH:0.663629
G1 X56.332 Y59.549 E8.84121
;WIDTH:0.69779
G1 X56.454 Y59.17 E.03698
G1 X56.67 Y58.954 E.02837
G1 X56.918 Y58.864 E.0245
;WIDTH:0.676863
G1 X57.211 Y58.832 E.02645
;WIDTH:0.663626
G1 X162.961 Y58.834 E9.28085
;WIDTH:0.697765
G1 X163.22 Y58.901 E.02485
;WIDTH:0.70246
G1 X163.41 Y59.013 E.02064
G1 X163.582 Y59.221 E.02526
;WIDTH:0.697789
G1 X163.668 Y59.711 E.0462
;WIDTH:0.663629
G1 X163.668 Y160.451 E8.84121
;WIDTH:0.697789
G1 X163.546 Y160.83 E.03698
G1 X163.33 Y161.046 E.02837
G1 X162.997 Y161.157 E.0326
;WIDTH:0.672463
G1 X162.789 Y161.168 E.01856
;WIDTH:0.663629
G1 X130 Y161.168 E2.87765
G1 X129 Y161.168 E.08337
G1 X128 Y161.168 E.07899
G1 X127 Y161.168 E.0746
G1 X126 Y161.168 E.07021
G1 X125 Y161.168 E.06582
G1 X124 Y161.168 E.06143
G1 X123 Y161.168 E.05705
G1 X122 Y161.168 E.05266
G1 X121 Y161.168 E.04827
G1 X120 Y161.168 E.04388
G1 X119 Y161.168 E.03949
G1 X118 Y161.168 E.03511
G1 X117 Y161.168 E.03072
G1 X116 Y161.168 E.02633
G1 X115 Y161.168 E.02194
G1 X114 Y161.168 E.01755
G1 X113 Y161.168 E.01316
G1 X112 Y161.168 E.00878
G1 X111 Y161.168 E.00439
G1 X110.09 Y161.168 E.07986
;LAYER_CHANGE
;Z:12.54
;HEIGHT:0.36
;BEFORE_LAYER_CHANGE
G92 E0
;12.54


;WIPE_START
G1 F9600
G1 X110 Y161.168 E-.01603
G1 X105.599 Y161.168 E-.78397
;WIPE_END
G1 Z12.54 F12000
;AFTER_LAYER_CHANGE
;12.54
G1 X130 Y160.582
G1 Z12.18
G1 E.8 F1800
G1 F2661
G1 X129 Y160.582 Z12.198 E.00439
G1 X128 Y160.582 Z12.216 E.00878
G1 X127 Y160.582 Z12.234 E.01316
G1 X126 Y160.582 Z12.252 E.01755
G1 X125 Y160.582 Z12.27 E.02194
G1 X124 Y160.582 Z12.288 E.02633
G1 X123 Y160.582 Z12.306 E.03072
G1 X122 Y160.582 Z12.324 E.03511
G1 X121 Y160.582 Z12.342 E.03949
G1 X120 Y160.582 Z12.36 E.04388
G1 X119 Y160.582 Z12.378 E.04827
G1 X118 Y160.582 Z12.396 E.05266
G1 X117 Y160.582 Z12.414 E.05705
G1 X116 Y160.582 Z12.432 E.06143
G1 X115 Y160.582 Z12.45 E.06582
G1 X114 Y160.582 Z12.468 E.07021
G1 X113 Y160.582 Z12.486 E.0746
G1 X112 Y160.582 Z12.504 E.07899
G1 X111 Y160.582 Z12.522 E.08337
G1 X110 Y160.582 Z12.54 E.08776
G1 X57.211 Y160.582 E4.6329
;WIDTH:0.69779
G1 X57.03 Y160.54 E.01726
G1 X56.918 Y160.38 E.01814
;WIDTH:0.663629
G1 X56.918 Y59.711 E8.83498
;WIDTH:0.69779
G1 X56.96 Y59.53 E.01726
;WIDTH:0.702509
G1 X57.166 Y59.418 E.02194
;WIDTH:0.663625
G1 X162.789 Y59.419 E9.26969
;WIDTH:0.697758
G1 X162.967 Y59.457 E.0169
G1 X163.04 Y59.53 E.00959
G1 X163.082 Y59.711 E.01726
;WIDTH:0.663629
G1 X163.082 Y160.289 E8.82699
;WIDTH:0.69779
G1 X163.04 Y160.47 E.01726
G1 X162.97 Y160.54 E.00919
G1 X162.789 Y160.582 E.01726
;WIDTH:0.663629
G1 X130 Y160.582 E2.87765
G1 X129 Y160.582 E.08337
G1 X128 Y160.582 E.07899
G1 X127 Y160.582 E.0746
G1 X126 Y160.582 E.07021
G1 X125 Y160.582 E.06582
G1 X124 Y160.582 E.06143
G1 X123 Y160.582 E.05705
G1 X122 Y160.582 E.05266
G1 X121 Y160.582 E.04827
G1 X120 Y160.582 E.04388
G1 X119 Y160.582 E.03949
G1 X118 Y160.582 E.03511
G1 X117 Y160.582 E.03072
G1 X116 Y160.582 E.02633
G1 X115 Y160.582 E.02194
G1 X114 Y160.582 E.01755
G1 X113 Y160.582 E.01316
G1 X112 Y160.582 E.00878
G1 X111 Y160.582 E.00439
G1 X110.09 Y160.582 E.07986
;WIPE_START
G1 F9600
G1 X110 Y160.582 E-.01603
G1 X105.599 Y160.582 E-.78397
;WIPE_END
G1 X130 Y161.168 F12000
G1 Z12.18
G1 E.8 F1800
G1 F2661
G1 X129 Y161.168 Z12.198 E.00439
G1 X128 Y161.168 Z12.216 E.00878
G1 X127 Y161.168 Z12.234 E.01316
G1 X126 Y161.168 Z12.252 E.01755
G1 X125 Y161.168 Z12.27 E.02194
G1 X124 Y161.168 Z12.288 E.02633
G1 X123 Y161.168 Z12.306 E.03072
G1 X122 Y161.168 Z12.324 E.03511
G1 X121 Y161.168 Z12.342 E.03949
G1 X120 Y161.168 Z12.36 E.04388
G1 X119 Y161.168 Z12.378 E.04827
G1 X118 Y161.168 Z12.396 E.05266
G1 X117 Y161.168 Z12.414 E.05705
G1 X116 Y161.168 Z12.432 E.06143
G1 X115 Y161.168 Z12.45 E.06582
G1 X114 Y161.168 Z12.468 E.07021
G1 X113 Y161.168 Z12.486 E.0746
G1 X112 Y161.168 Z12.504 E.07899
G1 X111 Y161.168 Z12.522 E.08337
G1 X110 Y161.168 Z12.54 E.08776
G1 X57.049 Y161.168 E4.64712
;WIDTH:0.697791
G1 X56.67 Y161.046 E.03698
G1 X56.454 Y160.83 E.02837
G1 X56.364 Y160.582 E.0245
;WIDTH:0.676864
G1 X56.332 Y160.289 E.02645
;WIDTH:0.663629
G1 X56.332 Y59.549 E8.84121
;WIDTH:0.69779
G1 X56.454 Y59.17 E.03698
G1 X56.67 Y58.954 E.02837
G1 X56.918 Y58.864 E.0245
;WIDTH:0.676864
G1 X57.211 Y58.832 E.02645
;WIDTH:0.663625
G1 X162.963 Y58.834 E9.28101
;WIDTH:0.697767
G1 X163.22 Y58.901 E.02467
;WIDTH:0.702459
G1 X163.41 Y59.013 E.02064
G1 X163.582 Y59.221 E.02526
;WIDTH:0.69779
G1 X163.668 Y59.711 E.0462
;WIDTH:0.663629
G1 X163.668 Y160.451 E8.84121
;WIDTH:0.69779
G1 X163.546 Y160.83 E.03698
G1 X163.33 Y161.046 E.02837
G1 X162.997 Y161.157 E.0326
;WIDTH:0.672463
G1 X162.789 Y161.168 E.01856
;WIDTH:0.663629
G1 X130 Y161.168 E2.87765
G1 X129 Y161.168 E.08337
G1 X128 Y161.168 E.07899
G1 X127 Y161.168 E.0746
G1 X126 Y161.168 E.07021
G1 X125 Y161.168 E.06582
G1 X124 Y161.168 E.06143
G1 X123 Y161.168 E.05705
G1 X122 Y161.168 E.05266
G1 X121 Y161.168 E.04827
G1 X120 Y161.168 E.04388
G1 X119 Y161.168 E.03949
G1 X118 Y161.168 E.03511
G1 X117 Y161.168 E.03072
G1 X116 Y161.168 E.02633
G1 X115 Y161.168 E.02194
G1 X114 Y161.168 E.01755
G1 X113 Y161.168 E.01316
G1 X112 Y161.168 E.00878
G1 X111 Y161.168 E.00439
G1 X110.09 Y161.168 E.07986
;LAYER_CHANGE
;Z:12.9
;HEIGHT:0.36
;BEFORE_LAYER_CHANGE
G92 E0
;12.9


;WIPE_START
G1 F9600
G1 X110 Y161.168 E-.01603
G1 X105.599 Y161.168 E-.78397
;WIPE_END
G1 Z12.9 F12000
;AFTER_LAYER_CHANGE
;12.9
G1 X130 Y160.582
G1 Z12.54
G1 E.8 F1800
G1 F2661
G1 X129 Y160.582 Z12.558 E.00439
G1 X128 Y160.582 Z12.576 E.00878
G1 X127 Y160.582 Z12.594 E.01316
G1 X126 Y160.582 Z12.612 E.01755
G1 X125 Y160.582 Z12.63 E.02194
G1 X124 Y160.582 Z12.648 E.02633
G1 X123 Y160.582 Z12.666 E.03072
G1 X122 Y160.582 Z12.684 E.03511
G1 X121 Y160.582 Z12.702 E.03949
G1 X120 Y160.582 Z12.72 E.04388
G1 X119 Y160.582 Z12.738 E.04827
G1 X118 Y160.582 Z12.756 E.05266
G1 X117 Y160.582 Z12.774 E.05705
G1 X116 Y160.582 Z12.792 E.06143
G1 X115 Y160.582 Z12.81 E.06582
G1 X114 Y160.582 Z12.828 E.07021
G1 X113 Y160.582 Z12.846 E.0746
G1 X112 Y160.582 Z12.864 E.07899
G1 X111 Y160.582 Z12.882 E.08337
G1 X110 Y160.582 Z12.9 E.08776
G1 X57.211 Y160.582 E4.6329
;WIDTH:0.697791
G1 X57.03 Y160.54 E.01726
G1 X56.918 Y160.38 E.01814
;WIDTH:0.663629
G1 X56.918 Y59.711 E8.83498
;WIDTH:0.697791
G1 X56.96 Y59.53 E.01726
;WIDTH:0.702509
G1 X57.166 Y59.418 E.02194
;WIDTH:0.663625
G1 X162.789 Y59.419 E9.26969
;WIDTH:0.697758
G1 X162.967 Y59.457 E.0169
G1 X163.04 Y59.53 E.00959
G1 X163.082 Y59.711 E.01726
;WIDTH:0.663629
G1 X163.082 Y160.289 E8.82699
;WIDTH:0.69779
G1 X163.04 Y160.47 E.01726
G1 X162.97 Y160.54 E.00919
G1 X162.789 Y160.582 E.01726
;WIDTH:0.663629
G1 X130 Y160.582 E2.87765
G1 X129 Y160.582 E.08337
G1 X128 Y160.582 E.07899
G1 X127 Y160.582 E.0746
G1 X126 Y160.582 E.07021
G1 X125 Y160.582 E.06582
G1 X124 Y160.582 E.06143
G1 X123 Y160.582 E.05705
G1 X122 Y160.582 E.05266
G1 X121 Y160.582 E.04827
G1 X120 Y160.582 E.04388
G1 X119 Y160.582 E.03949
G1 X118 Y160.582 E.03511
G1 X117 Y160.582 E.03072
G1 X116 Y160.582 E.02633
G1 X115 Y160.582 E.02194
G1 X114 Y160.582 E.01755
G1 X113 Y160.582 E.01316
G1 X112 Y160.582 E.00878
G1 X111 Y160.582 E.00439
G1 X110.09 Y160.582 E.07986
;WIPE_START
G1 F9600
G1 X110 Y160.582 E-.01603
G1 X105.599 Y160.582 E-.78397
;WIPE_END
G1 X130 Y161.168 F12000
G1 Z12.54
G1 E.8 F1800
G1 F2661
G1 X129 Y161.168 Z12.558 E.00439
G1 X128 Y161.168 Z12.576 E.00878
G1 X127 Y161.168 Z12.594 E.01316
G1 X126 Y161.168 Z12.612 E.01755
G1 X125 Y161.168 Z12.63 E.02194
G1 X124 Y161.168 Z12.648 E.02633
G1 X123 Y161.168 Z12.666 E.03072
G1 X122 Y161.168 Z12.684 E.03511
G1 X121 Y161.168 Z12.702 E.03949
G1 X120 Y161.168 Z12.72 E.04388
G1 X119 Y161.168 Z12.738 E.04827
G1 X118 Y161.168 Z12.756 E.05266
G1 X117 Y161.168 Z12.774 E.05705
G1 X116 Y161.168 Z12.792 E.06143
G1 X115 Y161.168 Z12.81 E.06582
G1 X114 Y161.168 Z12.828 E.07021
G1 X113 Y161.168 Z12.846 E.0746
G1 X112 Y161.168 Z12.864 E.07899
G1 X111 Y161.168 Z12.882 E.08337
G1 X110 Y161.168 Z12.9 E.08776
G1 X57.049 Y161.168 E4.64712
;WIDTH:0.69779
G1 X56.67 Y161.046 E.03698
G1 X56.454 Y160.83 E.02837
G1 X56.364 Y160.582 E.0245
;WIDTH:0.676864
G1 X56.332 Y160.289 E.02645
;WIDTH:0.663629
G1 X56.332 Y59.549 E8.84121
;WIDTH:0.69779
G1 X56.454 Y59.17 E.03698
G1 X56.67 Y58.954 E.02837
G1 X56.918 Y58.864 E.0245
;WIDTH:0.676864
G1 X57.211 Y58.832 E.02645
;WIDTH:0.663625
G1 X162.964 Y58.835 E9.2811
;WIDTH:0.697768
G1 X163.22 Y58.9 E.02453
;WIDTH:0.70246
G1 X163.41 Y59.013 E.02069
G1 X163.582 Y59.221 E.02526
;WIDTH:0.697789
G1 X163.668 Y59.711 E.0462
;WIDTH:0.663629
G1 X163.668 Y160.451 E8.84121
;WIDTH:0.69779
G1 X163.546 Y160.83 E.03698
G1 X163.33 Y161.046 E.02837
G1 X162.997 Y161.157 E.0326
;WIDTH:0.672463
G1 X162.789 Y161.168 E.01856
;WIDTH:0.663629
G1 X130 Y161.168 E2.87765
G1 X129 Y161.168 E.08337
G1 X128 Y161.168 E.07899
G1 X127 Y161.168 E.0746
G1 X126 Y161.168 E.07021
G1 X125 Y161.168 E.06582
G1 X124 Y161.168 E.06143
G1 X123 Y161.168 E.05705
G1 X122 Y161.168 E.05266
G1 X121 Y161.168 E.04827
G1 X120 Y161.168 E.04388
G1 X119 Y161.168 E.03949
G1 X118 Y161.168 E.03511
G1 X117 Y161.168 E.03072
G1 X116 Y161.168 E.02633
G1 X115 Y161.168 E.02194
G1 X114 Y161.168 E.01755
G1 X113 Y161.168 E.01316
G1 X112 Y161.168 E.00878
G1 X111 Y161.168 E.00439
G1 X110.09 Y161.168 E.07986
;LAYER_CHANGE
;Z:13.26
;HEIGHT:0.360001
;BEFORE_LAYER_CHANGE
G92 E0
;13.26


;WIPE_START
G1 F9600
G1 X110 Y161.168 E-.01603
G1 X105.599 Y161.168 E-.78397
;WIPE_END
G1 Z13.26 F12000
;AFTER_LAYER_CHANGE
;13.26
G1 X130 Y160.582
G1 Z12.9
G1 E.8 F1800
G1 F2661
G1 X129 Y160.582 Z12.918 E.00439
G1 X128 Y160.582 Z12.936 E.00878
G1 X127 Y160.582 Z12.954 E.01316
G1 X126 Y160.582 Z12.972 E.01755
G1 X125 Y160.582 Z12.99 E.02194
G1 X124 Y160.582 Z13.008 E.02633
G1 X123 Y160.582 Z13.026 E.03072
G1 X122 Y160.582 Z13.044 E.03511
G1 X121 Y160.582 Z13.062 E.03949
G1 X120 Y160.582 Z13.08 E.04388
G1 X119 Y160.582 Z13.098 E.04827
G1 X118 Y160.582 Z13.116 E.05266
G1 X117 Y160.582 Z13.134 E.05705
G1 X116 Y160.582 Z13.152 E.06143
G1 X115 Y160.582 Z13.17 E.06582
G1 X114 Y160.582 Z13.188 E.07021
G1 X113 Y160.582 Z13.206 E.0746
G1 X112 Y160.582 Z13.224 E.07899
G1 X111 Y160.582 Z13.242 E.08337
G1 X110 Y160.582 Z13.26 E.08776
G1 X57.211 Y160.582 E4.6329
;WIDTH:0.697791
G1 X57.03 Y160.54 E.01726
G1 X56.918 Y160.38 E.01814
;WIDTH:0.663629
G1 X56.918 Y59.711 E8.83498
;WIDTH:0.69779
G1 X56.96 Y59.53 E.01726
;WIDTH:0.702509
G1 X57.166 Y59.418 E.02194
;WIDTH:0.663625
G1 X162.789 Y59.419 E9.26969
;WIDTH:0.697758
G1 X162.967 Y59.457 E.0169
G1 X163.04 Y59.53 E.00959
G1 X163.082 Y59.711 E.01726
;WIDTH:0.663629
G1 X163.082 Y160.289 E8.82699
;WIDTH:0.69779
G1 X163.04 Y160.47 E.01726
G1 X162.97 Y160.54 E.00919
G1 X162.789 Y160.582 E.01726
;WIDTH:0.663629
G1 X130 Y160.582 E2.87765
G1 X129 Y160.582 E.08337
G1 X128 Y160.582 E.07899
G1 X127 Y160.582 E.0746
G1 X126 Y160.582 E.07021
G1 X125 Y160.582 E.06582
G1 X124 Y160.582 E.06143
G1 X123 Y160.582 E.05705
G1 X122 Y160.582 E.05266
G1 X121 Y160.582 E.04827
G1 X120 Y160.582 E.04388
G1 X119 Y160.582 E.03949
G1 X118 Y160.582 E.03511
G1 X117 Y160.582 E.03072
G1 X116 Y160.582 E.02633
G1 X115 Y160.582 E.02194
G1 X114 Y160.582 E.01755
G1 X113 Y160.582 E.01316
G1 X112 Y160.582 E.00878
G1 X111 Y160.582 E.00439
G1 X110.09 Y160.582 E.07986
;WIPE_START
G1 F9600
G1 X110 Y160.582 E-.01603
G1 X105.599 Y160.582 E-.78397
;WIPE_END
G1 X130 Y161.168 F12000
G1 Z12.9
G1 E.8 F1800
G1 F2661
G1 X129.048 Y161.168 Z12.917 E.00398
G1 X128.095 Y161.168 Z12.934 E.00797
G1 X127.143 Y161.168 Z12.951 E.01194
G1 X126.19 Y161.168 Z12.969 E.01593
G1 X125.238 Y161.168 Z12.986 E.01989
G1 X124.286 Y161.168 Z13.003 E.02387
G1 X123.333 Y161.168 Z13.02 E.02788
G1 X122.381 Y161.168 Z13.037 E.03183
G1 X121.429 Y161.168 Z13.054 E.03581
G1 X120.476 Y161.168 Z13.071 E.03983
G1 X119.524 Y161.168 Z13.089 E.04376
G1 X118.571 Y161.168 Z13.106 E.04779
G1 X117.619 Y161.168 Z13.123 E.05172
G1 X116.667 Y161.168 Z13.14 E.0557
G1 X115.714 Y161.168 Z13.157 E.05974
G1 X114.762 Y161.168 Z13.174 E.06366
G1 X113.81 Y161.168 Z13.191 E.06764
G1 X112.857 Y161.168 Z13.209 E.07169
G1 X111.905 Y161.168 Z13.226 E.07559
G1 X110.952 Y161.168 Z13.243 E.07966
G1 X110 Y161.168 Z13.26 E.08355
G1 X57.049 Y161.168 E4.64712
;WIDTH:0.69779
G1 X56.67 Y161.046 E.03698
G1 X56.454 Y160.83 E.02837
G1 X56.364 Y160.582 E.0245
;WIDTH:0.676864
G1 X56.332 Y160.289 E.02645
;WIDTH:0.663629
G1 X56.332 Y59.549 E8.84121
;WIDTH:0.697791
G1 X56.454 Y59.17 E.03698
G1 X56.67 Y58.954 E.02837
G1 X56.918 Y58.864 E.0245
;WIDTH:0.676864
G1 X57.211 Y58.832 E.02645
;WIDTH:0.663625
G1 X162.965 Y58.835 E9.28119
;WIDTH:0.697771
G1 X163.22 Y58.9 E.02444
;WIDTH:0.702459
G1 X163.41 Y59.013 E.02069
G1 X163.582 Y59.221 E.02526
;WIDTH:0.69779
G1 X163.668 Y59.711 E.0462
;WIDTH:0.663629
G1 X163.668 Y160.451 E8.84121
;WIDTH:0.697789
G1 X163.546 Y160.83 E.03698
G1 X163.33 Y161.046 E.02837
G1 X162.997 Y161.157 E.0326
;WIDTH:0.672463
G1 X162.789 Y161.168 E.01856
;WIDTH:0.663629
G1 X130 Y161.168 E2.87765
G1 X129.048 Y161.168 E.07957
G1 X128.095 Y161.168 E.07567
G1 X127.143 Y161.168 E.07161
G1 X126.19 Y161.168 E.06771
G1 X125.238 Y161.168 E.06366
G1 X124.286 Y161.168 E.05968
G1 X123.333 Y161.168 E.05576
G1 X122.381 Y161.168 E.05172
G1 X121.429 Y161.168 E.04774
G1 X120.476 Y161.168 E.04381
G1 X119.524 Y161.168 E.03979
G1 X118.571 Y161.168 E.03584
G1 X117.619 Y161.168 E.03183
G1 X116.667 Y161.168 E.02785
G1 X115.714 Y161.168 E.0239
G1 X114.762 Y161.168 E.01989
G1 X113.81 Y161.168 E.01591
G1 X112.857 Y161.168 E.01195
G1 X111.905 Y161.168 E.00796
G1 X110.952 Y161.168 E.00398
G1 X110.09 Y161.168 E.07565
;LAYER_CHANGE
;Z:13.62
;HEIGHT:0.36
;BEFORE_LAYER_CHANGE
G92 E0
;13.62


;WIPE_START
G1 F9600
G1 X110 Y161.168 E-.01603
G1 X105.599 Y161.168 E-.78397
;WIPE_END
G1 Z13.62 F12000
;AFTER_LAYER_CHANGE
;13.62
G1 X130 Y160.582
G1 Z13.26
G1 E.8 F1800
G1 F2661
G1 X129 Y160.582 Z13.278 E.00439
G1 X128 Y160.582 Z13.296 E.00878
G1 X127 Y160.582 Z13.314 E.01316
G1 X126 Y160.582 Z13.332 E.01755
G1 X125 Y160.582 Z13.35 E.02194
G1 X124 Y160.582 Z13.368 E.02633
G1 X123 Y160.582 Z13.386 E.03072
G1 X122 Y160.582 Z13.404 E.03511
G1 X121 Y160.582 Z13.422 E.03949
G1 X120 Y160.582 Z13.44 E.04388
G1 X119 Y160.582 Z13.458 E.04827
G1 X118 Y160.582 Z13.476 E.05266
G1 X117 Y160.582 Z13.494 E.05705
G1 X116 Y160.582 Z13.512 E.06143
G1 X115 Y160.582 Z13.53 E.06582
G1 X114 Y160.582 Z13.548 E.07021
G1 X113 Y160.582 Z13.566 E.0746
G1 X112 Y160.582 Z13.584 E.07899
G1 X111 Y160.582 Z13.602 E.08337
G1 X110 Y160.582 Z13.62 E.08776
G1 X57.211 Y160.582 E4.6329
;WIDTH:0.697791
G1 X57.03 Y160.54 E.01726
G1 X56.918 Y160.38 E.01814
;WIDTH:0.663629
G1 X56.918 Y59.711 E8.83498
;WIDTH:0.697791
G1 X56.96 Y59.53 E.01726
G1 X57.12 Y59.418 E.01814
;WIDTH:0.663625
G1 X162.789 Y59.419 E9.27373
;WIDTH:0.69776
G1 X162.967 Y59.457 E.0169
G1 X163.04 Y59.53 E.00959
G1 X163.082 Y59.711 E.01726
;WIDTH:0.663629
G1 X163.082 Y160.289 E8.82699
;WIDTH:0.69779
G1 X163.04 Y160.47 E.01726
G1 X162.97 Y160.54 E.00919
G1 X162.789 Y160.582 E.01726
;WIDTH:0.663629
G1 X130 Y160.582 E2.87765
G1 X129 Y160.582 E.08337
G1 X128 Y160.582 E.07899
G1 X127 Y160.582 E.0746
G1 X126 Y160.582 E.07021
G1 X125 Y160.582 E.06582
G1 X124 Y160.582 E.06143
G1 X123 Y160.582 E.05705
G1 X122 Y160.582 E.05266
G1 X121 Y160.582 E.04827
G1 X120 Y160.582 E.04388
G1 X119 Y160.582 E.03949
G1 X118 Y160.582 E.03511
G1 X117 Y160.582 E.03072
G1 X116 Y160.582 E.02633
G1 X115 Y160.582 E.02194
G1 X114 Y160.582 E.01755
G1 X113 Y160.582 E.01316
G1 X112 Y160.582 E.00878
G1 X111 Y160.582 E.00439
G1 X110.09 Y160.582 E.07986
;WIPE_START
G1 F9600
G1 X110 Y160.582 E-.01603
G1 X105.599 Y160.582 E-.78397
;WIPE_END
G1 X130 Y161.168 F12000
G1 Z13.26
G1 E.8 F1800
G1 F2661
G1 X129.048 Y161.168 Z13.277 E.00398
G1 X128.095 Y161.168 Z13.294 E.00797
G1 X127.143 Y161.168 Z13.311 E.01194
G1 X126.19 Y161.168 Z13.329 E.01593
G1 X125.238 Y161.168 Z13.346 E.01989
G1 X124.286 Y161.168 Z13.363 E.02387
G1 X123.333 Y161.168 Z13.38 E.02788
G1 X122.381 Y161.168 Z13.397 E.03183
G1 X121.429 Y161.168 Z13.414 E.03581
G1 X120.476 Y161.168 Z13.431 E.03983
G1 X119.524 Y161.168 Z13.449 E.04376
G1 X118.571 Y161.168 Z13.466 E.04779
G1 X117.619 Y161.168 Z13.483 E.05172
G1 X116.667 Y161.168 Z13.5 E.0557
G1 X115.714 Y161.168 Z13.517 E.05974
G1 X114.762 Y161.168 Z13.534 E.06366
G1 X113.81 Y161.168 Z13.551 E.06764
G1 X112.857 Y161.168 Z13.569 E.07169
G1 X111.905 Y161.168 Z13.586 E.07559
G1 X110.952 Y161.168 Z13.603 E.07966
G1 X110 Y161.168 Z13.62 E.08355
G1 X57.049 Y161.168 E4.64712
;WIDTH:0.69779
G1 X56.67 Y161.046 E.03698
G1 X56.454 Y160.83 E.02837
G1 X56.364 Y160.582 E.0245
;WIDTH:0.676864
G1 X56.332 Y160.289 E.02645
;WIDTH:0.663629
G1 X56.332 Y59.549 E8.84121
;WIDTH:0.69779
G1 X56.454 Y59.17 E.03698
G1 X56.67 Y58.954 E.02837
G1 X56.918 Y58.864 E.0245
;WIDTH:0.676864
G1 X57.211 Y58.832 E.02645
;WIDTH:0.663625
G1 X162.964 Y58.835 E9.2811
;WIDTH:0.697769
G1 X163.22 Y58.9 E.02453
;WIDTH:0.70246
G1 X163.41 Y59.013 E.02069
G1 X163.582 Y59.221 E.02526
;WIDTH:0.69779
G1 X163.668 Y59.711 E.0462
;WIDTH:0.663629
G1 X163.668 Y160.451 E8.84121
;WIDTH:0.69779
G1 X163.546 Y160.83 E.03698
G1 X163.33 Y161.046 E.02837
G1 X162.997 Y161.157 E.0326
;WIDTH:0.672463
G1 X162.789 Y161.168 E.01856
;WIDTH:0.663629
G1 X130 Y161.168 E2.87765
G1 X129.048 Y161.168 E.07957
G1 X128.095 Y161.168 E.07567
G1 X127.143 Y161.168 E.07161
G1 X126.19 Y161.168 E.06771
G1 X125.238 Y161.168 E.06366
G1 X124.286 Y161.168 E.05968
G1 X123.333 Y161.168 E.05576
G1 X122.381 Y161.168 E.05172
G1 X121.429 Y161.168 E.04774
G1 X120.476 Y161.168 E.04381
G1 X119.524 Y161.168 E.03979
G1 X118.571 Y161.168 E.03584
G1 X117.619 Y161.168 E.03183
G1 X116.667 Y161.168 E.02785
G1 X115.714 Y161.168 E.0239
G1 X114.762 Y161.168 E.01989
G1 X113.81 Y161.168 E.01591
G1 X112.857 Y161.168 E.01195
G1 X111.905 Y161.168 E.00796
G1 X110.952 Y161.168 E.00398
G1 X110.09 Y161.168 E.07565
;LAYER_CHANGE
;Z:13.98
;HEIGHT:0.36
;BEFORE_LAYER_CHANGE
G92 E0
;13.98


;WIPE_START
G1 F9600
G1 X110 Y161.168 E-.01603
G1 X105.599 Y161.168 E-.78397
;WIPE_END
G1 Z13.98 F12000
;AFTER_LAYER_CHANGE
;13.98
G1 X130 Y160.582
G1 Z13.62
G1 E.8 F1800
G1 F2661
G1 X129 Y160.582 Z13.638 E.00439
G1 X128 Y160.582 Z13.656 E.00878
G1 X127 Y160.582 Z13.674 E.01316
G1 X126 Y160.582 Z13.692 E.01755
G1 X125 Y160.582 Z13.71 E.02194
G1 X124 Y160.582 Z13.728 E.02633
G1 X123 Y160.582 Z13.746 E.03072
G1 X122 Y160.582 Z13.764 E.03511
G1 X121 Y160.582 Z13.782 E.03949
G1 X120 Y160.582 Z13.8 E.04388
G1 X119 Y160.582 Z13.818 E.04827
G1 X118 Y160.582 Z13.836 E.05266
G1 X117 Y160.582 Z13.854 E.05705
G1 X116 Y160.582 Z13.872 E.06143
G1 X115 Y160.582 Z13.89 E.06582
G1 X114 Y160.582 Z13.908 E.07021
G1 X113 Y160.582 Z13.926 E.0746
G1 X112 Y160.582 Z13.944 E.07899
G1 X111 Y160.582 Z13.962 E.08337
G1 X110 Y160.582 Z13.98 E.08776
G1 X57.211 Y160.582 E4.6329
;WIDTH:0.69779
G1 X57.03 Y160.54 E.01726
G1 X56.918 Y160.38 E.01814
;WIDTH:0.663629
G1 X56.918 Y59.711 E8.83498
;WIDTH:0.697791
G1 X56.96 Y59.53 E.01726
;WIDTH:0.70251
G1 X57.166 Y59.418 E.02194
;WIDTH:0.663626
G1 X162.789 Y59.419 E9.26971
;WIDTH:0.697759
G1 X162.967 Y59.457 E.0169
G1 X163.04 Y59.53 E.00959
G1 X163.082 Y59.711 E.01726
;WIDTH:0.663629
G1 X163.082 Y160.289 E8.82699
;WIDTH:0.697789
G1 X163.04 Y160.47 E.01726
G1 X162.97 Y160.54 E.00919
G1 X162.789 Y160.582 E.01726
;WIDTH:0.663629
G1 X130 Y160.582 E2.87765
G1 X129 Y160.582 E.08337
G1 X128 Y160.582 E.07899
G1 X127 Y160.582 E.0746
G1 X126 Y160.582 E.07021
G1 X125 Y160.582 E.06582
G1 X124 Y160.582 E.06143
G1 X123 Y160.582 E.05705
G1 X122 Y160.582 E.05266
G1 X121 Y160.582 E.04827
G1 X120 Y160.582 E.04388
G1 X119 Y160.582 E.03949
G1 X118 Y160.582 E.03511
G1 X117 Y160.582 E.03072
G1 X116 Y160.582 E.02633
G1 X115 Y160.582 E.02194
G1 X114 Y160.582 E.01755
G1 X113 Y160.582 E.01316
G1 X112 Y160.582 E.00878
G1 X111 Y160.582 E.00439
G1 X110.09 Y160.582 E.07986
;WIPE_START
G1 F9600
G1 X110 Y160.582 E-.01603
G1 X105.599 Y160.582 E-.78397
;WIPE_END
G1 X130 Y161.168 F12000
G1 Z13.62
G1 E.8 F1800
G1 F2661
G1 X129 Y161.168 Z13.638 E.00439
G1 X128 Y161.168 Z13.656 E.00878
G1 X127 Y161.168 Z13.674 E.01316
G1 X126 Y161.168 Z13.692 E.01755
G1 X125 Y161.168 Z13.71 E.02194
G1 X124 Y161.168 Z13.728 E.02633
G1 X123 Y161.168 Z13.746 E.03072
G1 X122 Y161.168 Z13.764 E.03511
G1 X121 Y161.168 Z13.782 E.03949
G1 X120 Y161.168 Z13.8 E.04388
G1 X119 Y161.168 Z13.818 E.04827
G1 X118 Y161.168 Z13.836 E.05266
G1 X117 Y161.168 Z13.854 E.05705
G1 X116 Y161.168 Z13.872 E.06143
G1 X115 Y161.168 Z13.89 E.06582
G1 X114 Y161.168 Z13.908 E.07021
G1 X113 Y161.168 Z13.926 E.0746
G1 X112 Y161.168 Z13.944 E.07899
G1 X111 Y161.168 Z13.962 E.08337
G1 X110 Y161.168 Z13.98 E.08776
G1 X57.049 Y161.168 E4.64712
;WIDTH:0.69779
G1 X56.67 Y161.046 E.03698
G1 X56.454 Y160.83 E.02837
G1 X56.364 Y160.582 E.0245
;WIDTH:0.676864
G1 X56.332 Y160.289 E.02645
;WIDTH:0.663629
G1 X56.332 Y59.549 E8.84121
;WIDTH:0.697791
G1 X56.454 Y59.17 E.03698
G1 X56.67 Y58.954 E.02837
G1 X56.918 Y58.864 E.0245
;WIDTH:0.676864
G1 X57.211 Y58.832 E.02645
;WIDTH:0.663626
G1 X162.963 Y58.834 E9.28103
;WIDTH:0.697768
G1 X163.22 Y58.901 E.02467
;WIDTH:0.70246
G1 X163.41 Y59.013 E.02064
G1 X163.582 Y59.221 E.02526
;WIDTH:0.69779
G1 X163.668 Y59.711 E.0462
;WIDTH:0.663629
G1 X163.668 Y160.451 E8.84121
;WIDTH:0.697789
G1 X163.546 Y160.83 E.03698
G1 X163.33 Y161.046 E.02837
G1 X162.997 Y161.157 E.0326
;WIDTH:0.672463
G1 X162.789 Y161.168 E.01856
;WIDTH:0.663629
G1 X130 Y161.168 E2.87765
G1 X129 Y161.168 E.08337
G1 X128 Y161.168 E.07899
G1 X127 Y161.168 E.0746
G1 X126 Y161.168 E.07021
G1 X125 Y161.168 E.06582
G1 X124 Y161.168 E.06143
G1 X123 Y161.168 E.05705
G1 X122 Y161.168 E.05266
G1 X121 Y161.168 E.04827
G1 X120 Y161.168 E.04388
G1 X119 Y161.168 E.03949
G1 X118 Y161.168 E.03511
G1 X117 Y161.168 E.03072
G1 X116 Y161.168 E.02633
G1 X115 Y161.168 E.02194
G1 X114 Y161.168 E.01755
G1 X113 Y161.168 E.01316
G1 X112 Y161.168 E.00878
G1 X111 Y161.168 E.00439
G1 X110.09 Y161.168 E.07986
;LAYER_CHANGE
;Z:14.34
;HEIGHT:0.360001
;BEFORE_LAYER_CHANGE
G92 E0
;14.34


;WIPE_START
G1 F9600
G1 X110 Y161.168 E-.01603
G1 X105.599 Y161.168 E-.78397
;WIPE_END
G1 Z14.34 F12000
;AFTER_LAYER_CHANGE
;14.34
G1 X130 Y160.582
G1 Z13.98
G1 E.8 F1800
G1 F2661
G1 X129 Y160.582 Z13.998 E.00439
G1 X128 Y160.582 Z14.016 E.00878
G1 X127 Y160.582 Z14.034 E.01316
G1 X126 Y160.582 Z14.052 E.01755
G1 X125 Y160.582 Z14.07 E.02194
G1 X124 Y160.582 Z14.088 E.02633
G1 X123 Y160.582 Z14.106 E.03072
G1 X122 Y160.582 Z14.124 E.03511
G1 X121 Y160.582 Z14.142 E.03949
G1 X120 Y160.582 Z14.16 E.04388
G1 X119 Y160.582 Z14.178 E.04827
G1 X118 Y160.582 Z14.196 E.05266
G1 X117 Y160.582 Z14.214 E.05705
G1 X116 Y160.582 Z14.232 E.06143
G1 X115 Y160.582 Z14.25 E.06582
G1 X114 Y160.582 Z14.268 E.07021
G1 X113 Y160.582 Z14.286 E.0746
G1 X112 Y160.582 Z14.304 E.07899
G1 X111 Y160.582 Z14.322 E.08337
G1 X110 Y160.582 Z14.34 E.08776
G1 X57.211 Y160.582 E4.6329
;WIDTH:0.697791
G1 X57.03 Y160.54 E.01726
G1 X56.918 Y160.38 E.01814
;WIDTH:0.663629
G1 X56.918 Y59.711 E8.83498
;WIDTH:0.697791
G1 X56.96 Y59.53 E.01726
;WIDTH:0.70251
G1 X57.166 Y59.418 E.02194
;WIDTH:0.663626
G1 X162.789 Y59.419 E9.26971
;WIDTH:0.697758
G1 X162.967 Y59.457 E.0169
G1 X163.04 Y59.53 E.00959
G1 X163.082 Y59.711 E.01726
;WIDTH:0.663629
G1 X163.082 Y160.289 E8.82699
;WIDTH:0.69779
G1 X163.04 Y160.47 E.01726
G1 X162.97 Y160.54 E.00919
G1 X162.789 Y160.582 E.01726
;WIDTH:0.663629
G1 X130 Y160.582 E2.87765
G1 X129 Y160.582 E.08337
G1 X128 Y160.582 E.07899
G1 X127 Y160.582 E.0746
G1 X126 Y160.582 E.07021
G1 X125 Y160.582 E.06582
G1 X124 Y160.582 E.06143
G1 X123 Y160.582 E.05705
G1 X122 Y160.582 E.05266
G1 X121 Y160.582 E.04827
G1 X120 Y160.582 E.04388
G1 X119 Y160.582 E.03949
G1 X118 Y160.582 E.03511
G1 X117 Y160.582 E.03072
G1 X116 Y160.582 E.02633
G1 X115 Y160.582 E.02194
G1 X114 Y160.582 E.01755
G1 X113 Y160.582 E.01316
G1 X112 Y160.582 E.00878
G1 X111 Y160.582 E.00439
G1 X110.09 Y160.582 E.07986
;WIPE_START
G1 F9600
G1 X110 Y160.582 E-.01603
G1 X105.599 Y160.582 E-.78397
;WIPE_END
G1 X130 Y161.168 F12000
G1 Z13.98
G1 E.8 F1800
G1 F2661
G1 X129 Y161.168 Z13.998 E.00439
G1 X128 Y161.168 Z14.016 E.00878
G1 X127 Y161.168 Z14.034 E.01316
G1 X126 Y161.168 Z14.052 E.01755
G1 X125 Y161.168 Z14.07 E.02194
G1 X124 Y161.168 Z14.088 E.02633
G1 X123 Y161.168 Z14.106 E.03072
G1 X122 Y161.168 Z14.124 E.03511
G1 X121 Y161.168 Z14.142 E.03949
G1 X120 Y161.168 Z14.16 E.04388
G1 X119 Y161.168 Z14.178 E.04827
G1 X118 Y161.168 Z14.196 E.05266
G1 X117 Y161.168 Z14.214 E.05705
G1 X116 Y161.168 Z14.232 E.06143
G1 X115 Y161.168 Z14.25 E.06582
G1 X114 Y161.168 Z14.268 E.07021
G1 X113 Y161.168 Z14.286 E.0746
G1 X112 Y161.168 Z14.304 E.07899
G1 X111 Y161.168 Z14.322 E.08337
G1 X110 Y161.168 Z14.34 E.08776
G1 X57.049 Y161.168 E4.64712
;WIDTH:0.697791
G1 X56.67 Y161.046 E.03698
G1 X56.454 Y160.83 E.02837
G1 X56.364 Y160.582 E.0245
;WIDTH:0.676864
G1 X56.332 Y160.289 E.02645
;WIDTH:0.663629
G1 X56.332 Y59.549 E8.84121
;WIDTH:0.69779
G1 X56.454 Y59.17 E.03698
G1 X56.67 Y58.954 E.02837
G1 X56.918 Y58.864 E.0245
;WIDTH:0.676864
G1 X57.211 Y58.832 E.02645
;WIDTH:0.663626
G1 X162.961 Y58.834 E9.28085
;WIDTH:0.697764
G1 X163.22 Y58.901 E.02485
;WIDTH:0.70246
G1 X163.41 Y59.013 E.02064
G1 X163.582 Y59.221 E.02526
;WIDTH:0.69779
G1 X163.668 Y59.711 E.0462
;WIDTH:0.663629
G1 X163.668 Y160.451 E8.84121
;WIDTH:0.69779
G1 X163.546 Y160.83 E.03698
G1 X163.33 Y161.046 E.02837
G1 X162.997 Y161.157 E.0326
;WIDTH:0.672463
G1 X162.789 Y161.168 E.01856
;WIDTH:0.663629
G1 X130 Y161.168 E2.87765
G1 X129 Y161.168 E.08337
G1 X128 Y161.168 E.07899
G1 X127 Y161.168 E.0746
G1 X126 Y161.168 E.07021
G1 X125 Y161.168 E.06582
G1 X124 Y161.168 E.06143
G1 X123 Y161.168 E.05705
G1 X122 Y161.168 E.05266
G1 X121 Y161.168 E.04827
G1 X120 Y161.168 E.04388
G1 X119 Y161.168 E.03949
G1 X118 Y161.168 E.03511
G1 X117 Y161.168 E.03072
G1 X116 Y161.168 E.02633
G1 X115 Y161.168 E.02194
G1 X114 Y161.168 E.01755
G1 X113 Y161.168 E.01316
G1 X112 Y161.168 E.00878
G1 X111 Y161.168 E.00439
G1 X110.09 Y161.168 E.07986
;LAYER_CHANGE
;Z:14.7
;HEIGHT:0.36
;BEFORE_LAYER_CHANGE
G92 E0
;14.7


;WIPE_START
G1 F9600
G1 X110 Y161.168 E-.01603
G1 X105.599 Y161.168 E-.78397
;WIPE_END
G1 Z14.7 F12000
;AFTER_LAYER_CHANGE
;14.7
G1 X130 Y160.582
G1 Z14.34
G1 E.8 F1800
G1 F2661
G1 X129 Y160.582 Z14.358 E.00439
G1 X128 Y160.582 Z14.376 E.00878
G1 X127 Y160.582 Z14.394 E.01316
G1 X126 Y160.582 Z14.412 E.01755
G1 X125 Y160.582 Z14.43 E.02194
G1 X124 Y160.582 Z14.448 E.02633
G1 X123 Y160.582 Z14.466 E.03072
G1 X122 Y160.582 Z14.484 E.03511
G1 X121 Y160.582 Z14.502 E.03949
G1 X120 Y160.582 Z14.52 E.04388
G1 X119 Y160.582 Z14.538 E.04827
G1 X118 Y160.582 Z14.556 E.05266
G1 X117 Y160.582 Z14.574 E.05705
G1 X116 Y160.582 Z14.592 E.06143
G1 X115 Y160.582 Z14.61 E.06582
G1 X114 Y160.582 Z14.628 E.07021
G1 X113 Y160.582 Z14.646 E.0746
G1 X112 Y160.582 Z14.664 E.07899
G1 X111 Y160.582 Z14.682 E.08337
G1 X110 Y160.582 Z14.7 E.08776
G1 X57.211 Y160.582 E4.6329
;WIDTH:0.697791
G1 X57.03 Y160.54 E.01726
G1 X56.918 Y160.38 E.01814
;WIDTH:0.663629
G1 X56.918 Y59.711 E8.83498
;WIDTH:0.697791
G1 X56.96 Y59.53 E.01726
;WIDTH:0.702509
G1 X57.166 Y59.418 E.02194
;WIDTH:0.663626
G1 X162.789 Y59.419 E9.26971
;WIDTH:0.697759
G1 X162.967 Y59.457 E.0169
G1 X163.04 Y59.53 E.00959
G1 X163.082 Y59.711 E.01726
;WIDTH:0.663629
G1 X163.082 Y160.289 E8.82699
;WIDTH:0.69779
G1 X163.04 Y160.47 E.01726
G1 X162.97 Y160.54 E.00919
G1 X162.789 Y160.582 E.01726
;WIDTH:0.663629
G1 X130 Y160.582 E2.87765
G1 X129 Y160.582 E.08337
G1 X128 Y160.582 E.07899
G1 X127 Y160.582 E.0746
G1 X126 Y160.582 E.07021
G1 X125 Y160.582 E.06582
G1 X124 Y160.582 E.06143
G1 X123 Y160.582 E.05705
G1 X122 Y160.582 E.05266
G1 X121 Y160.582 E.04827
G1 X120 Y160.582 E.04388
G1 X119 Y160.582 E.03949
G1 X118 Y160.582 E.03511
G1 X117 Y160.582 E.03072
G1 X116 Y160.582 E.02633
G1 X115 Y160.582 E.02194
G1 X114 Y160.582 E.01755
G1 X113 Y160.582 E.01316
G1 X112 Y160.582 E.00878
G1 X111 Y160.582 E.00439
G1 X110.09 Y160.582 E.07986
;WIPE_START
G1 F9600
G1 X110 Y160.582 E-.01603
G1 X105.599 Y160.582 E-.78397
;WIPE_END
G1 X130 Y161.168 F12000
G1 Z14.34
G1 E.8 F1800
G1 F2661
G1 X129 Y161.168 Z14.358 E.00439
G1 X128 Y161.168 Z14.376 E.00878
G1 X127 Y161.168 Z14.394 E.01316
G1 X126 Y161.168 Z14.412 E.01755
G1 X125 Y161.168 Z14.43 E.02194
G1 X124 Y161.168 Z14.448 E.02633
G1 X123 Y161.168 Z14.466 E.03072
G1 X122 Y161.168 Z14.484 E.03511
G1 X121 Y161.168 Z14.502 E.03949
G1 X120 Y161.168 Z14.52 E.04388
G1 X119 Y161.168 Z14.538 E.04827
G1 X118 Y161.168 Z14.556 E.05266
G1 X117 Y161.168 Z14.574 E.05705
G1 X116 Y161.168 Z14.592 E.06143
G1 X115 Y161.168 Z14.61 E.06582
G1 X114 Y161.168 Z14.628 E.07021
G1 X113 Y161.168 Z14.646 E.0746
G1 X112 Y161.168 Z14.664 E.07899
G1 X111 Y161.168 Z14.682 E.08337
G1 X110 Y161.168 Z14.7 E.08776
G1 X57.049 Y161.168 E4.64712
;WIDTH:0.697791
G1 X56.67 Y161.046 E.03698
G1 X56.454 Y160.83 E.02837
G1 X56.364 Y160.582 E.0245
;WIDTH:0.676864
G1 X56.332 Y160.289 E.02645
;WIDTH:0.663629
G1 X56.332 Y59.549 E8.84121
;WIDTH:0.69779
G1 X56.454 Y59.17 E.03698
G1 X56.67 Y58.954 E.02837
G1 X56.918 Y58.864 E.0245
;WIDTH:0.676865
G1 X57.211 Y58.832 E.02645
;WIDTH:0.663626
G1 X162.959 Y58.834 E9.28068
;WIDTH:0.697763
G1 X163.22 Y58.901 E.02503
;WIDTH:0.702461
G1 X163.41 Y59.013 E.02064
G1 X163.582 Y59.221 E.02526
;WIDTH:0.69779
G1 X163.668 Y59.711 E.0462
;WIDTH:0.663629
G1 X163.668 Y160.451 E8.84121
;WIDTH:0.69779
G1 X163.546 Y160.83 E.03698
G1 X163.33 Y161.046 E.02837
G1 X162.997 Y161.157 E.0326
;WIDTH:0.672463
G1 X162.789 Y161.168 E.01856
;WIDTH:0.663629
G1 X130 Y161.168 E2.87765
G1 X129 Y161.168 E.08337
G1 X128 Y161.168 E.07899
G1 X127 Y161.168 E.0746
G1 X126 Y161.168 E.07021
G1 X125 Y161.168 E.06582
G1 X124 Y161.168 E.06143
G1 X123 Y161.168 E.05705
G1 X122 Y161.168 E.05266
G1 X121 Y161.168 E.04827
G1 X120 Y161.168 E.04388
G1 X119 Y161.168 E.03949
G1 X118 Y161.168 E.03511
G1 X117 Y161.168 E.03072
G1 X116 Y161.168 E.02633
G1 X115 Y161.168 E.02194
G1 X114 Y161.168 E.01755
G1 X113 Y161.168 E.01316
G1 X112 Y161.168 E.00878
G1 X111 Y161.168 E.00439
G1 X110.09 Y161.168 E.07986
;LAYER_CHANGE
;Z:15.06
;HEIGHT:0.360001
;BEFORE_LAYER_CHANGE
G92 E0
;15.06


;WIPE_START
G1 F9600
G1 X110 Y161.168 E-.01603
G1 X105.599 Y161.168 E-.78397
;WIPE_END
G1 Z15.06 F12000
;AFTER_LAYER_CHANGE
;15.06
G1 X130 Y160.582
G1 Z14.7
G1 E.8 F1800
G1 F2661
G1 X129 Y160.582 Z14.718 E.00439
G1 X128 Y160.582 Z14.736 E.00878
G1 X127 Y160.582 Z14.754 E.01316
G1 X126 Y160.582 Z14.772 E.01755
G1 X125 Y160.582 Z14.79 E.02194
G1 X124 Y160.582 Z14.808 E.02633
G1 X123 Y160.582 Z14.826 E.03072
G1 X122 Y160.582 Z14.844 E.03511
G1 X121 Y160.582 Z14.862 E.03949
G1 X120 Y160.582 Z14.88 E.04388
G1 X119 Y160.582 Z14.898 E.04827
G1 X118 Y160.582 Z14.916 E.05266
G1 X117 Y160.582 Z14.934 E.05705
G1 X116 Y160.582 Z14.952 E.06143
G1 X115 Y160.582 Z14.97 E.06582
G1 X114 Y160.582 Z14.988 E.07021
G1 X113 Y160.582 Z15.006 E.0746
G1 X112 Y160.582 Z15.024 E.07899
G1 X111 Y160.582 Z15.042 E.08337
G1 X110 Y160.582 Z15.06 E.08776
G1 X57.211 Y160.582 E4.6329
;WIDTH:0.697791
G1 X57.03 Y160.54 E.01726
G1 X56.918 Y160.38 E.01814
;WIDTH:0.663629
G1 X56.918 Y59.711 E8.83498
;WIDTH:0.697791
G1 X56.96 Y59.53 E.01726
;WIDTH:0.702509
G1 X57.166 Y59.418 E.02194
;WIDTH:0.663626
G1 X162.789 Y59.419 E9.26971
;WIDTH:0.697758
G1 X162.967 Y59.457 E.0169
G1 X163.04 Y59.53 E.00959
G1 X163.082 Y59.711 E.01726
;WIDTH:0.663629
G1 X163.082 Y160.289 E8.82699
;WIDTH:0.69779
G1 X163.04 Y160.47 E.01726
G1 X162.97 Y160.54 E.00919
G1 X162.789 Y160.582 E.01726
;WIDTH:0.663629
G1 X130 Y160.582 E2.87765
G1 X129 Y160.582 E.08337
G1 X128 Y160.582 E.07899
G1 X127 Y160.582 E.0746
G1 X126 Y160.582 E.07021
G1 X125 Y160.582 E.06582
G1 X124 Y160.582 E.06143
G1 X123 Y160.582 E.05705
G1 X122 Y160.582 E.05266
G1 X121 Y160.582 E.04827
G1 X120 Y160.582 E.04388
G1 X119 Y160.582 E.03949
G1 X118 Y160.582 E.03511
G1 X117 Y160.582 E.03072
G1 X116 Y160.582 E.02633
G1 X115 Y160.582 E.02194
G1 X114 Y160.582 E.01755
G1 X113 Y160.582 E.01316
G1 X112 Y160.582 E.00878
G1 X111 Y160.582 E.00439
G1 X110.09 Y160.582 E.07986
;WIPE_START
G1 F9600
G1 X110 Y160.582 E-.01603
G1 X105.599 Y160.582 E-.78397
;WIPE_END
G1 X130 Y161.168 F12000
G1 Z14.7
G1 E.8 F1800
G1 F2661
G1 X129 Y161.168 Z14.718 E.00439
G1 X128 Y161.168 Z14.736 E.00878
G1 X127 Y161.168 Z14.754 E.01316
G1 X126 Y161.168 Z14.772 E.01755
G1 X125 Y161.168 Z14.79 E.02194
G1 X124 Y161.168 Z14.808 E.02633
G1 X123 Y161.168 Z14.826 E.03072
G1 X122 Y161.168 Z14.844 E.03511
G1 X121 Y161.168 Z14.862 E.03949
G1 X120 Y161.168 Z14.88 E.04388
G1 X119 Y161.168 Z14.898 E.04827
G1 X118 Y161.168 Z14.916 E.05266
G1 X117 Y161.168 Z14.934 E.05705
G1 X116 Y161.168 Z14.952 E.06143
G1 X115 Y161.168 Z14.97 E.06582
G1 X114 Y161.168 Z14.988 E.07021
G1 X113 Y161.168 Z15.006 E.0746
G1 X112 Y161.168 Z15.024 E.07899
G1 X111 Y161.168 Z15.042 E.08337
G1 X110 Y161.168 Z15.06 E.08776
G1 X57.049 Y161.168 E4.64712
;WIDTH:0.697791
G1 X56.67 Y161.046 E.03698
G1 X56.454 Y160.83 E.02837
G1 X56.364 Y160.582 E.0245
;WIDTH:0.676864
G1 X56.332 Y160.289 E.02645
;WIDTH:0.663629
G1 X56.332 Y59.549 E8.84121
;WIDTH:0.697791
G1 X56.454 Y59.17 E.03698
G1 X56.67 Y58.954 E.02837
G1 X56.918 Y58.864 E.0245
;WIDTH:0.676864
G1 X57.211 Y58.832 E.02645
;WIDTH:0.663626
G1 X162.958 Y58.834 E9.28059
;WIDTH:0.697762
G1 X163.22 Y58.901 E.02512
;WIDTH:0.702459
G1 X163.41 Y59.013 E.02064
G1 X163.582 Y59.221 E.02526
;WIDTH:0.69779
G1 X163.668 Y59.711 E.0462
;WIDTH:0.663629
G1 X163.668 Y160.451 E8.84121
;WIDTH:0.69779
G1 X163.546 Y160.83 E.03698
G1 X163.33 Y161.046 E.02837
G1 X162.997 Y161.157 E.0326
;WIDTH:0.672463
G1 X162.789 Y161.168 E.01856
;WIDTH:0.663629
G1 X130 Y161.168 E2.87765
G1 X129 Y161.168 E.08337
G1 X128 Y161.168 E.07899
G1 X127 Y161.168 E.0746
G1 X126 Y161.168 E.07021
G1 X125 Y161.168 E.06582
G1 X124 Y161.168 E.06143
G1 X123 Y161.168 E.05705
G1 X122 Y161.168 E.05266
G1 X121 Y161.168 E.04827
G1 X120 Y161.168 E.04388
G1 X119 Y161.168 E.03949
G1 X118 Y161.168 E.03511
G1 X117 Y161.168 E.03072
G1 X116 Y161.168 E.02633
G1 X115 Y161.168 E.02194
G1 X114 Y161.168 E.01755
G1 X113 Y161.168 E.01316
G1 X112 Y161.168 E.00878
G1 X111 Y161.168 E.00439
G1 X110.09 Y161.168 E.07986
;LAYER_CHANGE
;Z:15.42
;HEIGHT:0.36
;BEFORE_LAYER_CHANGE
G92 E0
;15.42


;WIPE_START
G1 F9600
G1 X110 Y161.168 E-.01603
G1 X105.599 Y161.168 E-.78397
;WIPE_END
G1 Z15.42 F12000
;AFTER_LAYER_CHANGE
;15.42
G1 X130 Y160.582
G1 Z15.06
G1 E.8 F1800
G1 F2661
G1 X129 Y160.582 Z15.078 E.00439
G1 X128 Y160.582 Z15.096 E.00878
G1 X127 Y160.582 Z15.114 E.01316
G1 X126 Y160.582 Z15.132 E.01755
G1 X125 Y160.582 Z15.15 E.02194
G1 X124 Y160.582 Z15.168 E.02633
G1 X123 Y160.582 Z15.186 E.03072
G1 X122 Y160.582 Z15.204 E.03511
G1 X121 Y160.582 Z15.222 E.03949
G1 X120 Y160.582 Z15.24 E.04388
G1 X119 Y160.582 Z15.258 E.04827
G1 X118 Y160.582 Z15.276 E.05266
G1 X117 Y160.582 Z15.294 E.05705
G1 X116 Y160.582 Z15.312 E.06143
G1 X115 Y160.582 Z15.33 E.06582
G1 X114 Y160.582 Z15.348 E.07021
G1 X113 Y160.582 Z15.366 E.0746
G1 X112 Y160.582 Z15.384 E.07899
G1 X111 Y160.582 Z15.402 E.08337
G1 X110 Y160.582 Z15.42 E.08776
G1 X57.211 Y160.582 E4.6329
;WIDTH:0.697791
G1 X57.03 Y160.54 E.01726
G1 X56.918 Y160.38 E.01814
;WIDTH:0.663629
G1 X56.918 Y59.711 E8.83498
;WIDTH:0.697791
G1 X56.96 Y59.53 E.01726
;WIDTH:0.702509
G1 X57.166 Y59.418 E.02194
;WIDTH:0.663626
G1 X162.789 Y59.419 E9.26971
;WIDTH:0.697758
G1 X162.967 Y59.457 E.0169
G1 X163.04 Y59.53 E.00959
G1 X163.082 Y59.711 E.01726
;WIDTH:0.663629
G1 X163.082 Y160.289 E8.82699
;WIDTH:0.69779
G1 X163.04 Y160.47 E.01726
G1 X162.97 Y160.54 E.00919
G1 X162.789 Y160.582 E.01726
;WIDTH:0.663629
G1 X130 Y160.582 E2.87765
G1 X129 Y160.582 E.08337
G1 X128 Y160.582 E.07899
G1 X127 Y160.582 E.0746
G1 X126 Y160.582 E.07021
G1 X125 Y160.582 E.06582
G1 X124 Y160.582 E.06143
G1 X123 Y160.582 E.05705
G1 X122 Y160.582 E.05266
G1 X121 Y160.582 E.04827
G1 X120 Y160.582 E.04388
G1 X119 Y160.582 E.03949
G1 X118 Y160.582 E.03511
G1 X117 Y160.582 E.03072
G1 X116 Y160.582 E.02633
G1 X115 Y160.582 E.02194
G1 X114 Y160.582 E.01755
G1 X113 Y160.582 E.01316
G1 X112 Y160.582 E.00878
G1 X111 Y160.582 E.00439
G1 X110.09 Y160.582 E.07986
;WIPE_START
G1 F9600
G1 X110 Y160.582 E-.01603
G1 X105.599 Y160.582 E-.78397
;WIPE_END
G1 X130 Y161.168 F12000
G1 Z15.06
G1 E.8 F1800
G1 F2661
G1 X129 Y161.168 Z15.078 E.00439
G1 X128 Y161.168 Z15.096 E.00878
G1 X127 Y161.168 Z15.114 E.01316
G1 X126 Y161.168 Z15.132 E.01755
G1 X125 Y161.168 Z15.15 E.02194
G1 X124 Y161.168 Z15.168 E.02633
G1 X123 Y161.168 Z15.186 E.03072
G1 X122 Y161.168 Z15.204 E.03511
G1 X121 Y161.168 Z15.222 E.03949
G1 X120 Y161.168 Z15.24 E.04388
G1 X119 Y161.168 Z15.258 E.04827
G1 X118 Y161.168 Z15.276 E.05266
G1 X117 Y161.168 Z15.294 E.05705
G1 X116 Y161.168 Z15.312 E.06143
G1 X115 Y161.168 Z15.33 E.06582
G1 X114 Y161.168 Z15.348 E.07021
G1 X113 Y161.168 Z15.366 E.0746
G1 X112 Y161.168 Z15.384 E.07899
G1 X111 Y161.168 Z15.402 E.08337
G1 X110 Y161.168 Z15.42 E.08776
G1 X57.049 Y161.168 E4.64712
;WIDTH:0.697791
G1 X56.67 Y161.046 E.03698
G1 X56.454 Y160.83 E.02837
G1 X56.364 Y160.582 E.0245
;WIDTH:0.676865
G1 X56.332 Y160.289 E.02645
;WIDTH:0.663629
G1 X56.332 Y59.549 E8.84121
;WIDTH:0.697791
G1 X56.454 Y59.17 E.03698
G1 X56.67 Y58.954 E.02837
G1 X56.918 Y58.864 E.0245
;WIDTH:0.676864
G1 X57.211 Y58.832 E.02645
;WIDTH:0.663626
G1 X162.956 Y58.834 E9.28041
;WIDTH:0.697761
G1 X163.22 Y58.901 E.0253
;WIDTH:0.70246
G1 X163.41 Y59.013 E.02064
G1 X163.582 Y59.221 E.02526
;WIDTH:0.69779
G1 X163.668 Y59.711 E.0462
;WIDTH:0.663629
G1 X163.668 Y160.451 E8.84121
;WIDTH:0.697789
G1 X163.546 Y160.83 E.03698
G1 X163.33 Y161.046 E.02837
G1 X162.997 Y161.157 E.0326
;WIDTH:0.672463
G1 X162.789 Y161.168 E.01856
;WIDTH:0.663629
G1 X130 Y161.168 E2.87765
G1 X129 Y161.168 E.08337
G1 X128 Y161.168 E.07899
G1 X127 Y161.168 E.0746
G1 X126 Y161.168 E.07021
G1 X125 Y161.168 E.06582
G1 X124 Y161.168 E.06143
G1 X123 Y161.168 E.05705
G1 X122 Y161.168 E.05266
G1 X121 Y161.168 E.04827
G1 X120 Y161.168 E.04388
G1 X119 Y161.168 E.03949
G1 X118 Y161.168 E.03511
G1 X117 Y161.168 E.03072
G1 X116 Y161.168 E.02633
G1 X115 Y161.168 E.02194
G1 X114 Y161.168 E.01755
G1 X113 Y161.168 E.01316
G1 X112 Y161.168 E.00878
G1 X111 Y161.168 E.00439
G1 X110.09 Y161.168 E.07986
;LAYER_CHANGE
;Z:15.78
;HEIGHT:0.36
;BEFORE_LAYER_CHANGE
G92 E0
;15.78


;WIPE_START
G1 F9600
G1 X110 Y161.168 E-.01603
G1 X105.599 Y161.168 E-.78397
;WIPE_END
G1 Z15.78 F12000
;AFTER_LAYER_CHANGE
;15.78
G1 X130 Y160.582
G1 Z15.42
G1 E.8 F1800
G1 F2661
G1 X129 Y160.582 Z15.438 E.00439
G1 X128 Y160.582 Z15.456 E.00878
G1 X127 Y160.582 Z15.474 E.01316
G1 X126 Y160.582 Z15.492 E.01755
G1 X125 Y160.582 Z15.51 E.02194
G1 X124 Y160.582 Z15.528 E.02633
G1 X123 Y160.582 Z15.546 E.03072
G1 X122 Y160.582 Z15.564 E.03511
G1 X121 Y160.582 Z15.582 E.03949
G1 X120 Y160.582 Z15.6 E.04388
G1 X119 Y160.582 Z15.618 E.04827
G1 X118 Y160.582 Z15.636 E.05266
G1 X117 Y160.582 Z15.654 E.05705
G1 X116 Y160.582 Z15.672 E.06143
G1 X115 Y160.582 Z15.69 E.06582
G1 X114 Y160.582 Z15.708 E.07021
G1 X113 Y160.582 Z15.726 E.0746
G1 X112 Y160.582 Z15.744 E.07899
G1 X111 Y160.582 Z15.762 E.08337
G1 X110 Y160.582 Z15.78 E.08776
G1 X57.211 Y160.582 E4.6329
;WIDTH:0.697791
G1 X57.03 Y160.54 E.01726
G1 X56.918 Y160.38 E.01814
;WIDTH:0.663629
G1 X56.918 Y59.711 E8.83498
;WIDTH:0.697791
G1 X56.96 Y59.53 E.01726
;WIDTH:0.70251
G1 X57.166 Y59.418 E.02194
;WIDTH:0.663626
G1 X162.789 Y59.419 E9.26971
;WIDTH:0.69776
G1 X162.967 Y59.457 E.0169
G1 X163.04 Y59.53 E.00959
G1 X163.082 Y59.711 E.01726
;WIDTH:0.663629
G1 X163.082 Y160.289 E8.82699
;WIDTH:0.69779
G1 X163.04 Y160.47 E.01726
G1 X162.97 Y160.54 E.00919
G1 X162.789 Y160.582 E.01726
;WIDTH:0.663629
G1 X130 Y160.582 E2.87765
G1 X129 Y160.582 E.08337
G1 X128 Y160.582 E.07899
G1 X127 Y160.582 E.0746
G1 X126 Y160.582 E.07021
G1 X125 Y160.582 E.06582
G1 X124 Y160.582 E.06143
G1 X123 Y160.582 E.05705
G1 X122 Y160.582 E.05266
G1 X121 Y160.582 E.04827
G1 X120 Y160.582 E.04388
G1 X119 Y160.582 E.03949
G1 X118 Y160.582 E.03511
G1 X117 Y160.582 E.03072
G1 X116 Y160.582 E.02633
G1 X115 Y160.582 E.02194
G1 X114 Y160.582 E.01755
G1 X113 Y160.582 E.01316
G1 X112 Y160.582 E.00878
G1 X111 Y160.582 E.00439
G1 X110.09 Y160.582 E.07986
;WIPE_START
G1 F9600
G1 X110 Y160.582 E-.01603
G1 X105.599 Y160.582 E-.78397
;WIPE_END
G1 X130 Y161.168 F12000
G1 Z15.42
G1 E.8 F1800
G1 F2661
G1 X129 Y161.168 Z15.438 E.00439
G1 X128 Y161.168 Z15.456 E.00878
G1 X127 Y161.168 Z15.474 E.01316
G1 X126 Y161.168 Z15.492 E.01755
G1 X125 Y161.168 Z15.51 E.02194
G1 X124 Y161.168 Z15.528 E.02633
G1 X123 Y161.168 Z15.546 E.03072
G1 X122 Y161.168 Z15.564 E.03511
G1 X121 Y161.168 Z15.582 E.03949
G1 X120 Y161.168 Z15.6 E.04388
G1 X119 Y161.168 Z15.618 E.04827
G1 X118 Y161.168 Z15.636 E.05266
G1 X117 Y161.168 Z15.654 E.05705
G1 X116 Y161.168 Z15.672 E.06143
G1 X115 Y161.168 Z15.69 E.06582
G1 X114 Y161.168 Z15.708 E.07021
G1 X113 Y161.168 Z15.726 E.0746
G1 X112 Y161.168 Z15.744 E.07899
G1 X111 Y161.168 Z15.762 E.08337
G1 X110 Y161.168 Z15.78 E.08776
G1 X57.049 Y161.168 E4.64712
;WIDTH:0.69779
G1 X56.67 Y161.046 E.03698
G1 X56.454 Y160.83 E.02837
G1 X56.364 Y160.582 E.0245
;WIDTH:0.676864
G1 X56.332 Y160.289 E.02645
;WIDTH:0.663629
G1 X56.332 Y59.549 E8.84121
;WIDTH:0.697791
G1 X56.454 Y59.17 E.03698
G1 X56.67 Y58.954 E.02837
G1 X56.918 Y58.864 E.0245
;WIDTH:0.676864
G1 X57.211 Y58.832 E.02645
;WIDTH:0.663626
G1 X162.954 Y58.834 E9.28024
;WIDTH:0.697761
G1 X163.22 Y58.902 E.0255
;WIDTH:0.70246
G1 X163.41 Y59.013 E.02059
G1 X163.582 Y59.221 E.02526
;WIDTH:0.697789
G1 X163.668 Y59.711 E.0462
;WIDTH:0.663629
G1 X163.668 Y160.451 E8.84121
;WIDTH:0.69779
G1 X163.546 Y160.83 E.03698
G1 X163.33 Y161.046 E.02837
G1 X162.997 Y161.157 E.0326
;WIDTH:0.672463
G1 X162.789 Y161.168 E.01856
;WIDTH:0.663629
G1 X130 Y161.168 E2.87765
G1 X129 Y161.168 E.08337
G1 X128 Y161.168 E.07899
G1 X127 Y161.168 E.0746
G1 X126 Y161.168 E.07021
G1 X125 Y161.168 E.06582
G1 X124 Y161.168 E.06143
G1 X123 Y161.168 E.05705
G1 X122 Y161.168 E.05266
G1 X121 Y161.168 E.04827
G1 X120 Y161.168 E.04388
G1 X119 Y161.168 E.03949
G1 X118 Y161.168 E.03511
G1 X117 Y161.168 E.03072
G1 X116 Y161.168 E.02633
G1 X115 Y161.168 E.02194
G1 X114 Y161.168 E.01755
G1 X113 Y161.168 E.01316
G1 X112 Y161.168 E.00878
G1 X111 Y161.168 E.00439
G1 X110.09 Y161.168 E.07986
;LAYER_CHANGE
;Z:16.14
;HEIGHT:0.36
;BEFORE_LAYER_CHANGE
G92 E0
;16.14


;WIPE_START
G1 F9600
G1 X110 Y161.168 E-.01603
G1 X105.599 Y161.168 E-.78397
;WIPE_END
G1 Z16.14 F12000
;AFTER_LAYER_CHANGE
;16.14
G1 X130 Y160.582
G1 Z15.78
G1 E.8 F1800
G1 F2661
G1 X129 Y160.582 Z15.798 E.00439
G1 X128 Y160.582 Z15.816 E.00878
G1 X127 Y160.582 Z15.834 E.01316
G1 X126 Y160.582 Z15.852 E.01755
G1 X125 Y160.582 Z15.87 E.02194
G1 X124 Y160.582 Z15.888 E.02633
G1 X123 Y160.582 Z15.906 E.03072
G1 X122 Y160.582 Z15.924 E.03511
G1 X121 Y160.582 Z15.942 E.03949
G1 X120 Y160.582 Z15.96 E.04388
G1 X119 Y160.582 Z15.978 E.04827
G1 X118 Y160.582 Z15.996 E.05266
G1 X117 Y160.582 Z16.014 E.05705
G1 X116 Y160.582 Z16.032 E.06143
G1 X115 Y160.582 Z16.05 E.06582
G1 X114 Y160.582 Z16.068 E.07021
G1 X113 Y160.582 Z16.086 E.0746
G1 X112 Y160.582 Z16.104 E.07899
G1 X111 Y160.582 Z16.122 E.08337
G1 X110 Y160.582 Z16.14 E.08776
G1 X57.211 Y160.582 E4.6329
;WIDTH:0.697791
G1 X57.03 Y160.54 E.01726
G1 X56.918 Y160.38 E.01814
;WIDTH:0.663629
G1 X56.918 Y59.711 E8.83498
;WIDTH:0.69779
G1 X56.96 Y59.53 E.01726
G1 X57.12 Y59.418 E.01814
;WIDTH:0.663626
G1 X162.789 Y59.419 E9.27374
;WIDTH:0.697759
G1 X162.967 Y59.457 E.0169
G1 X163.04 Y59.53 E.00959
G1 X163.082 Y59.711 E.01726
;WIDTH:0.663629
G1 X163.082 Y160.289 E8.82699
;WIDTH:0.69779
G1 X163.04 Y160.47 E.01726
G1 X162.97 Y160.54 E.00919
G1 X162.789 Y160.582 E.01726
;WIDTH:0.663629
G1 X130 Y160.582 E2.87765
G1 X129 Y160.582 E.08337
G1 X128 Y160.582 E.07899
G1 X127 Y160.582 E.0746
G1 X126 Y160.582 E.07021
G1 X125 Y160.582 E.06582
G1 X124 Y160.582 E.06143
G1 X123 Y160.582 E.05705
G1 X122 Y160.582 E.05266
G1 X121 Y160.582 E.04827
G1 X120 Y160.582 E.04388
G1 X119 Y160.582 E.03949
G1 X118 Y160.582 E.03511
G1 X117 Y160.582 E.03072
G1 X116 Y160.582 E.02633
G1 X115 Y160.582 E.02194
G1 X114 Y160.582 E.01755
G1 X113 Y160.582 E.01316
G1 X112 Y160.582 E.00878
G1 X111 Y160.582 E.00439
G1 X110.09 Y160.582 E.07986
;WIPE_START
G1 F9600
G1 X110 Y160.582 E-.01603
G1 X105.599 Y160.582 E-.78397
;WIPE_END
G1 X130 Y161.168 F12000
G1 Z15.78
G1 E.8 F1800
G1 F2661
G1 X129.048 Y161.168 Z15.797 E.00398
G1 X128.095 Y161.168 Z15.814 E.00797
G1 X127.143 Y161.168 Z15.831 E.01194
G1 X126.19 Y161.168 Z15.849 E.01593
G1 X125.238 Y161.168 Z15.866 E.01989
G1 X124.286 Y161.168 Z15.883 E.02387
G1 X123.333 Y161.168 Z15.9 E.02788
G1 X122.381 Y161.168 Z15.917 E.03183
G1 X121.429 Y161.168 Z15.934 E.03581
G1 X120.476 Y161.168 Z15.951 E.03983
G1 X119.524 Y161.168 Z15.969 E.04376
G1 X118.571 Y161.168 Z15.986 E.04779
G1 X117.619 Y161.168 Z16.003 E.05172
G1 X116.667 Y161.168 Z16.02 E.0557
G1 X115.714 Y161.168 Z16.037 E.05974
G1 X114.762 Y161.168 Z16.054 E.06366
G1 X113.81 Y161.168 Z16.071 E.06764
G1 X112.857 Y161.168 Z16.089 E.07169
G1 X111.905 Y161.168 Z16.106 E.07559
G1 X110.952 Y161.168 Z16.123 E.07966
G1 X110 Y161.168 Z16.14 E.08355
G1 X57.049 Y161.168 E4.64712
;WIDTH:0.697791
G1 X56.67 Y161.046 E.03698
G1 X56.454 Y160.83 E.02837
G1 X56.364 Y160.582 E.0245
;WIDTH:0.676864
G1 X56.332 Y160.289 E.02645
;WIDTH:0.663629
G1 X56.332 Y59.549 E8.84121
;WIDTH:0.697791
G1 X56.454 Y59.17 E.03698
G1 X56.67 Y58.954 E.02837
G1 X56.918 Y58.864 E.0245
;WIDTH:0.676864
G1 X57.211 Y58.832 E.02645
;WIDTH:0.663626
G1 X162.952 Y58.834 E9.28006
;WIDTH:0.69776
G1 X163.22 Y58.902 E.02568
;WIDTH:0.70246
G1 X163.41 Y59.013 E.02059
G1 X163.582 Y59.221 E.02526
;WIDTH:0.69779
G1 X163.668 Y59.711 E.0462
;WIDTH:0.663629
G1 X163.668 Y160.451 E8.84121
;WIDTH:0.69779
G1 X163.546 Y160.83 E.03698
G1 X163.33 Y161.046 E.02837
G1 X162.997 Y161.157 E.0326
;WIDTH:0.672463
G1 X162.789 Y161.168 E.01856
;WIDTH:0.663629
G1 X130 Y161.168 E2.87765
G1 X129.048 Y161.168 E.07957
G1 X128.095 Y161.168 E.07567
G1 X127.143 Y161.168 E.07161
G1 X126.19 Y161.168 E.06771
G1 X125.238 Y161.168 E.06366
G1 X124.286 Y161.168 E.05968
G1 X123.333 Y161.168 E.05576
G1 X122.381 Y161.168 E.05172
G1 X121.429 Y161.168 E.04774
G1 X120.476 Y161.168 E.04381
G1 X119.524 Y161.168 E.03979
G1 X118.571 Y161.168 E.03584
G1 X117.619 Y161.168 E.03183
G1 X116.667 Y161.168 E.02785
G1 X115.714 Y161.168 E.0239
G1 X114.762 Y161.168 E.01989
G1 X113.81 Y161.168 E.01591
G1 X112.857 Y161.168 E.01195
G1 X111.905 Y161.168 E.00796
G1 X110.952 Y161.168 E.00398
G1 X110.09 Y161.168 E.07565
;LAYER_CHANGE
;Z:16.5
;HEIGHT:0.360001
;BEFORE_LAYER_CHANGE
G92 E0
;16.5


;WIPE_START
G1 F9600
G1 X110 Y161.168 E-.01603
G1 X105.599 Y161.168 E-.78397
;WIPE_END
G1 Z16.5 F12000
;AFTER_LAYER_CHANGE
;16.5
G1 X130 Y160.582
G1 Z16.14
G1 E.8 F1800
G1 F2661
G1 X129 Y160.582 Z16.158 E.00439
G1 X128 Y160.582 Z16.176 E.00878
G1 X127 Y160.582 Z16.194 E.01316
G1 X126 Y160.582 Z16.212 E.01755
G1 X125 Y160.582 Z16.23 E.02194
G1 X124 Y160.582 Z16.248 E.02633
G1 X123 Y160.582 Z16.266 E.03072
G1 X122 Y160.582 Z16.284 E.03511
G1 X121 Y160.582 Z16.302 E.03949
G1 X120 Y160.582 Z16.32 E.04388
G1 X119 Y160.582 Z16.338 E.04827
G1 X118 Y160.582 Z16.356 E.05266
G1 X117 Y160.582 Z16.374 E.05705
G1 X116 Y160.582 Z16.392 E.06143
G1 X115 Y160.582 Z16.41 E.06582
G1 X114 Y160.582 Z16.428 E.07021
G1 X113 Y160.582 Z16.446 E.0746
G1 X112 Y160.582 Z16.464 E.07899
G1 X111 Y160.582 Z16.482 E.08337
G1 X110 Y160.582 Z16.5 E.08776
G1 X57.211 Y160.582 E4.6329
;WIDTH:0.69779
G1 X57.03 Y160.54 E.01726
G1 X56.918 Y160.38 E.01814
;WIDTH:0.663629
G1 X56.918 Y59.711 E8.83498
;WIDTH:0.697791
G1 X56.96 Y59.53 E.01726
G1 X57.12 Y59.418 E.01814
;WIDTH:0.663626
G1 X162.789 Y59.419 E9.27374
;WIDTH:0.697759
G1 X162.967 Y59.457 E.0169
G1 X163.04 Y59.53 E.00959
G1 X163.082 Y59.711 E.01726
;WIDTH:0.663629
G1 X163.082 Y160.289 E8.82699
;WIDTH:0.69779
G1 X163.04 Y160.47 E.01726
G1 X162.97 Y160.54 E.00919
G1 X162.789 Y160.582 E.01726
;WIDTH:0.663629
G1 X130 Y160.582 E2.87765
G1 X129 Y160.582 E.08337
G1 X128 Y160.582 E.07899
G1 X127 Y160.582 E.0746
G1 X126 Y160.582 E.07021
G1 X125 Y160.582 E.06582
G1 X124 Y160.582 E.06143
G1 X123 Y160.582 E.05705
G1 X122 Y160.582 E.05266
G1 X121 Y160.582 E.04827
G1 X120 Y160.582 E.04388
G1 X119 Y160.582 E.03949
G1 X118 Y160.582 E.03511
G1 X117 Y160.582 E.03072
G1 X116 Y160.582 E.02633
G1 X115 Y160.582 E.02194
G1 X114 Y160.582 E.01755
G1 X113 Y160.582 E.01316
G1 X112 Y160.582 E.00878
G1 X111 Y160.582 E.00439
G1 X110.09 Y160.582 E.07986
;WIPE_START
G1 F9600
G1 X110 Y160.582 E-.01603
G1 X105.599 Y160.582 E-.78397
;WIPE_END
G1 X130 Y161.168 F12000
G1 Z16.14
G1 E.8 F1800
G1 F2661
G1 X129.048 Y161.168 Z16.157 E.00398
G1 X128.095 Y161.168 Z16.174 E.00797
G1 X127.143 Y161.168 Z16.191 E.01194
G1 X126.19 Y161.168 Z16.209 E.01593
G1 X125.238 Y161.168 Z16.226 E.01989
G1 X124.286 Y161.168 Z16.243 E.02387
G1 X123.333 Y161.168 Z16.26 E.02788
G1 X122.381 Y161.168 Z16.277 E.03183
G1 X121.429 Y161.168 Z16.294 E.03581
G1 X120.476 Y161.168 Z16.311 E.03983
G1 X119.524 Y161.168 Z16.329 E.04376
G1 X118.571 Y161.168 Z16.346 E.04779
G1 X117.619 Y161.168 Z16.363 E.05172
G1 X116.667 Y161.168 Z16.38 E.0557
G1 X115.714 Y161.168 Z16.397 E.05974
G1 X114.762 Y161.168 Z16.414 E.06366
G1 X113.81 Y161.168 Z16.431 E.06764
G1 X112.857 Y161.168 Z16.449 E.07169
G1 X111.905 Y161.168 Z16.466 E.07559
G1 X110.952 Y161.168 Z16.483 E.07966
G1 X110 Y161.168 Z16.5 E.08355
G1 X57.049 Y161.168 E4.64712
;WIDTH:0.69779
G1 X56.67 Y161.046 E.03698
G1 X56.454 Y160.83 E.02837
G1 X56.364 Y160.582 E.0245
;WIDTH:0.676864
G1 X56.332 Y160.289 E.02645
;WIDTH:0.663629
G1 X56.332 Y59.549 E8.84121
;WIDTH:0.697791
G1 X56.454 Y59.17 E.03698
G1 X56.67 Y58.954 E.02837
G1 X56.918 Y58.864 E.0245
;WIDTH:0.676864
G1 X57.211 Y58.832 E.02645
;WIDTH:0.663626
G1 X162.95 Y58.834 E9.27989
;WIDTH:0.697759
G1 X163.22 Y58.902 E.02586
;WIDTH:0.70246
G1 X163.41 Y59.013 E.02059
G1 X163.582 Y59.221 E.02526
;WIDTH:0.69779
G1 X163.668 Y59.711 E.0462
;WIDTH:0.663629
G1 X163.668 Y160.451 E8.84121
;WIDTH:0.69779
G1 X163.546 Y160.83 E.03698
G1 X163.33 Y161.046 E.02837
G1 X162.997 Y161.157 E.0326
;WIDTH:0.672463
G1 X162.789 Y161.168 E.01856
;WIDTH:0.663629
G1 X130 Y161.168 E2.87765
G1 X129.048 Y161.168 E.07957
G1 X128.095 Y161.168 E.07567
G1 X127.143 Y161.168 E.07161
G1 X126.19 Y161.168 E.06771
G1 X125.238 Y161.168 E.06366
G1 X124.286 Y161.168 E.05968
G1 X123.333 Y161.168 E.05576
G1 X122.381 Y161.168 E.05172
G1 X121.429 Y161.168 E.04774
G1 X120.476 Y161.168 E.04381
G1 X119.524 Y161.168 E.03979
G1 X118.571 Y161.168 E.03584
G1 X117.619 Y161.168 E.03183
G1 X116.667 Y161.168 E.02785
G1 X115.714 Y161.168 E.0239
G1 X114.762 Y161.168 E.01989
G1 X113.81 Y161.168 E.01591
G1 X112.857 Y161.168 E.01195
G1 X111.905 Y161.168 E.00796
G1 X110.952 Y161.168 E.00398
G1 X110.09 Y161.168 E.07565
;LAYER_CHANGE
;Z:16.86
;HEIGHT:0.360001
;BEFORE_LAYER_CHANGE
G92 E0
;16.86


;WIPE_START
G1 F9600
G1 X110 Y161.168 E-.01603
G1 X105.599 Y161.168 E-.78397
;WIPE_END
G1 Z16.86 F12000
;AFTER_LAYER_CHANGE
;16.86
G1 X130 Y160.582
G1 Z16.5
G1 E.8 F1800
G1 F2661
G1 X129 Y160.582 Z16.518 E.00439
G1 X128 Y160.582 Z16.536 E.00878
G1 X127 Y160.582 Z16.554 E.01316
G1 X126 Y160.582 Z16.572 E.01755
G1 X125 Y160.582 Z16.59 E.02194
G1 X124 Y160.582 Z16.608 E.02633
G1 X123 Y160.582 Z16.626 E.03072
G1 X122 Y160.582 Z16.644 E.03511
G1 X121 Y160.582 Z16.662 E.03949
G1 X120 Y160.582 Z16.68 E.04388
G1 X119 Y160.582 Z16.698 E.04827
G1 X118 Y160.582 Z16.716 E.05266
G1 X117 Y160.582 Z16.734 E.05705
G1 X116 Y160.582 Z16.752 E.06143
G1 X115 Y160.582 Z16.77 E.06582
G1 X114 Y160.582 Z16.788 E.07021
G1 X113 Y160.582 Z16.806 E.0746
G1 X112 Y160.582 Z16.824 E.07899
G1 X111 Y160.582 Z16.842 E.08337
G1 X110 Y160.582 Z16.86 E.08776
G1 X57.211 Y160.582 E4.6329
;WIDTH:0.69779
G1 X57.03 Y160.54 E.01726
G1 X56.918 Y160.38 E.01814
;WIDTH:0.663629
G1 X56.918 Y59.711 E8.83498
;WIDTH:0.69779
G1 X56.96 Y59.53 E.01726
G1 X57.12 Y59.418 E.01814
;WIDTH:0.663627
G1 X162.789 Y59.419 E9.27376
;WIDTH:0.697759
G1 X162.967 Y59.457 E.0169
G1 X163.04 Y59.53 E.00959
G1 X163.082 Y59.711 E.01726
;WIDTH:0.663629
G1 X163.082 Y160.289 E8.82699
;WIDTH:0.69779
G1 X163.04 Y160.47 E.01726
G1 X162.97 Y160.54 E.00919
G1 X162.789 Y160.582 E.01726
;WIDTH:0.663629
G1 X130 Y160.582 E2.87765
G1 X129 Y160.582 E.08337
G1 X128 Y160.582 E.07899
G1 X127 Y160.582 E.0746
G1 X126 Y160.582 E.07021
G1 X125 Y160.582 E.06582
G1 X124 Y160.582 E.06143
G1 X123 Y160.582 E.05705
G1 X122 Y160.582 E.05266
G1 X121 Y160.582 E.04827
G1 X120 Y160.582 E.04388
G1 X119 Y160.582 E.03949
G1 X118 Y160.582 E.03511
G1 X117 Y160.582 E.03072
G1 X116 Y160.582 E.02633
G1 X115 Y160.582 E.02194
G1 X114 Y160.582 E.01755
G1 X113 Y160.582 E.01316
G1 X112 Y160.582 E.00878
G1 X111 Y160.582 E.00439
G1 X110.09 Y160.582 E.07986
;WIPE_START
G1 F9600
G1 X110 Y160.582 E-.01603
G1 X105.599 Y160.582 E-.78397
;WIPE_END
G1 X130 Y161.168 F12000
G1 Z16.5
G1 E.8 F1800
G1 F2661
G1 X129 Y161.168 Z16.518 E.00439
G1 X128 Y161.168 Z16.536 E.00878
G1 X127 Y161.168 Z16.554 E.01316
G1 X126 Y161.168 Z16.572 E.01755
G1 X125 Y161.168 Z16.59 E.02194
G1 X124 Y161.168 Z16.608 E.02633
G1 X123 Y161.168 Z16.626 E.03072
G1 X122 Y161.168 Z16.644 E.03511
G1 X121 Y161.168 Z16.662 E.03949
G1 X120 Y161.168 Z16.68 E.04388
G1 X119 Y161.168 Z16.698 E.04827
G1 X118 Y161.168 Z16.716 E.05266
G1 X117 Y161.168 Z16.734 E.05705
G1 X116 Y161.168 Z16.752 E.06143
G1 X115 Y161.168 Z16.77 E.06582
G1 X114 Y161.168 Z16.788 E.07021
G1 X113 Y161.168 Z16.806 E.0746
G1 X112 Y161.168 Z16.824 E.07899
G1 X111 Y161.168 Z16.842 E.08337
G1 X110 Y161.168 Z16.86 E.08776
G1 X57.049 Y161.168 E4.64712
;WIDTH:0.69779
G1 X56.67 Y161.046 E.03698
G1 X56.454 Y160.83 E.02837
G1 X56.364 Y160.582 E.0245
;WIDTH:0.676864
G1 X56.332 Y160.289 E.02645
;WIDTH:0.663629
G1 X56.332 Y59.549 E8.84121
;WIDTH:0.69779
G1 X56.454 Y59.17 E.03698
G1 X56.67 Y58.954 E.02837
G1 X56.918 Y58.864 E.0245
;WIDTH:0.676864
G1 X57.211 Y58.832 E.02645
;WIDTH:0.663627
G1 X162.949 Y58.834 E9.27982
;WIDTH:0.697759
G1 X163.22 Y58.902 E.02595
;WIDTH:0.70246
G1 X163.41 Y59.013 E.02059
G1 X163.582 Y59.221 E.02526
;WIDTH:0.69779
G1 X163.668 Y59.711 E.0462
;WIDTH:0.663629
G1 X163.668 Y160.451 E8.84121
;WIDTH:0.697789
G1 X163.546 Y160.83 E.03698
G1 X163.33 Y161.046 E.02837
G1 X162.997 Y161.157 E.0326
;WIDTH:0.672463
G1 X162.789 Y161.168 E.01856
;WIDTH:0.663629
G1 X130 Y161.168 E2.87765
G1 X129 Y161.168 E.08337
G1 X128 Y161.168 E.07899
G1 X127 Y161.168 E.0746
G1 X126 Y161.168 E.07021
G1 X125 Y161.168 E.06582
G1 X124 Y161.168 E.06143
G1 X123 Y161.168 E.05705
G1 X122 Y161.168 E.05266
G1 X121 Y161.168 E.04827
G1 X120 Y161.168 E.04388
G1 X119 Y161.168 E.03949
G1 X118 Y161.168 E.03511
G1 X117 Y161.168 E.03072
G1 X116 Y161.168 E.02633
G1 X115 Y161.168 E.02194
G1 X114 Y161.168 E.01755
G1 X113 Y161.168 E.01316
G1 X112 Y161.168 E.00878
G1 X111 Y161.168 E.00439
G1 X110.09 Y161.168 E.07986
;LAYER_CHANGE
;Z:17.22
;HEIGHT:0.359999
;BEFORE_LAYER_CHANGE
G92 E0
;17.22


;WIPE_START
G1 F9600
G1 X110 Y161.168 E-.01603
G1 X105.599 Y161.168 E-.78397
;WIPE_END
G1 Z17.22 F12000
;AFTER_LAYER_CHANGE
;17.22
G1 X130 Y160.582
G1 Z16.86
G1 E.8 F1800
G1 F2661
G1 X129 Y160.582 Z16.878 E.00439
G1 X128 Y160.582 Z16.896 E.00878
G1 X127 Y160.582 Z16.914 E.01316
G1 X126 Y160.582 Z16.932 E.01755
G1 X125 Y160.582 Z16.95 E.02194
G1 X124 Y160.582 Z16.968 E.02633
G1 X123 Y160.582 Z16.986 E.03072
G1 X122 Y160.582 Z17.004 E.03511
G1 X121 Y160.582 Z17.022 E.03949
G1 X120 Y160.582 Z17.04 E.04388
G1 X119 Y160.582 Z17.058 E.04827
G1 X118 Y160.582 Z17.076 E.05266
G1 X117 Y160.582 Z17.094 E.05705
G1 X116 Y160.582 Z17.112 E.06143
G1 X115 Y160.582 Z17.13 E.06582
G1 X114 Y160.582 Z17.148 E.07021
G1 X113 Y160.582 Z17.166 E.0746
G1 X112 Y160.582 Z17.184 E.07899
G1 X111 Y160.582 Z17.202 E.08337
G1 X110 Y160.582 Z17.22 E.08776
G1 X57.211 Y160.582 E4.6329
;WIDTH:0.69779
G1 X57.03 Y160.54 E.01726
G1 X56.918 Y160.38 E.01814
;WIDTH:0.663629
G1 X56.918 Y59.711 E8.83498
;WIDTH:0.69779
G1 X56.96 Y59.53 E.01726
G1 X57.12 Y59.418 E.01814
;WIDTH:0.663627
G1 X162.789 Y59.419 E9.27376
;WIDTH:0.697759
G1 X162.967 Y59.457 E.0169
G1 X163.04 Y59.53 E.00959
G1 X163.082 Y59.711 E.01726
;WIDTH:0.663629
G1 X163.082 Y160.289 E8.82699
;WIDTH:0.69779
G1 X163.04 Y160.47 E.01726
G1 X162.97 Y160.54 E.00919
G1 X162.789 Y160.582 E.01726
;WIDTH:0.663629
G1 X130 Y160.582 E2.87765
G1 X129 Y160.582 E.08337
G1 X128 Y160.582 E.07899
G1 X127 Y160.582 E.0746
G1 X126 Y160.582 E.07021
G1 X125 Y160.582 E.06582
G1 X124 Y160.582 E.06143
G1 X123 Y160.582 E.05705
G1 X122 Y160.582 E.05266
G1 X121 Y160.582 E.04827
G1 X120 Y160.582 E.04388
G1 X119 Y160.582 E.03949
G1 X118 Y160.582 E.03511
G1 X117 Y160.582 E.03072
G1 X116 Y160.582 E.02633
G1 X115 Y160.582 E.02194
G1 X114 Y160.582 E.01755
G1 X113 Y160.582 E.01316
G1 X112 Y160.582 E.00878
G1 X111 Y160.582 E.00439
G1 X110.09 Y160.582 E.07986
;WIPE_START
G1 F9600
G1 X110 Y160.582 E-.01603
G1 X105.599 Y160.582 E-.78397
;WIPE_END
G1 X130 Y161.168 F12000
G1 Z16.86
G1 E.8 F1800
G1 F2661
G1 X129 Y161.168 Z16.878 E.00439
G1 X128 Y161.168 Z16.896 E.00878
G1 X127 Y161.168 Z16.914 E.01316
G1 X126 Y161.168 Z16.932 E.01755
G1 X125 Y161.168 Z16.95 E.02194
G1 X124 Y161.168 Z16.968 E.02633
G1 X123 Y161.168 Z16.986 E.03072
G1 X122 Y161.168 Z17.004 E.03511
G1 X121 Y161.168 Z17.022 E.03949
G1 X120 Y161.168 Z17.04 E.04388
G1 X119 Y161.168 Z17.058 E.04827
G1 X118 Y161.168 Z17.076 E.05266
G1 X117 Y161.168 Z17.094 E.05705
G1 X116 Y161.168 Z17.112 E.06143
G1 X115 Y161.168 Z17.13 E.06582
G1 X114 Y161.168 Z17.148 E.07021
G1 X113 Y161.168 Z17.166 E.0746
G1 X112 Y161.168 Z17.184 E.07899
G1 X111 Y161.168 Z17.202 E.08337
G1 X110 Y161.168 Z17.22 E.08776
G1 X57.049 Y161.168 E4.64712
;WIDTH:0.69779
G1 X56.67 Y161.046 E.03698
G1 X56.454 Y160.83 E.02837
G1 X56.364 Y160.582 E.0245
;WIDTH:0.676864
G1 X56.332 Y160.289 E.02645
;WIDTH:0.663629
G1 X56.332 Y59.549 E8.84121
;WIDTH:0.697791
G1 X56.454 Y59.17 E.03698
G1 X56.67 Y58.954 E.02837
G1 X56.918 Y58.864 E.0245
;WIDTH:0.676864
G1 X57.211 Y58.832 E.02645
;WIDTH:0.663627
G1 X162.947 Y58.834 E9.27964
;WIDTH:0.697759
G1 X163.219 Y58.902 E.02604
;WIDTH:0.70246
G1 X163.41 Y59.013 E.02067
G1 X163.582 Y59.221 E.02526
;WIDTH:0.697789
G1 X163.668 Y59.711 E.0462
;WIDTH:0.663629
G1 X163.668 Y160.451 E8.84121
;WIDTH:0.697789
G1 X163.546 Y160.83 E.03698
G1 X163.33 Y161.046 E.02837
G1 X162.997 Y161.157 E.0326
;WIDTH:0.672463
G1 X162.789 Y161.168 E.01856
;WIDTH:0.663629
G1 X130 Y161.168 E2.87765
G1 X129 Y161.168 E.08337
G1 X128 Y161.168 E.07899
G1 X127 Y161.168 E.0746
G1 X126 Y161.168 E.07021
G1 X125 Y161.168 E.06582
G1 X124 Y161.168 E.06143
G1 X123 Y161.168 E.05705
G1 X122 Y161.168 E.05266
G1 X121 Y161.168 E.04827
G1 X120 Y161.168 E.04388
G1 X119 Y161.168 E.03949
G1 X118 Y161.168 E.03511
G1 X117 Y161.168 E.03072
G1 X116 Y161.168 E.02633
G1 X115 Y161.168 E.02194
G1 X114 Y161.168 E.01755
G1 X113 Y161.168 E.01316
G1 X112 Y161.168 E.00878
G1 X111 Y161.168 E.00439
G1 X110.09 Y161.168 E.07986
;LAYER_CHANGE
;Z:17.58
;HEIGHT:0.360001
;BEFORE_LAYER_CHANGE
G92 E0
;17.58


;WIPE_START
G1 F9600
G1 X110 Y161.168 E-.01603
G1 X105.599 Y161.168 E-.78397
;WIPE_END
G1 Z17.58 F12000
;AFTER_LAYER_CHANGE
;17.58
G1 X130 Y160.582
G1 Z17.22
G1 E.8 F1800
G1 F2661
G1 X129 Y160.582 Z17.238 E.00439
G1 X128 Y160.582 Z17.256 E.00878
G1 X127 Y160.582 Z17.274 E.01316
G1 X126 Y160.582 Z17.292 E.01755
G1 X125 Y160.582 Z17.31 E.02194
G1 X124 Y160.582 Z17.328 E.02633
G1 X123 Y160.582 Z17.346 E.03072
G1 X122 Y160.582 Z17.364 E.03511
G1 X121 Y160.582 Z17.382 E.03949
G1 X120 Y160.582 Z17.4 E.04388
G1 X119 Y160.582 Z17.418 E.04827
G1 X118 Y160.582 Z17.436 E.05266
G1 X117 Y160.582 Z17.454 E.05705
G1 X116 Y160.582 Z17.472 E.06143
G1 X115 Y160.582 Z17.49 E.06582
G1 X114 Y160.582 Z17.508 E.07021
G1 X113 Y160.582 Z17.526 E.0746
G1 X112 Y160.582 Z17.544 E.07899
G1 X111 Y160.582 Z17.562 E.08337
G1 X110 Y160.582 Z17.58 E.08776
G1 X57.211 Y160.582 E4.6329
;WIDTH:0.69779
G1 X57.03 Y160.54 E.01726
G1 X56.918 Y160.38 E.01814
;WIDTH:0.663629
G1 X56.918 Y59.711 E8.83498
;WIDTH:0.69779
G1 X56.96 Y59.53 E.01726
G1 X57.12 Y59.418 E.01814
;WIDTH:0.663627
G1 X162.789 Y59.419 E9.27376
;WIDTH:0.69776
G1 X162.967 Y59.458 E.01692
G1 X163.04 Y59.53 E.00952
G1 X163.082 Y59.711 E.01726
;WIDTH:0.663629
G1 X163.082 Y160.289 E8.82699
;WIDTH:0.69779
G1 X163.04 Y160.47 E.01726
G1 X162.97 Y160.54 E.00919
G1 X162.789 Y160.582 E.01726
;WIDTH:0.663629
G1 X130 Y160.582 E2.87765
G1 X129 Y160.582 E.08337
G1 X128 Y160.582 E.07899
G1 X127 Y160.582 E.0746
G1 X126 Y160.582 E.07021
G1 X125 Y160.582 E.06582
G1 X124 Y160.582 E.06143
G1 X123 Y160.582 E.05705
G1 X122 Y160.582 E.05266
G1 X121 Y160.582 E.04827
G1 X120 Y160.582 E.04388
G1 X119 Y160.582 E.03949
G1 X118 Y160.582 E.03511
G1 X117 Y160.582 E.03072
G1 X116 Y160.582 E.02633
G1 X115 Y160.582 E.02194
G1 X114 Y160.582 E.01755
G1 X113 Y160.582 E.01316
G1 X112 Y160.582 E.00878
G1 X111 Y160.582 E.00439
G1 X110.09 Y160.582 E.07986
;WIPE_START
G1 F9600
G1 X110 Y160.582 E-.01603
G1 X105.599 Y160.582 E-.78397
;WIPE_END
G1 X130 Y161.168 F12000
G1 Z17.22
G1 E.8 F1800
G1 F2661
G1 X129 Y161.168 Z17.238 E.00439
G1 X128 Y161.168 Z17.256 E.00878
G1 X127 Y161.168 Z17.274 E.01316
G1 X126 Y161.168 Z17.292 E.01755
G1 X125 Y161.168 Z17.31 E.02194
G1 X124 Y161.168 Z17.328 E.02633
G1 X123 Y161.168 Z17.346 E.03072
G1 X122 Y161.168 Z17.364 E.03511
G1 X121 Y161.168 Z17.382 E.03949
G1 X120 Y161.168 Z17.4 E.04388
G1 X119 Y161.168 Z17.418 E.04827
G1 X118 Y161.168 Z17.436 E.05266
G1 X117 Y161.168 Z17.454 E.05705
G1 X116 Y161.168 Z17.472 E.06143
G1 X115 Y161.168 Z17.49 E.06582
G1 X114 Y161.168 Z17.508 E.07021
G1 X113 Y161.168 Z17.526 E.0746
G1 X112 Y161.168 Z17.544 E.07899
G1 X111 Y161.168 Z17.562 E.08337
G1 X110 Y161.168 Z17.58 E.08776
G1 X57.049 Y161.168 E4.64712
;WIDTH:0.697791
G1 X56.67 Y161.046 E.03698
G1 X56.454 Y160.83 E.02837
G1 X56.364 Y160.582 E.0245
;WIDTH:0.676864
G1 X56.332 Y160.289 E.02645
;WIDTH:0.663629
G1 X56.332 Y59.549 E8.84121
;WIDTH:0.69779
G1 X56.454 Y59.17 E.03698
G1 X56.67 Y58.954 E.02837
G1 X56.918 Y58.864 E.0245
;WIDTH:0.676864
G1 X57.211 Y58.832 E.02645
;WIDTH:0.663627
G1 X162.945 Y58.833 E9.27947
;WIDTH:0.69776
G1 X163.219 Y58.903 E.02626
;WIDTH:0.702459
G1 X163.41 Y59.013 E.02062
G1 X163.582 Y59.221 E.02526
;WIDTH:0.69779
G1 X163.668 Y59.711 E.0462
;WIDTH:0.663629
G1 X163.668 Y160.451 E8.84121
;WIDTH:0.69779
G1 X163.546 Y160.83 E.03698
G1 X163.33 Y161.046 E.02837
G1 X162.997 Y161.157 E.0326
;WIDTH:0.672463
G1 X162.789 Y161.168 E.01856
;WIDTH:0.663629
G1 X130 Y161.168 E2.87765
G1 X129 Y161.168 E.08337
G1 X128 Y161.168 E.07899
G1 X127 Y161.168 E.0746
G1 X126 Y161.168 E.07021
G1 X125 Y161.168 E.06582
G1 X124 Y161.168 E.06143
G1 X123 Y161.168 E.05705
G1 X122 Y161.168 E.05266
G1 X121 Y161.168 E.04827
G1 X120 Y161.168 E.04388
G1 X119 Y161.168 E.03949
G1 X118 Y161.168 E.03511
G1 X117 Y161.168 E.03072
G1 X116 Y161.168 E.02633
G1 X115 Y161.168 E.02194
G1 X114 Y161.168 E.01755
G1 X113 Y161.168 E.01316
G1 X112 Y161.168 E.00878
G1 X111 Y161.168 E.00439
G1 X110.09 Y161.168 E.07986
;LAYER_CHANGE
;Z:17.94
;HEIGHT:0.360001
;BEFORE_LAYER_CHANGE
G92 E0
;17.94


;WIPE_START
G1 F9600
G1 X110 Y161.168 E-.01603
G1 X105.599 Y161.168 E-.78397
;WIPE_END
G1 Z17.94 F12000
;AFTER_LAYER_CHANGE
;17.94
G1 X130 Y160.582
G1 Z17.58
G1 E.8 F1800
G1 F2661
G1 X129 Y160.582 Z17.598 E.00439
G1 X128 Y160.582 Z17.616 E.00878
G1 X127 Y160.582 Z17.634 E.01316
G1 X126 Y160.582 Z17.652 E.01755
G1 X125 Y160.582 Z17.67 E.02194
G1 X124 Y160.582 Z17.688 E.02633
G1 X123 Y160.582 Z17.706 E.03072
G1 X122 Y160.582 Z17.724 E.03511
G1 X121 Y160.582 Z17.742 E.03949
G1 X120 Y160.582 Z17.76 E.04388
G1 X119 Y160.582 Z17.778 E.04827
G1 X118 Y160.582 Z17.796 E.05266
G1 X117 Y160.582 Z17.814 E.05705
G1 X116 Y160.582 Z17.832 E.06143
G1 X115 Y160.582 Z17.85 E.06582
G1 X114 Y160.582 Z17.868 E.07021
G1 X113 Y160.582 Z17.886 E.0746
G1 X112 Y160.582 Z17.904 E.07899
G1 X111 Y160.582 Z17.922 E.08337
G1 X110 Y160.582 Z17.94 E.08776
G1 X57.211 Y160.582 E4.6329
;WIDTH:0.69779
G1 X57.03 Y160.54 E.01726
G1 X56.918 Y160.38 E.01814
;WIDTH:0.663629
G1 X56.918 Y59.711 E8.83498
;WIDTH:0.697791
G1 X56.96 Y59.53 E.01726
G1 X57.12 Y59.418 E.01814
;WIDTH:0.663627
G1 X162.789 Y59.419 E9.27376
;WIDTH:0.697761
G1 X162.967 Y59.458 E.01692
G1 X163.04 Y59.53 E.00952
G1 X163.082 Y59.711 E.01726
;WIDTH:0.663629
G1 X163.082 Y160.289 E8.82699
;WIDTH:0.69779
G1 X163.04 Y160.47 E.01726
G1 X162.97 Y160.54 E.00919
G1 X162.789 Y160.582 E.01726
;WIDTH:0.663629
G1 X130 Y160.582 E2.87765
G1 X129 Y160.582 E.08337
G1 X128 Y160.582 E.07899
G1 X127 Y160.582 E.0746
G1 X126 Y160.582 E.07021
G1 X125 Y160.582 E.06582
G1 X124 Y160.582 E.06143
G1 X123 Y160.582 E.05705
G1 X122 Y160.582 E.05266
G1 X121 Y160.582 E.04827
G1 X120 Y160.582 E.04388
G1 X119 Y160.582 E.03949
G1 X118 Y160.582 E.03511
G1 X117 Y160.582 E.03072
G1 X116 Y160.582 E.02633
G1 X115 Y160.582 E.02194
G1 X114 Y160.582 E.01755
G1 X113 Y160.582 E.01316
G1 X112 Y160.582 E.00878
G1 X111 Y160.582 E.00439
G1 X110.09 Y160.582 E.07986
;WIPE_START
G1 F9600
G1 X110 Y160.582 E-.01603
G1 X105.599 Y160.582 E-.78397
;WIPE_END
G1 X130 Y161.168 F12000
G1 Z17.58
G1 E.8 F1800
G1 F2661
G1 X129 Y161.168 Z17.598 E.00439
G1 X128 Y161.168 Z17.616 E.00878
G1 X127 Y161.168 Z17.634 E.01316
G1 X126 Y161.168 Z17.652 E.01755
G1 X125 Y161.168 Z17.67 E.02194
G1 X124 Y161.168 Z17.688 E.02633
G1 X123 Y161.168 Z17.706 E.03072
G1 X122 Y161.168 Z17.724 E.03511
G1 X121 Y161.168 Z17.742 E.03949
G1 X120 Y161.168 Z17.76 E.04388
G1 X119 Y161.168 Z17.778 E.04827
G1 X118 Y161.168 Z17.796 E.05266
G1 X117 Y161.168 Z17.814 E.05705
G1 X116 Y161.168 Z17.832 E.06143
G1 X115 Y161.168 Z17.85 E.06582
G1 X114 Y161.168 Z17.868 E.07021
G1 X113 Y161.168 Z17.886 E.0746
G1 X112 Y161.168 Z17.904 E.07899
G1 X111 Y161.168 Z17.922 E.08337
G1 X110 Y161.168 Z17.94 E.08776
G1 X57.049 Y161.168 E4.64712
;WIDTH:0.697791
G1 X56.67 Y161.046 E.03698
G1 X56.454 Y160.83 E.02837
G1 X56.364 Y160.582 E.0245
;WIDTH:0.676864
G1 X56.332 Y160.289 E.02645
;WIDTH:0.663629
G1 X56.332 Y59.549 E8.84121
;WIDTH:0.69779
G1 X56.454 Y59.17 E.03698
G1 X56.67 Y58.954 E.02837
G1 X56.918 Y58.864 E.0245
;WIDTH:0.676864
G1 X57.211 Y58.832 E.02645
;WIDTH:0.663627
G1 X162.943 Y58.833 E9.27929
;WIDTH:0.697761
G1 X163.219 Y58.903 E.02644
;WIDTH:0.70246
G1 X163.41 Y59.013 E.02062
G1 X163.582 Y59.221 E.02526
;WIDTH:0.697791
G1 X163.668 Y59.711 E.0462
;WIDTH:0.663629
G1 X163.668 Y160.451 E8.84121
;WIDTH:0.69779
G1 X163.546 Y160.83 E.03698
G1 X163.33 Y161.046 E.02837
G1 X162.997 Y161.157 E.0326
;WIDTH:0.672463
G1 X162.789 Y161.168 E.01856
;WIDTH:0.663629
G1 X130 Y161.168 E2.87765
G1 X129 Y161.168 E.08337
G1 X128 Y161.168 E.07899
G1 X127 Y161.168 E.0746
G1 X126 Y161.168 E.07021
G1 X125 Y161.168 E.06582
G1 X124 Y161.168 E.06143
G1 X123 Y161.168 E.05705
G1 X122 Y161.168 E.05266
G1 X121 Y161.168 E.04827
G1 X120 Y161.168 E.04388
G1 X119 Y161.168 E.03949
G1 X118 Y161.168 E.03511
G1 X117 Y161.168 E.03072
G1 X116 Y161.168 E.02633
G1 X115 Y161.168 E.02194
G1 X114 Y161.168 E.01755
G1 X113 Y161.168 E.01316
G1 X112 Y161.168 E.00878
G1 X111 Y161.168 E.00439
G1 X110.09 Y161.168 E.07986
;LAYER_CHANGE
;Z:18.3
;HEIGHT:0.359999
;BEFORE_LAYER_CHANGE
G92 E0
;18.3


;WIPE_START
G1 F9600
G1 X110 Y161.168 E-.01603
G1 X105.599 Y161.168 E-.78397
;WIPE_END
G1 Z18.3 F12000
;AFTER_LAYER_CHANGE
;18.3
G1 X130 Y160.582
G1 Z17.94
G1 E.8 F1800
G1 F2661
G1 X129 Y160.582 Z17.958 E.00439
G1 X128 Y160.582 Z17.976 E.00878
G1 X127 Y160.582 Z17.994 E.01316
G1 X126 Y160.582 Z18.012 E.01755
G1 X125 Y160.582 Z18.03 E.02194
G1 X124 Y160.582 Z18.048 E.02633
G1 X123 Y160.582 Z18.066 E.03072
G1 X122 Y160.582 Z18.084 E.03511
G1 X121 Y160.582 Z18.102 E.03949
G1 X120 Y160.582 Z18.12 E.04388
G1 X119 Y160.582 Z18.138 E.04827
G1 X118 Y160.582 Z18.156 E.05266
G1 X117 Y160.582 Z18.174 E.05705
G1 X116 Y160.582 Z18.192 E.06143
G1 X115 Y160.582 Z18.21 E.06582
G1 X114 Y160.582 Z18.228 E.07021
G1 X113 Y160.582 Z18.246 E.0746
G1 X112 Y160.582 Z18.264 E.07899
G1 X111 Y160.582 Z18.282 E.08337
G1 X110 Y160.582 Z18.3 E.08776
G1 X57.211 Y160.582 E4.6329
;WIDTH:0.69779
G1 X57.03 Y160.54 E.01726
G1 X56.918 Y160.38 E.01814
;WIDTH:0.663629
G1 X56.918 Y59.711 E8.83498
;WIDTH:0.697791
G1 X56.96 Y59.53 E.01726
G1 X57.12 Y59.418 E.01814
;WIDTH:0.663627
G1 X162.789 Y59.419 E9.27376
;WIDTH:0.697761
G1 X162.968 Y59.458 E.01701
G1 X163.04 Y59.53 E.00946
G1 X163.082 Y59.711 E.01726
;WIDTH:0.663629
G1 X163.082 Y160.289 E8.82699
;WIDTH:0.697789
G1 X163.04 Y160.47 E.01726
G1 X162.97 Y160.54 E.00919
G1 X162.789 Y160.582 E.01726
;WIDTH:0.663629
G1 X130 Y160.582 E2.87765
G1 X129 Y160.582 E.08337
G1 X128 Y160.582 E.07899
G1 X127 Y160.582 E.0746
G1 X126 Y160.582 E.07021
G1 X125 Y160.582 E.06582
G1 X124 Y160.582 E.06143
G1 X123 Y160.582 E.05705
G1 X122 Y160.582 E.05266
G1 X121 Y160.582 E.04827
G1 X120 Y160.582 E.04388
G1 X119 Y160.582 E.03949
G1 X118 Y160.582 E.03511
G1 X117 Y160.582 E.03072
G1 X116 Y160.582 E.02633
G1 X115 Y160.582 E.02194
G1 X114 Y160.582 E.01755
G1 X113 Y160.582 E.01316
G1 X112 Y160.582 E.00878
G1 X111 Y160.582 E.00439
G1 X110.09 Y160.582 E.07986
;WIPE_START
G1 F9600
G1 X110 Y160.582 E-.01603
G1 X105.599 Y160.582 E-.78397
;WIPE_END
G1 X130 Y161.168 F12000
G1 Z17.94
G1 E.8 F1800
G1 F2661
G1 X129.048 Y161.168 Z17.957 E.00398
G1 X128.095 Y161.168 Z17.974 E.00797
G1 X127.143 Y161.168 Z17.991 E.01194
G1 X126.19 Y161.168 Z18.009 E.01593
G1 X125.238 Y161.168 Z18.026 E.01989
G1 X124.286 Y161.168 Z18.043 E.02387
G1 X123.333 Y161.168 Z18.06 E.02788
G1 X122.381 Y161.168 Z18.077 E.03183
G1 X121.429 Y161.168 Z18.094 E.03581
G1 X120.476 Y161.168 Z18.111 E.03983
G1 X119.524 Y161.168 Z18.129 E.04376
G1 X118.571 Y161.168 Z18.146 E.04779
G1 X117.619 Y161.168 Z18.163 E.05172
G1 X116.667 Y161.168 Z18.18 E.0557
G1 X115.714 Y161.168 Z18.197 E.05974
G1 X114.762 Y161.168 Z18.214 E.06366
G1 X113.81 Y161.168 Z18.231 E.06764
G1 X112.857 Y161.168 Z18.249 E.07169
G1 X111.905 Y161.168 Z18.266 E.07559
G1 X110.952 Y161.168 Z18.283 E.07966
G1 X110 Y161.168 Z18.3 E.08355
G1 X57.049 Y161.168 E4.64712
;WIDTH:0.69779
G1 X56.67 Y161.046 E.03698
G1 X56.454 Y160.83 E.02837
G1 X56.364 Y160.582 E.0245
;WIDTH:0.676863
G1 X56.332 Y160.289 E.02645
;WIDTH:0.663629
G1 X56.332 Y59.549 E8.84121
;WIDTH:0.69779
G1 X56.454 Y59.17 E.03698
G1 X56.67 Y58.954 E.02837
G1 X56.918 Y58.864 E.0245
;WIDTH:0.676864
G1 X57.211 Y58.832 E.02645
;WIDTH:0.663627
G1 X162.941 Y58.833 E9.27911
;WIDTH:0.697761
G1 X163.219 Y58.903 E.02662
;WIDTH:0.70246
G1 X163.41 Y59.013 E.02062
G1 X163.582 Y59.221 E.02526
;WIDTH:0.697791
G1 X163.668 Y59.711 E.0462
;WIDTH:0.663629
G1 X163.668 Y160.451 E8.84121
;WIDTH:0.69779
G1 X163.546 Y160.83 E.03698
G1 X163.33 Y161.046 E.02837
G1 X162.997 Y161.157 E.0326
;WIDTH:0.672463
G1 X162.789 Y161.168 E.01856
;WIDTH:0.663629
G1 X130 Y161.168 E2.87765
G1 X129.048 Y161.168 E.07957
G1 X128.095 Y161.168 E.07567
G1 X127.143 Y161.168 E.07161
G1 X126.19 Y161.168 E.06771
G1 X125.238 Y161.168 E.06366
G1 X124.286 Y161.168 E.05968
G1 X123.333 Y161.168 E.05576
G1 X122.381 Y161.168 E.05172
G1 X121.429 Y161.168 E.04774
G1 X120.476 Y161.168 E.04381
G1 X119.524 Y161.168 E.03979
G1 X118.571 Y161.168 E.03584
G1 X117.619 Y161.168 E.03183
G1 X116.667 Y161.168 E.02785
G1 X115.714 Y161.168 E.0239
G1 X114.762 Y161.168 E.01989
G1 X113.81 Y161.168 E.01591
G1 X112.857 Y161.168 E.01195
G1 X111.905 Y161.168 E.00796
G1 X110.952 Y161.168 E.00398
G1 X110.09 Y161.168 E.07565
;LAYER_CHANGE
;Z:18.66
;HEIGHT:0.360001
;BEFORE_LAYER_CHANGE
G92 E0
;18.66


;WIPE_START
G1 F9600
G1 X110 Y161.168 E-.01603
G1 X105.599 Y161.168 E-.78397
;WIPE_END
G1 Z18.66 F12000
;AFTER_LAYER_CHANGE
;18.66
G1 X130 Y160.582
G1 Z18.3
G1 E.8 F1800
G1 F2661
G1 X129 Y160.582 Z18.318 E.00439
G1 X128 Y160.582 Z18.336 E.00878
G1 X127 Y160.582 Z18.354 E.01316
G1 X126 Y160.582 Z18.372 E.01755
G1 X125 Y160.582 Z18.39 E.02194
G1 X124 Y160.582 Z18.408 E.02633
G1 X123 Y160.582 Z18.426 E.03072
G1 X122 Y160.582 Z18.444 E.03511
G1 X121 Y160.582 Z18.462 E.03949
G1 X120 Y160.582 Z18.48 E.04388
G1 X119 Y160.582 Z18.498 E.04827
G1 X118 Y160.582 Z18.516 E.05266
G1 X117 Y160.582 Z18.534 E.05705
G1 X116 Y160.582 Z18.552 E.06143
G1 X115 Y160.582 Z18.57 E.06582
G1 X114 Y160.582 Z18.588 E.07021
G1 X113 Y160.582 Z18.606 E.0746
G1 X112 Y160.582 Z18.624 E.07899
G1 X111 Y160.582 Z18.642 E.08337
G1 X110 Y160.582 Z18.66 E.08776
G1 X57.211 Y160.582 E4.6329
;WIDTH:0.69779
G1 X57.03 Y160.54 E.01726
G1 X56.918 Y160.38 E.01814
;WIDTH:0.663629
G1 X56.918 Y59.711 E8.83498
;WIDTH:0.69779
G1 X56.96 Y59.53 E.01726
G1 X57.12 Y59.418 E.01814
;WIDTH:0.663627
G1 X162.789 Y59.419 E9.27376
;WIDTH:0.697763
G1 X162.968 Y59.458 E.01701
G1 X163.04 Y59.53 E.00946
G1 X163.082 Y59.711 E.01726
;WIDTH:0.663629
G1 X163.082 Y160.289 E8.82699
;WIDTH:0.69779
G1 X163.04 Y160.47 E.01726
G1 X162.97 Y160.54 E.00919
G1 X162.789 Y160.582 E.01726
;WIDTH:0.663629
G1 X130 Y160.582 E2.87765
G1 X129 Y160.582 E.08337
G1 X128 Y160.582 E.07899
G1 X127 Y160.582 E.0746
G1 X126 Y160.582 E.07021
G1 X125 Y160.582 E.06582
G1 X124 Y160.582 E.06143
G1 X123 Y160.582 E.05705
G1 X122 Y160.582 E.05266
G1 X121 Y160.582 E.04827
G1 X120 Y160.582 E.04388
G1 X119 Y160.582 E.03949
G1 X118 Y160.582 E.03511
G1 X117 Y160.582 E.03072
G1 X116 Y160.582 E.02633
G1 X115 Y160.582 E.02194
G1 X114 Y160.582 E.01755
G1 X113 Y160.582 E.01316
G1 X112 Y160.582 E.00878
G1 X111 Y160.582 E.00439
G1 X110.09 Y160.582 E.07986
;WIPE_START
G1 F9600
G1 X110 Y160.582 E-.01603
G1 X105.599 Y160.582 E-.78397
;WIPE_END
G1 X130 Y161.168 F12000
G1 Z18.3
G1 E.8 F1800
G1 F2661
G1 X129.048 Y161.168 Z18.317 E.00398
G1 X128.095 Y161.168 Z18.334 E.00797
G1 X127.143 Y161.168 Z18.351 E.01194
G1 X126.19 Y161.168 Z18.369 E.01593
G1 X125.238 Y161.168 Z18.386 E.01989
G1 X124.286 Y161.168 Z18.403 E.02387
G1 X123.333 Y161.168 Z18.42 E.02788
G1 X122.381 Y161.168 Z18.437 E.03183
G1 X121.429 Y161.168 Z18.454 E.03581
G1 X120.476 Y161.168 Z18.471 E.03983
G1 X119.524 Y161.168 Z18.489 E.04376
G1 X118.571 Y161.168 Z18.506 E.04779
G1 X117.619 Y161.168 Z18.523 E.05172
G1 X116.667 Y161.168 Z18.54 E.0557
G1 X115.714 Y161.168 Z18.557 E.05974
G1 X114.762 Y161.168 Z18.574 E.06366
G1 X113.81 Y161.168 Z18.591 E.06764
G1 X112.857 Y161.168 Z18.609 E.07169
G1 X111.905 Y161.168 Z18.626 E.07559
G1 X110.952 Y161.168 Z18.643 E.07966
G1 X110 Y161.168 Z18.66 E.08355
G1 X57.049 Y161.168 E4.64712
;WIDTH:0.697791
G1 X56.67 Y161.046 E.03698
G1 X56.454 Y160.83 E.02837
G1 X56.364 Y160.582 E.0245
;WIDTH:0.676864
G1 X56.332 Y160.289 E.02645
;WIDTH:0.663629
G1 X56.332 Y59.549 E8.84121
;WIDTH:0.69779
G1 X56.454 Y59.17 E.03698
G1 X56.67 Y58.954 E.02837
G1 X56.918 Y58.864 E.0245
;WIDTH:0.676863
G1 X57.211 Y58.832 E.02645
;WIDTH:0.663627
G1 X162.939 Y58.833 E9.27894
;WIDTH:0.697763
G1 X163.219 Y58.903 E.0268
;WIDTH:0.70246
G1 X163.41 Y59.013 E.02062
G1 X163.582 Y59.221 E.02526
;WIDTH:0.69779
G1 X163.668 Y59.711 E.0462
;WIDTH:0.663629
G1 X163.668 Y160.451 E8.84121
;WIDTH:0.697789
G1 X163.546 Y160.83 E.03698
G1 X163.33 Y161.046 E.02837
G1 X162.997 Y161.157 E.0326
;WIDTH:0.672463
G1 X162.789 Y161.168 E.01856
;WIDTH:0.663629
G1 X130 Y161.168 E2.87765
G1 X129.048 Y161.168 E.07957
G1 X128.095 Y161.168 E.07567
G1 X127.143 Y161.168 E.07161
G1 X126.19 Y161.168 E.06771
G1 X125.238 Y161.168 E.06366
G1 X124.286 Y161.168 E.05968
G1 X123.333 Y161.168 E.05576
G1 X122.381 Y161.168 E.05172
G1 X121.429 Y161.168 E.04774
G1 X120.476 Y161.168 E.04381
G1 X119.524 Y161.168 E.03979
G1 X118.571 Y161.168 E.03584
G1 X117.619 Y161.168 E.03183
G1 X116.667 Y161.168 E.02785
G1 X115.714 Y161.168 E.0239
G1 X114.762 Y161.168 E.01989
G1 X113.81 Y161.168 E.01591
G1 X112.857 Y161.168 E.01195
G1 X111.905 Y161.168 E.00796
G1 X110.952 Y161.168 E.00398
G1 X110.09 Y161.168 E.07565
;LAYER_CHANGE
;Z:19.02
;HEIGHT:0.360001
;BEFORE_LAYER_CHANGE
G92 E0
;19.02


;WIPE_START
G1 F9600
G1 X110 Y161.168 E-.01603
G1 X105.599 Y161.168 E-.78397
;WIPE_END
G1 Z19.02 F12000
;AFTER_LAYER_CHANGE
;19.02
G1 X130 Y160.582
G1 Z18.66
G1 E.8 F1800
G1 F2661
G1 X129 Y160.582 Z18.678 E.00439
G1 X128 Y160.582 Z18.696 E.00878
G1 X127 Y160.582 Z18.714 E.01316
G1 X126 Y160.582 Z18.732 E.01755
G1 X125 Y160.582 Z18.75 E.02194
G1 X124 Y160.582 Z18.768 E.02633
G1 X123 Y160.582 Z18.786 E.03072
G1 X122 Y160.582 Z18.804 E.03511
G1 X121 Y160.582 Z18.822 E.03949
G1 X120 Y160.582 Z18.84 E.04388
G1 X119 Y160.582 Z18.858 E.04827
G1 X118 Y160.582 Z18.876 E.05266
G1 X117 Y160.582 Z18.894 E.05705
G1 X116 Y160.582 Z18.912 E.06143
G1 X115 Y160.582 Z18.93 E.06582
G1 X114 Y160.582 Z18.948 E.07021
G1 X113 Y160.582 Z18.966 E.0746
G1 X112 Y160.582 Z18.984 E.07899
G1 X111 Y160.582 Z19.002 E.08337
G1 X110 Y160.582 Z19.02 E.08776
G1 X57.211 Y160.582 E4.6329
;WIDTH:0.697791
G1 X57.03 Y160.54 E.01726
G1 X56.918 Y160.38 E.01814
;WIDTH:0.663629
G1 X56.918 Y59.711 E8.83498
;WIDTH:0.69779
G1 X56.96 Y59.53 E.01726
;WIDTH:0.702461
G1 X57.166 Y59.418 E.02194
;WIDTH:0.663627
G1 X162.789 Y59.419 E9.26972
;WIDTH:0.697764
G1 X162.968 Y59.458 E.01701
G1 X163.04 Y59.53 E.00946
G1 X163.082 Y59.711 E.01726
;WIDTH:0.663629
G1 X163.082 Y160.289 E8.82699
;WIDTH:0.69779
G1 X163.04 Y160.47 E.01726
G1 X162.97 Y160.54 E.00919
G1 X162.789 Y160.582 E.01726
;WIDTH:0.663629
G1 X130 Y160.582 E2.87765
G1 X129 Y160.582 E.08337
G1 X128 Y160.582 E.07899
G1 X127 Y160.582 E.0746
G1 X126 Y160.582 E.07021
G1 X125 Y160.582 E.06582
G1 X124 Y160.582 E.06143
G1 X123 Y160.582 E.05705
G1 X122 Y160.582 E.05266
G1 X121 Y160.582 E.04827
G1 X120 Y160.582 E.04388
G1 X119 Y160.582 E.03949
G1 X118 Y160.582 E.03511
G1 X117 Y160.582 E.03072
G1 X116 Y160.582 E.02633
G1 X115 Y160.582 E.02194
G1 X114 Y160.582 E.01755
G1 X113 Y160.582 E.01316
G1 X112 Y160.582 E.00878
G1 X111 Y160.582 E.00439
G1 X110.09 Y160.582 E.07986
;WIPE_START
G1 F9600
G1 X110 Y160.582 E-.01603
G1 X105.599 Y160.582 E-.78397
;WIPE_END
G1 X130 Y161.168 F12000
G1 Z18.66
G1 E.8 F1800
G1 F2661
G1 X129.048 Y161.168 Z18.677 E.00398
G1 X128.095 Y161.168 Z18.694 E.00797
G1 X127.143 Y161.168 Z18.711 E.01194
G1 X126.19 Y161.168 Z18.729 E.01593
G1 X125.238 Y161.168 Z18.746 E.01989
G1 X124.286 Y161.168 Z18.763 E.02387
G1 X123.333 Y161.168 Z18.78 E.02788
G1 X122.381 Y161.168 Z18.797 E.03183
G1 X121.429 Y161.168 Z18.814 E.03581
G1 X120.476 Y161.168 Z18.831 E.03983
G1 X119.524 Y161.168 Z18.849 E.04376
G1 X118.571 Y161.168 Z18.866 E.04779
G1 X117.619 Y161.168 Z18.883 E.05172
G1 X116.667 Y161.168 Z18.9 E.0557
G1 X115.714 Y161.168 Z18.917 E.05974
G1 X114.762 Y161.168 Z18.934 E.06366
G1 X113.81 Y161.168 Z18.951 E.06764
G1 X112.857 Y161.168 Z18.969 E.07169
G1 X111.905 Y161.168 Z18.986 E.07559
G1 X110.952 Y161.168 Z19.003 E.07966
G1 X110 Y161.168 Z19.02 E.08355
G1 X57.049 Y161.168 E4.64712
;WIDTH:0.697791
G1 X56.67 Y161.046 E.03698
G1 X56.454 Y160.83 E.02837
G1 X56.364 Y160.582 E.0245
;WIDTH:0.676864
G1 X56.332 Y160.289 E.02645
;WIDTH:0.663629
G1 X56.332 Y59.549 E8.84121
;WIDTH:0.69779
G1 X56.454 Y59.17 E.03698
G1 X56.67 Y58.954 E.02837
G1 X56.918 Y58.864 E.0245
;WIDTH:0.676864
G1 X57.211 Y58.832 E.02645
;WIDTH:0.663627
G1 X162.937 Y58.833 E9.27876
;WIDTH:0.697764
G1 X163.219 Y58.903 E.02698
;WIDTH:0.70246
G1 X163.41 Y59.013 E.02062
G1 X163.582 Y59.221 E.02526
;WIDTH:0.69779
G1 X163.668 Y59.711 E.0462
;WIDTH:0.663629
G1 X163.668 Y160.451 E8.84121
;WIDTH:0.69779
G1 X163.546 Y160.83 E.03698
G1 X163.33 Y161.046 E.02837
G1 X162.997 Y161.157 E.0326
;WIDTH:0.672463
G1 X162.789 Y161.168 E.01856
;WIDTH:0.663629
G1 X130 Y161.168 E2.87765
G1 X129.048 Y161.168 E.07957
G1 X128.095 Y161.168 E.07567
G1 X127.143 Y161.168 E.07161
G1 X126.19 Y161.168 E.06771
G1 X125.238 Y161.168 E.06366
G1 X124.286 Y161.168 E.05968
G1 X123.333 Y161.168 E.05576
G1 X122.381 Y161.168 E.05172
G1 X121.429 Y161.168 E.04774
G1 X120.476 Y161.168 E.04381
G1 X119.524 Y161.168 E.03979
G1 X118.571 Y161.168 E.03584
G1 X117.619 Y161.168 E.03183
G1 X116.667 Y161.168 E.02785
G1 X115.714 Y161.168 E.0239
G1 X114.762 Y161.168 E.01989
G1 X113.81 Y161.168 E.01591
G1 X112.857 Y161.168 E.01195
G1 X111.905 Y161.168 E.00796
G1 X110.952 Y161.168 E.00398
G1 X110.09 Y161.168 E.07565
;LAYER_CHANGE
;Z:19.38
;HEIGHT:0.359999
;BEFORE_LAYER_CHANGE
G92 E0
;19.38


;WIPE_START
G1 F9600
G1 X110 Y161.168 E-.01603
G1 X105.599 Y161.168 E-.78397
;WIPE_END
G1 Z19.38 F12000
;AFTER_LAYER_CHANGE
;19.38
G1 X130 Y160.582
G1 Z19.02
G1 E.8 F1800
G1 F2661
G1 X129 Y160.582 Z19.038 E.00439
G1 X128 Y160.582 Z19.056 E.00878
G1 X127 Y160.582 Z19.074 E.01316
G1 X126 Y160.582 Z19.092 E.01755
G1 X125 Y160.582 Z19.11 E.02194
G1 X124 Y160.582 Z19.128 E.02633
G1 X123 Y160.582 Z19.146 E.03072
G1 X122 Y160.582 Z19.164 E.03511
G1 X121 Y160.582 Z19.182 E.03949
G1 X120 Y160.582 Z19.2 E.04388
G1 X119 Y160.582 Z19.218 E.04827
G1 X118 Y160.582 Z19.236 E.05266
G1 X117 Y160.582 Z19.254 E.05705
G1 X116 Y160.582 Z19.272 E.06143
G1 X115 Y160.582 Z19.29 E.06582
G1 X114 Y160.582 Z19.308 E.07021
G1 X113 Y160.582 Z19.326 E.0746
G1 X112 Y160.582 Z19.344 E.07899
G1 X111 Y160.582 Z19.362 E.08337
G1 X110 Y160.582 Z19.38 E.08776
G1 X57.211 Y160.582 E4.6329
;WIDTH:0.697791
G1 X57.03 Y160.54 E.01726
G1 X56.918 Y160.38 E.01814
;WIDTH:0.663629
G1 X56.918 Y59.711 E8.83498
;WIDTH:0.69779
G1 X56.96 Y59.53 E.01726
G1 X57.12 Y59.418 E.01814
;WIDTH:0.663628
G1 X162.789 Y59.419 E9.27378
;WIDTH:0.697765
G1 X162.968 Y59.458 E.01701
G1 X163.04 Y59.53 E.00946
G1 X163.082 Y59.711 E.01726
;WIDTH:0.663629
G1 X163.082 Y160.289 E8.82699
;WIDTH:0.697789
G1 X163.04 Y160.47 E.01726
G1 X162.97 Y160.54 E.00919
G1 X162.789 Y160.582 E.01726
;WIDTH:0.663629
G1 X130 Y160.582 E2.87765
G1 X129 Y160.582 E.08337
G1 X128 Y160.582 E.07899
G1 X127 Y160.582 E.0746
G1 X126 Y160.582 E.07021
G1 X125 Y160.582 E.06582
G1 X124 Y160.582 E.06143
G1 X123 Y160.582 E.05705
G1 X122 Y160.582 E.05266
G1 X121 Y160.582 E.04827
G1 X120 Y160.582 E.04388
G1 X119 Y160.582 E.03949
G1 X118 Y160.582 E.03511
G1 X117 Y160.582 E.03072
G1 X116 Y160.582 E.02633
G1 X115 Y160.582 E.02194
G1 X114 Y160.582 E.01755
G1 X113 Y160.582 E.01316
G1 X112 Y160.582 E.00878
G1 X111 Y160.582 E.00439
G1 X110.09 Y160.582 E.07986
;WIPE_START
G1 F9600
G1 X110 Y160.582 E-.01603
G1 X105.599 Y160.582 E-.78397
;WIPE_END
G1 X130 Y161.168 F12000
G1 Z19.02
G1 E.8 F1800
G1 F2661
G1 X129.048 Y161.168 Z19.037 E.00398
G1 X128.095 Y161.168 Z19.054 E.00797
G1 X127.143 Y161.168 Z19.071 E.01194
G1 X126.19 Y161.168 Z19.089 E.01593
G1 X125.238 Y161.168 Z19.106 E.01989
G1 X124.286 Y161.168 Z19.123 E.02387
G1 X123.333 Y161.168 Z19.14 E.02788
G1 X122.381 Y161.168 Z19.157 E.03183
G1 X121.429 Y161.168 Z19.174 E.03581
G1 X120.476 Y161.168 Z19.191 E.03983
G1 X119.524 Y161.168 Z19.209 E.04376
G1 X118.571 Y161.168 Z19.226 E.04779
G1 X117.619 Y161.168 Z19.243 E.05172
G1 X116.667 Y161.168 Z19.26 E.0557
G1 X115.714 Y161.168 Z19.277 E.05974
G1 X114.762 Y161.168 Z19.294 E.06366
G1 X113.81 Y161.168 Z19.311 E.06764
G1 X112.857 Y161.168 Z19.329 E.07169
G1 X111.905 Y161.168 Z19.346 E.07559
G1 X110.952 Y161.168 Z19.363 E.07966
G1 X110 Y161.168 Z19.38 E.08355
G1 X57.049 Y161.168 E4.64712
;WIDTH:0.69779
G1 X56.67 Y161.046 E.03698
G1 X56.454 Y160.83 E.02837
G1 X56.364 Y160.582 E.0245
;WIDTH:0.676864
G1 X56.332 Y160.289 E.02645
;WIDTH:0.663629
G1 X56.332 Y59.549 E8.84121
;WIDTH:0.69779
G1 X56.454 Y59.17 E.03698
G1 X56.67 Y58.954 E.02837
G1 X56.918 Y58.864 E.0245
;WIDTH:0.676863
G1 X57.211 Y58.832 E.02645
;WIDTH:0.663628
G1 X162.936 Y58.833 E9.27869
;WIDTH:0.697765
G1 X163.219 Y58.903 E.02707
;WIDTH:0.70246
G1 X163.41 Y59.013 E.02062
G1 X163.582 Y59.221 E.02526
;WIDTH:0.697791
G1 X163.668 Y59.711 E.0462
;WIDTH:0.663629
G1 X163.668 Y160.451 E8.84121
;WIDTH:0.69779
G1 X163.546 Y160.83 E.03698
G1 X163.33 Y161.046 E.02837
G1 X162.997 Y161.157 E.0326
;WIDTH:0.672463
G1 X162.789 Y161.168 E.01856
;WIDTH:0.663629
G1 X130 Y161.168 E2.87765
G1 X129.048 Y161.168 E.07957
G1 X128.095 Y161.168 E.07567
G1 X127.143 Y161.168 E.07161
G1 X126.19 Y161.168 E.06771
G1 X125.238 Y161.168 E.06366
G1 X124.286 Y161.168 E.05968
G1 X123.333 Y161.168 E.05576
G1 X122.381 Y161.168 E.05172
G1 X121.429 Y161.168 E.04774
G1 X120.476 Y161.168 E.04381
G1 X119.524 Y161.168 E.03979
G1 X118.571 Y161.168 E.03584
G1 X117.619 Y161.168 E.03183
G1 X116.667 Y161.168 E.02785
G1 X115.714 Y161.168 E.0239
G1 X114.762 Y161.168 E.01989
G1 X113.81 Y161.168 E.01591
G1 X112.857 Y161.168 E.01195
G1 X111.905 Y161.168 E.00796
G1 X110.952 Y161.168 E.00398
G1 X110.09 Y161.168 E.07565
;LAYER_CHANGE
;Z:19.74
;HEIGHT:0.360001
;BEFORE_LAYER_CHANGE
G92 E0
;19.74


;WIPE_START
G1 F9600
G1 X110 Y161.168 E-.01603
G1 X105.599 Y161.168 E-.78397
;WIPE_END
G1 Z19.74 F12000
;AFTER_LAYER_CHANGE
;19.74
G1 X130 Y160.582
G1 Z19.38
G1 E.8 F1800
G1 F2661
G1 X129 Y160.582 Z19.398 E.00439
G1 X128 Y160.582 Z19.416 E.00878
G1 X127 Y160.582 Z19.434 E.01316
G1 X126 Y160.582 Z19.452 E.01755
G1 X125 Y160.582 Z19.47 E.02194
G1 X124 Y160.582 Z19.488 E.02633
G1 X123 Y160.582 Z19.506 E.03072
G1 X122 Y160.582 Z19.524 E.03511
G1 X121 Y160.582 Z19.542 E.03949
G1 X120 Y160.582 Z19.56 E.04388
G1 X119 Y160.582 Z19.578 E.04827
G1 X118 Y160.582 Z19.596 E.05266
G1 X117 Y160.582 Z19.614 E.05705
G1 X116 Y160.582 Z19.632 E.06143
G1 X115 Y160.582 Z19.65 E.06582
G1 X114 Y160.582 Z19.668 E.07021
G1 X113 Y160.582 Z19.686 E.0746
G1 X112 Y160.582 Z19.704 E.07899
G1 X111 Y160.582 Z19.722 E.08337
G1 X110 Y160.582 Z19.74 E.08776
G1 X57.211 Y160.582 E4.6329
;WIDTH:0.69779
G1 X57.03 Y160.54 E.01726
G1 X56.918 Y160.38 E.01814
;WIDTH:0.663629
G1 X56.918 Y59.711 E8.83498
;WIDTH:0.697791
G1 X56.96 Y59.53 E.01726
G1 X57.12 Y59.418 E.01814
;WIDTH:0.663628
G1 X162.789 Y59.419 E9.27378
;WIDTH:0.697767
G1 X162.968 Y59.458 E.01701
G1 X163.04 Y59.53 E.00946
G1 X163.082 Y59.711 E.01726
;WIDTH:0.663629
G1 X163.082 Y160.289 E8.82699
;WIDTH:0.69779
G1 X163.04 Y160.47 E.01726
G1 X162.97 Y160.54 E.00919
G1 X162.789 Y160.582 E.01726
;WIDTH:0.663629
G1 X130 Y160.582 E2.87765
G1 X129 Y160.582 E.08337
G1 X128 Y160.582 E.07899
G1 X127 Y160.582 E.0746
G1 X126 Y160.582 E.07021
G1 X125 Y160.582 E.06582
G1 X124 Y160.582 E.06143
G1 X123 Y160.582 E.05705
G1 X122 Y160.582 E.05266
G1 X121 Y160.582 E.04827
G1 X120 Y160.582 E.04388
G1 X119 Y160.582 E.03949
G1 X118 Y160.582 E.03511
G1 X117 Y160.582 E.03072
G1 X116 Y160.582 E.02633
G1 X115 Y160.582 E.02194
G1 X114 Y160.582 E.01755
G1 X113 Y160.582 E.01316
G1 X112 Y160.582 E.00878
G1 X111 Y160.582 E.00439
G1 X110.09 Y160.582 E.07986
;WIPE_START
G1 F9600
G1 X110 Y160.582 E-.01603
G1 X105.599 Y160.582 E-.78397
;WIPE_END
G1 X130 Y161.168 F12000
G1 Z19.38
G1 E.8 F1800
G1 F2661
G1 X129.048 Y161.168 Z19.397 E.00398
G1 X128.095 Y161.168 Z19.414 E.00797
G1 X127.143 Y161.168 Z19.431 E.01194
G1 X126.19 Y161.168 Z19.449 E.01593
G1 X125.238 Y161.168 Z19.466 E.01989
G1 X124.286 Y161.168 Z19.483 E.02387
G1 X123.333 Y161.168 Z19.5 E.02788
G1 X122.381 Y161.168 Z19.517 E.03183
G1 X121.429 Y161.168 Z19.534 E.03581
G1 X120.476 Y161.168 Z19.551 E.03983
G1 X119.524 Y161.168 Z19.569 E.04376
G1 X118.571 Y161.168 Z19.586 E.04779
G1 X117.619 Y161.168 Z19.603 E.05172
G1 X116.667 Y161.168 Z19.62 E.0557
G1 X115.714 Y161.168 Z19.637 E.05974
G1 X114.762 Y161.168 Z19.654 E.06366
G1 X113.81 Y161.168 Z19.671 E.06764
G1 X112.857 Y161.168 Z19.689 E.07169
G1 X111.905 Y161.168 Z19.706 E.07559
G1 X110.952 Y161.168 Z19.723 E.07966
G1 X110 Y161.168 Z19.74 E.08355
G1 X57.049 Y161.168 E4.64712
;WIDTH:0.697791
G1 X56.67 Y161.046 E.03698
G1 X56.454 Y160.83 E.02837
G1 X56.364 Y160.582 E.0245
;WIDTH:0.676864
G1 X56.332 Y160.289 E.02645
;WIDTH:0.663629
G1 X56.332 Y59.549 E8.84121
;WIDTH:0.697791
G1 X56.454 Y59.17 E.03698
G1 X56.67 Y58.954 E.02837
G1 X56.918 Y58.864 E.0245
;WIDTH:0.676864
G1 X57.211 Y58.832 E.02645
;WIDTH:0.663628
G1 X162.934 Y58.833 E9.27852
;WIDTH:0.697767
G1 X163.219 Y58.904 E.02728
;WIDTH:0.70246
G1 X163.41 Y59.013 E.02058
G1 X163.582 Y59.221 E.02526
;WIDTH:0.697789
G1 X163.668 Y59.711 E.0462
;WIDTH:0.663629
G1 X163.668 Y160.451 E8.84121
;WIDTH:0.69779
G1 X163.546 Y160.83 E.03698
G1 X163.33 Y161.046 E.02837
G1 X162.997 Y161.157 E.0326
;WIDTH:0.672462
G1 X162.789 Y161.168 E.01856
;WIDTH:0.663629
G1 X130 Y161.168 E2.87765
G1 X129.048 Y161.168 E.07957
G1 X128.095 Y161.168 E.07567
G1 X127.143 Y161.168 E.07161
G1 X126.19 Y161.168 E.06771
G1 X125.238 Y161.168 E.06366
G1 X124.286 Y161.168 E.05968
G1 X123.333 Y161.168 E.05576
G1 X122.381 Y161.168 E.05172
G1 X121.429 Y161.168 E.04774
G1 X120.476 Y161.168 E.04381
G1 X119.524 Y161.168 E.03979
G1 X118.571 Y161.168 E.03584
G1 X117.619 Y161.168 E.03183
G1 X116.667 Y161.168 E.02785
G1 X115.714 Y161.168 E.0239
G1 X114.762 Y161.168 E.01989
G1 X113.81 Y161.168 E.01591
G1 X112.857 Y161.168 E.01195
G1 X111.905 Y161.168 E.00796
G1 X110.952 Y161.168 E.00398
G1 X110.09 Y161.168 E.07565
;LAYER_CHANGE
;Z:20.1
;HEIGHT:0.360001
;BEFORE_LAYER_CHANGE
G92 E0
;20.1


;WIPE_START
G1 F9600
G1 X110 Y161.168 E-.01603
G1 X105.599 Y161.168 E-.78397
;WIPE_END
G1 Z20.1 F12000
;AFTER_LAYER_CHANGE
;20.1
G1 X130 Y160.582
G1 Z19.74
G1 E.8 F1800
G1 F2661
G1 X129 Y160.582 Z19.758 E.00439
G1 X128 Y160.582 Z19.776 E.00878
G1 X127 Y160.582 Z19.794 E.01316
G1 X126 Y160.582 Z19.812 E.01755
G1 X125 Y160.582 Z19.83 E.02194
G1 X124 Y160.582 Z19.848 E.02633
G1 X123 Y160.582 Z19.866 E.03072
G1 X122 Y160.582 Z19.884 E.03511
G1 X121 Y160.582 Z19.902 E.03949
G1 X120 Y160.582 Z19.92 E.04388
G1 X119 Y160.582 Z19.938 E.04827
G1 X118 Y160.582 Z19.956 E.05266
G1 X117 Y160.582 Z19.974 E.05705
G1 X116 Y160.582 Z19.992 E.06143
G1 X115 Y160.582 Z20.01 E.06582
G1 X114 Y160.582 Z20.028 E.07021
G1 X113 Y160.582 Z20.046 E.0746
G1 X112 Y160.582 Z20.064 E.07899
G1 X111 Y160.582 Z20.082 E.08337
G1 X110 Y160.582 Z20.1 E.08776
G1 X57.211 Y160.582 E4.6329
;WIDTH:0.69719
G1 X57.032 Y160.541 E.01704
G1 X56.918 Y160.38 E.0183
;WIDTH:0.663629
G1 X56.918 Y59.711 E8.83498
;WIDTH:0.697191
G1 X56.959 Y59.532 E.01704
G1 X57.12 Y59.418 E.0183
;WIDTH:0.663628
G1 X162.789 Y59.418 E9.27378
;WIDTH:0.697183
G1 X162.967 Y59.458 E.01693
;WIDTH:0.697543
G1 X163.041 Y59.531 E.00965
G1 X163.082 Y59.711 E.01714
;WIDTH:0.663629
G1 X163.082 Y160.289 E8.82699
;WIDTH:0.69719
G1 X163.041 Y160.468 E.01704
;WIDTH:0.697542
G1 X162.969 Y160.541 E.00952
G1 X162.789 Y160.582 E.01714
;WIDTH:0.663629
G1 X130 Y160.582 E2.87765
G1 X129 Y160.582 E.08337
G1 X128 Y160.582 E.07899
G1 X127 Y160.582 E.0746
G1 X126 Y160.582 E.07021
G1 X125 Y160.582 E.06582
G1 X124 Y160.582 E.06143
G1 X123 Y160.582 E.05705
G1 X122 Y160.582 E.05266
G1 X121 Y160.582 E.04827
G1 X120 Y160.582 E.04388
G1 X119 Y160.582 E.03949
G1 X118 Y160.582 E.03511
G1 X117 Y160.582 E.03072
G1 X116 Y160.582 E.02633
G1 X115 Y160.582 E.02194
G1 X114 Y160.582 E.01755
G1 X113 Y160.582 E.01316
G1 X112 Y160.582 E.00878
G1 X111 Y160.582 E.00439
G1 X110.09 Y160.582 E.07986
;WIPE_START
G1 F9600
G1 X110 Y160.582 E-.01603
G1 X105.599 Y160.582 E-.78397
;WIPE_END
G1 X130 Y161.168 F12000
G1 Z19.74
G1 E.8 F1800
G1 F2661
G1 X129.048 Y161.168 Z19.757 E.00398
G1 X128.095 Y161.168 Z19.774 E.00797
G1 X127.143 Y161.168 Z19.791 E.01194
G1 X126.19 Y161.168 Z19.809 E.01593
G1 X125.238 Y161.168 Z19.826 E.01989
G1 X124.286 Y161.168 Z19.843 E.02387
G1 X123.333 Y161.168 Z19.86 E.02788
G1 X122.381 Y161.168 Z19.877 E.03183
G1 X121.429 Y161.168 Z19.894 E.03581
G1 X120.476 Y161.168 Z19.911 E.03983
G1 X119.524 Y161.168 Z19.929 E.04376
G1 X118.571 Y161.168 Z19.946 E.04779
G1 X117.619 Y161.168 Z19.963 E.05172
G1 X116.667 Y161.168 Z19.98 E.0557
G1 X115.714 Y161.168 Z19.997 E.05974
G1 X114.762 Y161.168 Z20.014 E.06366
G1 X113.81 Y161.168 Z20.031 E.06764
G1 X112.857 Y161.168 Z20.049 E.07169
G1 X111.905 Y161.168 Z20.066 E.07559
G1 X110.952 Y161.168 Z20.083 E.07966
G1 X110 Y161.168 Z20.1 E.08355
G1 X57.048 Y161.168 E4.64721
;WIDTH:0.69719
G1 X56.675 Y161.048 E.03636
;WIDTH:0.697543
G1 X56.452 Y160.826 E.02921
G1 X56.364 Y160.58 E.02426
;WIDTH:0.67692
G1 X56.332 Y160.289 E.02628
;WIDTH:0.663629
G1 X56.332 Y59.548 E8.8413
;WIDTH:0.697191
G1 X56.452 Y59.175 E.03636
;WIDTH:0.697544
G1 X56.674 Y58.952 E.02921
G1 X56.92 Y58.864 E.02426
;WIDTH:0.67692
G1 X57.211 Y58.832 E.02628
;WIDTH:0.663628
G1 X162.932 Y58.833 E9.27834
;WIDTH:0.697183
G1 X163.214 Y58.902 E.02694
;WIDTH:0.70188
G1 X163.409 Y59.014 E.02102
G1 X163.548 Y59.174 E.01981
;WIDTH:0.697543
G1 X163.664 Y59.567 E.03804
;WIDTH:0.672548
G1 X163.668 Y59.711 E.01283
;WIDTH:0.663629
G1 X163.668 Y160.452 E8.8413
;WIDTH:0.69719
G1 X163.548 Y160.825 E.03636
;WIDTH:0.697542
G1 X163.326 Y161.048 E.02921
G1 X162.997 Y161.157 E.03218
;WIDTH:0.672547
G1 X162.789 Y161.168 E.01856
;WIDTH:0.663629
G1 X130 Y161.168 E2.87765
G1 X129.048 Y161.168 E.07957
G1 X128.095 Y161.168 E.07567
G1 X127.143 Y161.168 E.07161
G1 X126.19 Y161.168 E.06771
G1 X125.238 Y161.168 E.06366
G1 X124.286 Y161.168 E.05968
G1 X123.333 Y161.168 E.05576
G1 X122.381 Y161.168 E.05172
G1 X121.429 Y161.168 E.04774
G1 X120.476 Y161.168 E.04381
G1 X119.524 Y161.168 E.03979
G1 X118.571 Y161.168 E.03584
G1 X117.619 Y161.168 E.03183
G1 X116.667 Y161.168 E.02785
G1 X115.714 Y161.168 E.0239
G1 X114.762 Y161.168 E.01989
G1 X113.81 Y161.168 E.01591
G1 X112.857 Y161.168 E.01195
G1 X111.905 Y161.168 E.00796
G1 X110.952 Y161.168 E.00398
G1 X110.09 Y161.168 E.07565
;LAYER_CHANGE
;Z:20.46
;HEIGHT:0.359999
;BEFORE_LAYER_CHANGE
G92 E0
;20.46


;WIPE_START
G1 F9600
G1 X110 Y161.168 E-.01603
G1 X105.599 Y161.168 E-.78397
;WIPE_END
G1 Z20.46 F12000
;AFTER_LAYER_CHANGE
;20.46
G1 X130 Y160.582
G1 Z20.1
G1 E.8 F1800
G1 F2661
G1 X129 Y160.582 Z20.118 E.00439
G1 X128 Y160.582 Z20.136 E.00878
G1 X127 Y160.582 Z20.154 E.01316
G1 X126 Y160.582 Z20.172 E.01755
G1 X125 Y160.582 Z20.19 E.02194
G1 X124 Y160.582 Z20.208 E.02633
G1 X123 Y160.582 Z20.226 E.03072
G1 X122 Y160.582 Z20.244 E.03511
G1 X121 Y160.582 Z20.262 E.03949
G1 X120 Y160.582 Z20.28 E.04388
G1 X119 Y160.582 Z20.298 E.04827
G1 X118 Y160.582 Z20.316 E.05266
G1 X117 Y160.582 Z20.334 E.05705
G1 X116 Y160.582 Z20.352 E.06143
G1 X115 Y160.582 Z20.37 E.06582
G1 X114 Y160.582 Z20.388 E.07021
G1 X113 Y160.582 Z20.406 E.0746
G1 X112 Y160.582 Z20.424 E.07899
G1 X111 Y160.582 Z20.442 E.08337
G1 X110 Y160.582 Z20.46 E.08776
G1 X57.211 Y160.582 E4.6329
;WIDTH:0.696172
G1 X57.034 Y160.542 E.01681
G1 X56.918 Y160.38 E.01846
;WIDTH:0.663629
G1 X56.918 Y59.711 E8.83498
;WIDTH:0.696172
G1 X56.958 Y59.534 E.01681
G1 X57.12 Y59.418 E.01846
;WIDTH:0.663628
G1 X162.789 Y59.418 E9.27378
;WIDTH:0.696172
G1 X162.966 Y59.458 E.01681
;WIDTH:0.697132
G1 X163.042 Y59.533 E.00991
G1 X163.082 Y59.711 E.01693
;WIDTH:0.663629
G1 X163.082 Y160.289 E8.82699
;WIDTH:0.696171
G1 X163.042 Y160.466 E.01681
;WIDTH:0.697132
G1 X162.967 Y160.542 E.00991
G1 X162.789 Y160.582 E.01693
;WIDTH:0.663629
G1 X130 Y160.582 E2.87765
G1 X129 Y160.582 E.08337
G1 X128 Y160.582 E.07899
G1 X127 Y160.582 E.0746
G1 X126 Y160.582 E.07021
G1 X125 Y160.582 E.06582
G1 X124 Y160.582 E.06143
G1 X123 Y160.582 E.05705
G1 X122 Y160.582 E.05266
G1 X121 Y160.582 E.04827
G1 X120 Y160.582 E.04388
G1 X119 Y160.582 E.03949
G1 X118 Y160.582 E.03511
G1 X117 Y160.582 E.03072
G1 X116 Y160.582 E.02633
G1 X115 Y160.582 E.02194
G1 X114 Y160.582 E.01755
G1 X113 Y160.582 E.01316
G1 X112 Y160.582 E.00878
G1 X111 Y160.582 E.00439
G1 X110.09 Y160.582 E.07986
;WIPE_START
G1 F9600
G1 X110 Y160.582 E-.01603
G1 X105.599 Y160.582 E-.78397
;WIPE_END
G1 X130 Y161.168 F12000
G1 Z20.1
G1 E.8 F1800
G1 F2661
G1 X129.048 Y161.168 Z20.117 E.00398
G1 X128.095 Y161.168 Z20.134 E.00797
G1 X127.143 Y161.168 Z20.151 E.01194
G1 X126.19 Y161.168 Z20.169 E.01593
G1 X125.238 Y161.168 Z20.186 E.01989
G1 X124.286 Y161.168 Z20.203 E.02387
G1 X123.333 Y161.168 Z20.22 E.02788
G1 X122.381 Y161.168 Z20.237 E.03183
G1 X121.429 Y161.168 Z20.254 E.03581
G1 X120.476 Y161.168 Z20.271 E.03983
G1 X119.524 Y161.168 Z20.289 E.04376
G1 X118.571 Y161.168 Z20.306 E.04779
G1 X117.619 Y161.168 Z20.323 E.05172
G1 X116.667 Y161.168 Z20.34 E.0557
G1 X115.714 Y161.168 Z20.357 E.05974
G1 X114.762 Y161.168 Z20.374 E.06366
G1 X113.81 Y161.168 Z20.391 E.06764
G1 X112.857 Y161.168 Z20.409 E.07169
G1 X111.905 Y161.168 Z20.426 E.07559
G1 X110.952 Y161.168 Z20.443 E.07966
G1 X110 Y161.168 Z20.46 E.08355
G1 X57.211 Y161.168 E4.6329
;WIDTH:0.696178
G1 X56.795 Y161.1 E.03905
;WIDTH:0.701797
G1 X56.584 Y160.979 E.02274
G1 X56.448 Y160.819 E.01963
;WIDTH:0.697134
G1 X56.362 Y160.577 E.02383
;WIDTH:0.677013
G1 X56.332 Y160.289 E.02599
;WIDTH:0.663629
G1 X56.332 Y59.711 E8.82699
;WIDTH:0.696179
G1 X56.4 Y59.295 E.03905
;WIDTH:0.701798
G1 X56.521 Y59.084 E.02274
G1 X56.681 Y58.948 E.01963
;WIDTH:0.697134
G1 X56.923 Y58.862 E.02383
;WIDTH:0.677014
G1 X57.211 Y58.832 E.02599
;WIDTH:0.663628
G1 X162.93 Y58.833 E9.27816
;WIDTH:0.696192
G1 X163.206 Y58.898 E.02627
;WIDTH:0.70086
G1 X163.408 Y59.015 E.02179
G1 X163.552 Y59.181 E.02051
;WIDTH:0.697132
G1 X163.664 Y59.566 E.0372
;WIDTH:0.6727
G1 X163.668 Y59.711 E.01293
;WIDTH:0.663629
G1 X163.668 Y160.38 E8.83498
;WIDTH:0.696177
G1 X163.6 Y160.705 E.03076
;WIDTH:0.70086
G1 X163.485 Y160.908 E.02178
G1 X163.319 Y161.052 E.02051
;WIDTH:0.697132
G1 X162.997 Y161.157 E.03142
;WIDTH:0.672699
G1 X162.789 Y161.168 E.01856
;WIDTH:0.663629
G1 X130 Y161.168 E2.87765
G1 X129.048 Y161.168 E.07957
G1 X128.095 Y161.168 E.07567
G1 X127.143 Y161.168 E.07161
G1 X126.19 Y161.168 E.06771
G1 X125.238 Y161.168 E.06366
G1 X124.286 Y161.168 E.05968
G1 X123.333 Y161.168 E.05576
G1 X122.381 Y161.168 E.05172
G1 X121.429 Y161.168 E.04774
G1 X120.476 Y161.168 E.04381
G1 X119.524 Y161.168 E.03979
G1 X118.571 Y161.168 E.03584
G1 X117.619 Y161.168 E.03183
G1 X116.667 Y161.168 E.02785
G1 X115.714 Y161.168 E.0239
G1 X114.762 Y161.168 E.01989
G1 X113.81 Y161.168 E.01591
G1 X112.857 Y161.168 E.01195
G1 X111.905 Y161.168 E.00796
G1 X110.952 Y161.168 E.00398
G1 X110.09 Y161.168 E.07565
;LAYER_CHANGE
;Z:20.82
;HEIGHT:0.360001
;BEFORE_LAYER_CHANGE
G92 E0
;20.82


;WIPE_START
G1 F9600
G1 X110 Y161.168 E-.01603
G1 X105.599 Y161.168 E-.78397
;WIPE_END
G1 Z20.82 F12000
;AFTER_LAYER_CHANGE
;20.82
G1 X130 Y160.582
G1 Z20.46
G1 E.8 F1800
G1 F2661
G1 X129 Y160.582 Z20.478 E.00439
G1 X128 Y160.582 Z20.496 E.00878
G1 X127 Y160.582 Z20.514 E.01316
G1 X126 Y160.582 Z20.532 E.01755
G1 X125 Y160.582 Z20.55 E.02194
G1 X124 Y160.582 Z20.568 E.02633
G1 X123 Y160.582 Z20.586 E.03072
G1 X122 Y160.582 Z20.604 E.03511
G1 X121 Y160.582 Z20.622 E.03949
G1 X120 Y160.582 Z20.64 E.04388
G1 X119 Y160.582 Z20.658 E.04827
G1 X118 Y160.582 Z20.676 E.05266
G1 X117 Y160.582 Z20.694 E.05705
G1 X116 Y160.582 Z20.712 E.06143
G1 X115 Y160.582 Z20.73 E.06582
G1 X114 Y160.582 Z20.748 E.07021
G1 X113 Y160.582 Z20.766 E.0746
G1 X112 Y160.582 Z20.784 E.07899
G1 X111 Y160.582 Z20.802 E.08337
G1 X110 Y160.582 Z20.82 E.08776
G1 X57.211 Y160.582 E4.6329
;WIDTH:0.695164
G1 X57.034 Y160.542 E.01678
G1 X56.918 Y160.379 E.0185
;WIDTH:0.663629
G1 X56.918 Y59.711 E8.83489
;WIDTH:0.701385
G1 X56.996 Y59.485 E.02233
G1 X57.166 Y59.418 E.01707
;WIDTH:0.663628
G1 X162.789 Y59.418 E9.26974
;WIDTH:0.695164
G1 X162.966 Y59.458 E.01678
;WIDTH:0.696757
G1 X163.043 Y59.535 E.0101
G1 X163.082 Y59.711 E.01671
;WIDTH:0.663629
G1 X163.082 Y160.289 E8.82699
;WIDTH:0.695164
G1 X163.042 Y160.466 E.01678
;WIDTH:0.696757
G1 X162.965 Y160.543 E.0101
G1 X162.789 Y160.582 E.01671
;WIDTH:0.663629
G1 X130 Y160.582 E2.87765
G1 X129 Y160.582 E.08337
G1 X128 Y160.582 E.07899
G1 X127 Y160.582 E.0746
G1 X126 Y160.582 E.07021
G1 X125 Y160.582 E.06582
G1 X124 Y160.582 E.06143
G1 X123 Y160.582 E.05705
G1 X122 Y160.582 E.05266
G1 X121 Y160.582 E.04827
G1 X120 Y160.582 E.04388
G1 X119 Y160.582 E.03949
G1 X118 Y160.582 E.03511
G1 X117 Y160.582 E.03072
G1 X116 Y160.582 E.02633
G1 X115 Y160.582 E.02194
G1 X114 Y160.582 E.01755
G1 X113 Y160.582 E.01316
G1 X112 Y160.582 E.00878
G1 X111 Y160.582 E.00439
G1 X110.09 Y160.582 E.07986
;WIPE_START
G1 F9600
G1 X110 Y160.582 E-.01603
G1 X105.599 Y160.582 E-.78397
;WIPE_END
G1 X130 Y161.168 F12000
G1 Z20.46
G1 E.8 F1800
G1 F2661
G1 X129.048 Y161.168 Z20.477 E.00398
G1 X128.095 Y161.168 Z20.494 E.00797
G1 X127.143 Y161.168 Z20.511 E.01194
G1 X126.19 Y161.168 Z20.529 E.01593
G1 X125.238 Y161.168 Z20.546 E.01989
G1 X124.286 Y161.168 Z20.563 E.02387
G1 X123.333 Y161.168 Z20.58 E.02788
G1 X122.381 Y161.168 Z20.597 E.03183
G1 X121.429 Y161.168 Z20.614 E.03581
G1 X120.476 Y161.168 Z20.631 E.03983
G1 X119.524 Y161.168 Z20.649 E.04376
G1 X118.571 Y161.168 Z20.666 E.04779
G1 X117.619 Y161.168 Z20.683 E.05172
G1 X116.667 Y161.168 Z20.7 E.0557
G1 X115.714 Y161.168 Z20.717 E.05974
G1 X114.762 Y161.168 Z20.734 E.06366
G1 X113.81 Y161.168 Z20.751 E.06764
G1 X112.857 Y161.168 Z20.769 E.07169
G1 X111.905 Y161.168 Z20.786 E.07559
G1 X110.952 Y161.168 Z20.803 E.07966
G1 X110 Y161.168 Z20.82 E.08355
G1 X57.211 Y161.168 E4.6329
;WIDTH:0.695221
G1 X56.803 Y161.104 E.0382
;WIDTH:0.701385
G1 X56.58 Y160.974 E.02411
G1 X56.444 Y160.812 E.01976
;WIDTH:0.696758
G1 X56.361 Y160.573 E.02346
;WIDTH:0.677104
G1 X56.332 Y160.289 E.02563
;WIDTH:0.663629
G1 X56.332 Y59.711 E8.82699
;WIDTH:0.695221
G1 X56.396 Y59.303 E.0382
;WIDTH:0.701385
G1 X56.526 Y59.08 E.02411
G1 X56.688 Y58.944 E.01976
;WIDTH:0.696759
G1 X56.927 Y58.861 E.02346
;WIDTH:0.677104
G1 X57.211 Y58.832 E.02563
;WIDTH:0.663628
G1 X162.929 Y58.832 E9.27808
;WIDTH:0.695251
G1 X163.197 Y58.895 E.02546
;WIDTH:0.699845
G1 X163.407 Y59.016 E.02258
G1 X163.556 Y59.188 E.02121
;WIDTH:0.696757
G1 X163.664 Y59.564 E.03627
;WIDTH:0.672864
G1 X163.668 Y59.711 E.01311
;WIDTH:0.663629
G1 X163.668 Y160.38 E8.83498
;WIDTH:0.69522
G1 X163.604 Y160.697 E.02991
;WIDTH:0.699844
G1 X163.484 Y160.907 E.02254
G1 X163.263 Y161.089 E.02668
;WIDTH:0.696757
G1 X162.789 Y161.168 E.04456
;WIDTH:0.663629
G1 X130 Y161.168 E2.87765
G1 X129.048 Y161.168 E.07957
G1 X128.095 Y161.168 E.07567
G1 X127.143 Y161.168 E.07161
G1 X126.19 Y161.168 E.06771
G1 X125.238 Y161.168 E.06366
G1 X124.286 Y161.168 E.05968
G1 X123.333 Y161.168 E.05576
G1 X122.381 Y161.168 E.05172
G1 X121.429 Y161.168 E.04774
G1 X120.476 Y161.168 E.04381
G1 X119.524 Y161.168 E.03979
G1 X118.571 Y161.168 E.03584
G1 X117.619 Y161.168 E.03183
G1 X116.667 Y161.168 E.02785
G1 X115.714 Y161.168 E.0239
G1 X114.762 Y161.168 E.01989
G1 X113.81 Y161.168 E.01591
G1 X112.857 Y161.168 E.01195
G1 X111.905 Y161.168 E.00796
G1 X110.952 Y161.168 E.00398
G1 X110.09 Y161.168 E.07565
;LAYER_CHANGE
;Z:21.18
;HEIGHT:0.360001
;BEFORE_LAYER_CHANGE
G92 E0
;21.18


;WIPE_START
G1 F9600
G1 X110 Y161.168 E-.01603
G1 X105.599 Y161.168 E-.78397
;WIPE_END
G1 Z21.18 F12000
;AFTER_LAYER_CHANGE
;21.18
G1 X130 Y160.582
G1 Z20.82
G1 E.8 F1800
G1 F2661
G1 X129 Y160.582 Z20.838 E.00439
G1 X128 Y160.582 Z20.856 E.00878
G1 X127 Y160.582 Z20.874 E.01316
G1 X126 Y160.582 Z20.892 E.01755
G1 X125 Y160.582 Z20.91 E.02194
G1 X124 Y160.582 Z20.928 E.02633
G1 X123 Y160.582 Z20.946 E.03072
G1 X122 Y160.582 Z20.964 E.03511
G1 X121 Y160.582 Z20.982 E.03949
G1 X120 Y160.582 Z21 E.04388
G1 X119 Y160.582 Z21.018 E.04827
G1 X118 Y160.582 Z21.036 E.05266
G1 X117 Y160.582 Z21.054 E.05705
G1 X116 Y160.582 Z21.072 E.06143
G1 X115 Y160.582 Z21.09 E.06582
G1 X114 Y160.582 Z21.108 E.07021
G1 X113 Y160.582 Z21.126 E.0746
G1 X112 Y160.582 Z21.144 E.07899
G1 X111 Y160.582 Z21.162 E.08337
G1 X110 Y160.582 Z21.18 E.08776
G1 X57.211 Y160.582 E4.6329
;WIDTH:0.694157
G1 X57.034 Y160.541 E.01678
G1 X56.918 Y160.379 E.0184
;WIDTH:0.663629
G1 X56.918 Y59.711 E8.83489
;WIDTH:0.701005
G1 X56.999 Y59.483 E.02259
G1 X57.166 Y59.418 E.01673
;WIDTH:0.663628
G1 X162.789 Y59.418 E9.26974
;WIDTH:0.694155
G1 X162.966 Y59.459 E.01678
;WIDTH:0.696413
G1 X163.045 Y59.537 E.01029
G1 X163.082 Y59.711 E.01649
;WIDTH:0.663629
G1 X163.082 Y160.289 E8.82699
;WIDTH:0.694155
G1 X163.041 Y160.466 E.01678
;WIDTH:0.696413
G1 X162.963 Y160.545 E.01029
G1 X162.789 Y160.582 E.01649
;WIDTH:0.663629
G1 X130 Y160.582 E2.87765
G1 X129 Y160.582 E.08337
G1 X128 Y160.582 E.07899
G1 X127 Y160.582 E.0746
G1 X126 Y160.582 E.07021
G1 X125 Y160.582 E.06582
G1 X124 Y160.582 E.06143
G1 X123 Y160.582 E.05705
G1 X122 Y160.582 E.05266
G1 X121 Y160.582 E.04827
G1 X120 Y160.582 E.04388
G1 X119 Y160.582 E.03949
G1 X118 Y160.582 E.03511
G1 X117 Y160.582 E.03072
G1 X116 Y160.582 E.02633
G1 X115 Y160.582 E.02194
G1 X114 Y160.582 E.01755
G1 X113 Y160.582 E.01316
G1 X112 Y160.582 E.00878
G1 X111 Y160.582 E.00439
G1 X110.09 Y160.582 E.07986
;WIPE_START
G1 F9600
G1 X110 Y160.582 E-.01603
G1 X105.599 Y160.582 E-.78397
;WIPE_END
G1 X130 Y161.168 F12000
G1 Z20.82
G1 E.8 F1800
G1 F2661
G1 X129.048 Y161.168 Z20.837 E.00398
G1 X128.095 Y161.168 Z20.854 E.00797
G1 X127.143 Y161.168 Z20.871 E.01194
G1 X126.19 Y161.168 Z20.889 E.01593
G1 X125.238 Y161.168 Z20.906 E.01989
G1 X124.286 Y161.168 Z20.923 E.02387
G1 X123.333 Y161.168 Z20.94 E.02788
G1 X122.381 Y161.168 Z20.957 E.03183
G1 X121.429 Y161.168 Z20.974 E.03581
G1 X120.476 Y161.168 Z20.991 E.03983
G1 X119.524 Y161.168 Z21.009 E.04376
G1 X118.571 Y161.168 Z21.026 E.04779
G1 X117.619 Y161.168 Z21.043 E.05172
G1 X116.667 Y161.168 Z21.06 E.0557
G1 X115.714 Y161.168 Z21.077 E.05974
G1 X114.762 Y161.168 Z21.094 E.06366
G1 X113.81 Y161.168 Z21.111 E.06764
G1 X112.857 Y161.168 Z21.129 E.07169
G1 X111.905 Y161.168 Z21.146 E.07559
G1 X110.952 Y161.168 Z21.163 E.07966
G1 X110 Y161.168 Z21.18 E.08355
G1 X57.211 Y161.168 E4.6329
;WIDTH:0.694314
G1 X56.811 Y161.107 E.03737
;WIDTH:0.701004
G1 X56.576 Y160.969 E.02544
G1 X56.408 Y160.756 E.02533
;WIDTH:0.696414
G1 X56.332 Y160.289 E.04385
;WIDTH:0.663629
G1 X56.332 Y59.711 E8.82699
;WIDTH:0.694314
G1 X56.393 Y59.311 E.03737
;WIDTH:0.701005
G1 X56.531 Y59.076 E.02544
G1 X56.744 Y58.908 E.02533
;WIDTH:0.696415
G1 X57.211 Y58.832 E.04385
;WIDTH:0.663628
G1 X162.789 Y58.832 E9.26579
;WIDTH:0.694355
G1 X163.189 Y58.892 E.03736
;WIDTH:0.698829
G1 X163.406 Y59.017 E.0233
G1 X163.56 Y59.195 E.0219
;WIDTH:0.696413
G1 X163.663 Y59.563 E.03541
;WIDTH:0.673037
G1 X163.668 Y59.711 E.0132
;WIDTH:0.663629
G1 X163.668 Y160.289 E8.82699
;WIDTH:0.694313
G1 X163.607 Y160.689 E.03737
;WIDTH:0.69883
G1 X163.483 Y160.906 E.02325
G1 X163.256 Y161.092 E.0273
;WIDTH:0.696413
G1 X162.789 Y161.168 E.04385
;WIDTH:0.663629
G1 X130 Y161.168 E2.87765
G1 X129.048 Y161.168 E.07957
G1 X128.095 Y161.168 E.07567
G1 X127.143 Y161.168 E.07161
G1 X126.19 Y161.168 E.06771
G1 X125.238 Y161.168 E.06366
G1 X124.286 Y161.168 E.05968
G1 X123.333 Y161.168 E.05576
G1 X122.381 Y161.168 E.05172
G1 X121.429 Y161.168 E.04774
G1 X120.476 Y161.168 E.04381
G1 X119.524 Y161.168 E.03979
G1 X118.571 Y161.168 E.03584
G1 X117.619 Y161.168 E.03183
G1 X116.667 Y161.168 E.02785
G1 X115.714 Y161.168 E.0239
G1 X114.762 Y161.168 E.01989
G1 X113.81 Y161.168 E.01591
G1 X112.857 Y161.168 E.01195
G1 X111.905 Y161.168 E.00796
G1 X110.952 Y161.168 E.00398
G1 X110.09 Y161.168 E.07565
;LAYER_CHANGE
;Z:21.54
;HEIGHT:0.360001
;BEFORE_LAYER_CHANGE
G92 E0
;21.54


;WIPE_START
G1 F9600
G1 X110 Y161.168 E-.01603
G1 X105.599 Y161.168 E-.78397
;WIPE_END
G1 Z21.54 F12000
;AFTER_LAYER_CHANGE
;21.54
G1 X130 Y160.582
G1 Z21.18
G1 E.8 F1800
G1 F2661
G1 X129 Y160.582 Z21.198 E.00439
G1 X128 Y160.582 Z21.216 E.00878
G1 X127 Y160.582 Z21.234 E.01316
G1 X126 Y160.582 Z21.252 E.01755
G1 X125 Y160.582 Z21.27 E.02194
G1 X124 Y160.582 Z21.288 E.02633
G1 X123 Y160.582 Z21.306 E.03072
G1 X122 Y160.582 Z21.324 E.03511
G1 X121 Y160.582 Z21.342 E.03949
G1 X120 Y160.582 Z21.36 E.04388
G1 X119 Y160.582 Z21.378 E.04827
G1 X118 Y160.582 Z21.396 E.05266
G1 X117 Y160.582 Z21.414 E.05705
G1 X116 Y160.582 Z21.432 E.06143
G1 X115 Y160.582 Z21.45 E.06582
G1 X114 Y160.582 Z21.468 E.07021
G1 X113 Y160.582 Z21.486 E.0746
G1 X112 Y160.582 Z21.504 E.07899
G1 X111 Y160.582 Z21.522 E.08337
G1 X110 Y160.582 Z21.54 E.08776
G1 X57.211 Y160.582 E4.6329
;WIDTH:0.693148
G1 X57.035 Y160.541 E.01666
G1 X56.918 Y160.379 E.01842
;WIDTH:0.663629
G1 X56.918 Y59.711 E8.83489
;WIDTH:0.700653
G1 X57.001 Y59.481 E.02281
G1 X57.211 Y59.418 E.02046
;WIDTH:0.663628
G1 X162.789 Y59.418 E9.26579
;WIDTH:0.693148
G1 X162.965 Y59.459 E.01666
;WIDTH:0.696102
G1 X163.046 Y59.539 E.01054
G1 X163.082 Y59.711 E.01628
;WIDTH:0.663629
G1 X163.082 Y160.289 E8.82699
;WIDTH:0.693148
G1 X163.041 Y160.465 E.01666
;WIDTH:0.696102
G1 X162.961 Y160.546 E.01054
G1 X162.789 Y160.582 E.01628
;WIDTH:0.663629
G1 X130 Y160.582 E2.87765
G1 X129 Y160.582 E.08337
G1 X128 Y160.582 E.07899
G1 X127 Y160.582 E.0746
G1 X126 Y160.582 E.07021
G1 X125 Y160.582 E.06582
G1 X124 Y160.582 E.06143
G1 X123 Y160.582 E.05705
G1 X122 Y160.582 E.05266
G1 X121 Y160.582 E.04827
G1 X120 Y160.582 E.04388
G1 X119 Y160.582 E.03949
G1 X118 Y160.582 E.03511
G1 X117 Y160.582 E.03072
G1 X116 Y160.582 E.02633
G1 X115 Y160.582 E.02194
G1 X114 Y160.582 E.01755
G1 X113 Y160.582 E.01316
G1 X112 Y160.582 E.00878
G1 X111 Y160.582 E.00439
G1 X110.09 Y160.582 E.07986
;WIPE_START
G1 F9600
G1 X110 Y160.582 E-.01603
G1 X105.599 Y160.582 E-.78397
;WIPE_END
G1 X130 Y161.168 F12000
G1 Z21.18
G1 E.8 F1800
G1 F2661
G1 X129.048 Y161.168 Z21.197 E.00398
G1 X128.095 Y161.168 Z21.214 E.00797
G1 X127.143 Y161.168 Z21.231 E.01194
G1 X126.19 Y161.168 Z21.249 E.01593
G1 X125.238 Y161.168 Z21.266 E.01989
G1 X124.286 Y161.168 Z21.283 E.02387
G1 X123.333 Y161.168 Z21.3 E.02788
G1 X122.381 Y161.168 Z21.317 E.03183
G1 X121.429 Y161.168 Z21.334 E.03581
G1 X120.476 Y161.168 Z21.351 E.03983
G1 X119.524 Y161.168 Z21.369 E.04376
G1 X118.571 Y161.168 Z21.386 E.04779
G1 X117.619 Y161.168 Z21.403 E.05172
G1 X116.667 Y161.168 Z21.42 E.0557
G1 X115.714 Y161.168 Z21.437 E.05974
G1 X114.762 Y161.168 Z21.454 E.06366
G1 X113.81 Y161.168 Z21.471 E.06764
G1 X112.857 Y161.168 Z21.489 E.07169
G1 X111.905 Y161.168 Z21.506 E.07559
G1 X110.952 Y161.168 Z21.523 E.07966
G1 X110 Y161.168 Z21.54 E.08355
G1 X57.211 Y161.168 E4.6329
;WIDTH:0.693456
G1 X56.82 Y161.111 E.03644
;WIDTH:0.700653
G1 X56.572 Y160.964 E.0269
G1 X56.405 Y160.75 E.02533
;WIDTH:0.696103
G1 X56.332 Y160.289 E.04323
;WIDTH:0.663629
G1 X56.332 Y59.711 E8.82699
;WIDTH:0.693456
G1 X56.389 Y59.32 E.03644
;WIDTH:0.700653
G1 X56.536 Y59.072 E.0269
G1 X56.75 Y58.905 E.02533
;WIDTH:0.696103
G1 X57.211 Y58.832 E.04323
;WIDTH:0.663628
G1 X162.789 Y58.832 E9.26579
;WIDTH:0.693501
G1 X163.18 Y58.889 E.03644
;WIDTH:0.697813
G1 X163.405 Y59.018 E.02409
G1 X163.564 Y59.201 E.02252
;WIDTH:0.696102
G1 X163.663 Y59.561 E.03458
;WIDTH:0.673219
G1 X163.668 Y59.711 E.01339
;WIDTH:0.663629
G1 X163.668 Y160.289 E8.82699
;WIDTH:0.693455
G1 X163.611 Y160.68 E.03644
;WIDTH:0.697813
G1 X163.482 Y160.905 E.02409
G1 X163.25 Y161.095 E.02785
;WIDTH:0.696102
G1 X162.789 Y161.168 E.04323
;WIDTH:0.663629
G1 X130 Y161.168 E2.87765
G1 X129.048 Y161.168 E.07957
G1 X128.095 Y161.168 E.07567
G1 X127.143 Y161.168 E.07161
G1 X126.19 Y161.168 E.06771
G1 X125.238 Y161.168 E.06366
G1 X124.286 Y161.168 E.05968
G1 X123.333 Y161.168 E.05576
G1 X122.381 Y161.168 E.05172
G1 X121.429 Y161.168 E.04774
G1 X120.476 Y161.168 E.04381
G1 X119.524 Y161.168 E.03979
G1 X118.571 Y161.168 E.03584
G1 X117.619 Y161.168 E.03183
G1 X116.667 Y161.168 E.02785
G1 X115.714 Y161.168 E.0239
G1 X114.762 Y161.168 E.01989
G1 X113.81 Y161.168 E.01591
G1 X112.857 Y161.168 E.01195
G1 X111.905 Y161.168 E.00796
G1 X110.952 Y161.168 E.00398
G1 X110.09 Y161.168 E.07565
;LAYER_CHANGE
;Z:21.9
;HEIGHT:0.359999
;BEFORE_LAYER_CHANGE
G92 E0
;21.9


;WIPE_START
G1 F9600
G1 X110 Y161.168 E-.01603
G1 X105.599 Y161.168 E-.78397
;WIPE_END
G1 Z21.9 F12000
;AFTER_LAYER_CHANGE
;21.9
G1 X130 Y160.582
G1 Z21.54
G1 E.8 F1800
G1 F2661
G1 X129 Y160.582 Z21.558 E.00439
G1 X128 Y160.582 Z21.576 E.00878
G1 X127 Y160.582 Z21.594 E.01316
G1 X126 Y160.582 Z21.612 E.01755
G1 X125 Y160.582 Z21.63 E.02194
G1 X124 Y160.582 Z21.648 E.02633
G1 X123 Y160.582 Z21.666 E.03072
G1 X122 Y160.582 Z21.684 E.03511
G1 X121 Y160.582 Z21.702 E.03949
G1 X120 Y160.582 Z21.72 E.04388
G1 X119 Y160.582 Z21.738 E.04827
G1 X118 Y160.582 Z21.756 E.05266
G1 X117 Y160.582 Z21.774 E.05705
G1 X116 Y160.582 Z21.792 E.06143
G1 X115 Y160.582 Z21.81 E.06582
G1 X114 Y160.582 Z21.828 E.07021
G1 X113 Y160.582 Z21.846 E.0746
G1 X112 Y160.582 Z21.864 E.07899
G1 X111 Y160.582 Z21.882 E.08337
G1 X110 Y160.582 Z21.9 E.08776
G1 X57.211 Y160.582 E4.6329
;WIDTH:0.692103
G1 X57.035 Y160.541 E.01663
G1 X56.918 Y160.378 E.01846
;WIDTH:0.663629
G1 X56.918 Y59.711 E8.8348
;WIDTH:0.700347
G1 X57.004 Y59.479 E.02307
G1 X57.211 Y59.418 E.02013
;WIDTH:0.663629
G1 X162.789 Y59.418 E9.26581
;WIDTH:0.692103
G1 X162.965 Y59.459 E.01663
;WIDTH:0.695809
G1 X163.047 Y59.542 E.0108
G1 X163.082 Y59.711 E.01598
;WIDTH:0.663629
G1 X163.082 Y160.289 E8.82699
;WIDTH:0.692103
G1 X163.041 Y160.465 E.01663
;WIDTH:0.695809
G1 X162.958 Y160.547 E.0108
G1 X162.789 Y160.582 E.01598
;WIDTH:0.663629
G1 X130 Y160.582 E2.87765
G1 X129 Y160.582 E.08337
G1 X128 Y160.582 E.07899
G1 X127 Y160.582 E.0746
G1 X126 Y160.582 E.07021
G1 X125 Y160.582 E.06582
G1 X124 Y160.582 E.06143
G1 X123 Y160.582 E.05705
G1 X122 Y160.582 E.05266
G1 X121 Y160.582 E.04827
G1 X120 Y160.582 E.04388
G1 X119 Y160.582 E.03949
G1 X118 Y160.582 E.03511
G1 X117 Y160.582 E.03072
G1 X116 Y160.582 E.02633
G1 X115 Y160.582 E.02194
G1 X114 Y160.582 E.01755
G1 X113 Y160.582 E.01316
G1 X112 Y160.582 E.00878
G1 X111 Y160.582 E.00439
G1 X110.09 Y160.582 E.07986
;WIPE_START
G1 F9600
G1 X110 Y160.582 E-.01603
G1 X105.599 Y160.582 E-.78397
;WIPE_END
G1 X130 Y161.168 F12000
G1 Z21.54
G1 E.8 F1800
G1 F2661
G1 X129.048 Y161.168 Z21.557 E.00398
G1 X128.095 Y161.168 Z21.574 E.00797
G1 X127.143 Y161.168 Z21.591 E.01194
G1 X126.19 Y161.168 Z21.609 E.01593
G1 X125.238 Y161.168 Z21.626 E.01989
G1 X124.286 Y161.168 Z21.643 E.02387
G1 X123.333 Y161.168 Z21.66 E.02788
G1 X122.381 Y161.168 Z21.677 E.03183
G1 X121.429 Y161.168 Z21.694 E.03581
G1 X120.476 Y161.168 Z21.711 E.03983
G1 X119.524 Y161.168 Z21.729 E.04376
G1 X118.571 Y161.168 Z21.746 E.04779
G1 X117.619 Y161.168 Z21.763 E.05172
G1 X116.667 Y161.168 Z21.78 E.0557
G1 X115.714 Y161.168 Z21.797 E.05974
G1 X114.762 Y161.168 Z21.814 E.06366
G1 X113.81 Y161.168 Z21.831 E.06764
G1 X112.857 Y161.168 Z21.849 E.07169
G1 X111.905 Y161.168 Z21.866 E.07559
G1 X110.952 Y161.168 Z21.883 E.07966
G1 X110 Y161.168 Z21.9 E.08355
G1 X57.211 Y161.168 E4.6329
;WIDTH:0.692596
G1 X56.829 Y161.114 E.03553
;WIDTH:0.700347
G1 X56.569 Y160.96 E.02818
G1 X56.402 Y160.744 E.02546
;WIDTH:0.695809
G1 X56.332 Y160.289 E.04262
;WIDTH:0.663629
G1 X56.332 Y59.711 E8.82699
;WIDTH:0.692596
G1 X56.386 Y59.329 E.03553
;WIDTH:0.700347
G1 X56.54 Y59.069 E.02818
G1 X56.756 Y58.902 E.02546
;WIDTH:0.69581
G1 X57.211 Y58.832 E.04262
;WIDTH:0.663629
G1 X162.789 Y58.832 E9.26581
;WIDTH:0.692638
G1 X163.171 Y58.885 E.03552
;WIDTH:0.696761
G1 X163.403 Y59.019 E.02484
G1 X163.568 Y59.208 E.02326
;WIDTH:0.695809
G1 X163.668 Y59.711 E.04748
;WIDTH:0.663629
G1 X163.668 Y160.289 E8.82699
;WIDTH:0.692595
G1 X163.614 Y160.671 E.03553
;WIDTH:0.69676
G1 X163.481 Y160.903 E.0248
G1 X163.244 Y161.098 E.02846
;WIDTH:0.695809
G1 X162.789 Y161.168 E.04262
;WIDTH:0.663629
G1 X130 Y161.168 E2.87765
G1 X129.048 Y161.168 E.07957
G1 X128.095 Y161.168 E.07567
G1 X127.143 Y161.168 E.07161
G1 X126.19 Y161.168 E.06771
G1 X125.238 Y161.168 E.06366
G1 X124.286 Y161.168 E.05968
G1 X123.333 Y161.168 E.05576
G1 X122.381 Y161.168 E.05172
G1 X121.429 Y161.168 E.04774
G1 X120.476 Y161.168 E.04381
G1 X119.524 Y161.168 E.03979
G1 X118.571 Y161.168 E.03584
G1 X117.619 Y161.168 E.03183
G1 X116.667 Y161.168 E.02785
G1 X115.714 Y161.168 E.0239
G1 X114.762 Y161.168 E.01989
G1 X113.81 Y161.168 E.01591
G1 X112.857 Y161.168 E.01195
G1 X111.905 Y161.168 E.00796
G1 X110.952 Y161.168 E.00398
G1 X110.09 Y161.168 E.07565
;LAYER_CHANGE
;Z:22.26
;HEIGHT:0.360001
;BEFORE_LAYER_CHANGE
G92 E0
;22.26


;WIPE_START
G1 F9600
G1 X110 Y161.168 E-.01603
G1 X105.599 Y161.168 E-.78397
;WIPE_END
G1 Z22.26 F12000
;AFTER_LAYER_CHANGE
;22.26
G1 X130 Y160.582
G1 Z21.9
G1 E.8 F1800
G1 F2661
G1 X129 Y160.582 Z21.918 E.00439
G1 X128 Y160.582 Z21.936 E.00878
G1 X127 Y160.582 Z21.954 E.01316
G1 X126 Y160.582 Z21.972 E.01755
G1 X125 Y160.582 Z21.99 E.02194
G1 X124 Y160.582 Z22.008 E.02633
G1 X123 Y160.582 Z22.026 E.03072
G1 X122 Y160.582 Z22.044 E.03511
G1 X121 Y160.582 Z22.062 E.03949
G1 X120 Y160.582 Z22.08 E.04388
G1 X119 Y160.582 Z22.098 E.04827
G1 X118 Y160.582 Z22.116 E.05266
G1 X117 Y160.582 Z22.134 E.05705
G1 X116 Y160.582 Z22.152 E.06143
G1 X115 Y160.582 Z22.17 E.06582
G1 X114 Y160.582 Z22.188 E.07021
G1 X113 Y160.582 Z22.206 E.0746
G1 X112 Y160.582 Z22.224 E.07899
G1 X111 Y160.582 Z22.242 E.08337
G1 X110 Y160.582 Z22.26 E.08776
G1 X57.211 Y160.582 E4.6329
;WIDTH:0.691135
G1 X57.035 Y160.54 E.01662
G1 X56.918 Y160.377 E.01844
;WIDTH:0.663629
G1 X56.918 Y59.711 E8.83472
;WIDTH:0.700047
G1 X57.006 Y59.477 E.0233
G1 X57.211 Y59.418 E.01988
;WIDTH:0.663629
G1 X162.789 Y59.418 E9.26581
;WIDTH:0.691134
G1 X162.965 Y59.46 E.01662
;WIDTH:0.695582
G1 X163.048 Y59.543 E.01086
G1 X163.082 Y59.711 E.01586
;WIDTH:0.663629
G1 X163.082 Y160.289 E8.82699
;WIDTH:0.691134
G1 X163.04 Y160.465 E.01662
;WIDTH:0.695582
G1 X162.957 Y160.548 E.01086
G1 X162.789 Y160.582 E.01586
;WIDTH:0.663629
G1 X130 Y160.582 E2.87765
G1 X129 Y160.582 E.08337
G1 X128 Y160.582 E.07899
G1 X127 Y160.582 E.0746
G1 X126 Y160.582 E.07021
G1 X125 Y160.582 E.06582
G1 X124 Y160.582 E.06143
G1 X123 Y160.582 E.05705
G1 X122 Y160.582 E.05266
G1 X121 Y160.582 E.04827
G1 X120 Y160.582 E.04388
G1 X119 Y160.582 E.03949
G1 X118 Y160.582 E.03511
G1 X117 Y160.582 E.03072
G1 X116 Y160.582 E.02633
G1 X115 Y160.582 E.02194
G1 X114 Y160.582 E.01755
G1 X113 Y160.582 E.01316
G1 X112 Y160.582 E.00878
G1 X111 Y160.582 E.00439
G1 X110.09 Y160.582 E.07986
;WIPE_START
G1 F9600
G1 X110 Y160.582 E-.01603
G1 X105.599 Y160.582 E-.78397
;WIPE_END
G1 X130 Y161.168 F12000
G1 Z21.9
G1 E.8 F1800
G1 F2661
G1 X129.048 Y161.168 Z21.917 E.00398
G1 X128.095 Y161.168 Z21.934 E.00797
G1 X127.143 Y161.168 Z21.951 E.01194
G1 X126.19 Y161.168 Z21.969 E.01593
G1 X125.238 Y161.168 Z21.986 E.01989
G1 X124.286 Y161.168 Z22.003 E.02387
G1 X123.333 Y161.168 Z22.02 E.02788
G1 X122.381 Y161.168 Z22.037 E.03183
G1 X121.429 Y161.168 Z22.054 E.03581
G1 X120.476 Y161.168 Z22.071 E.03983
G1 X119.524 Y161.168 Z22.089 E.04376
G1 X118.571 Y161.168 Z22.106 E.04779
G1 X117.619 Y161.168 Z22.123 E.05172
G1 X116.667 Y161.168 Z22.14 E.0557
G1 X115.714 Y161.168 Z22.157 E.05974
G1 X114.762 Y161.168 Z22.174 E.06366
G1 X113.81 Y161.168 Z22.191 E.06764
G1 X112.857 Y161.168 Z22.209 E.07169
G1 X111.905 Y161.168 Z22.226 E.07559
G1 X110.952 Y161.168 Z22.243 E.07966
G1 X110 Y161.168 Z22.26 E.08355
G1 X57.211 Y161.168 E4.6329
;WIDTH:0.691883
G1 X56.837 Y161.117 E.03472
;WIDTH:0.700047
G1 X56.564 Y160.954 E.02964
G1 X56.399 Y160.737 E.02541
;WIDTH:0.695582
G1 X56.332 Y160.289 E.04192
;WIDTH:0.663629
G1 X56.332 Y59.711 E8.82699
;WIDTH:0.691884
G1 X56.383 Y59.337 E.03472
;WIDTH:0.700047
G1 X56.546 Y59.064 E.02964
G1 X56.763 Y58.899 E.02541
;WIDTH:0.695583
G1 X57.211 Y58.832 E.04192
;WIDTH:0.663629
G1 X162.789 Y58.832 E9.26581
;WIDTH:0.69192
G1 X163.163 Y58.883 E.03473
;WIDTH:0.695785
G1 X163.404 Y59.021 E.02571
G1 X163.572 Y59.215 E.02376
;WIDTH:0.695582
G1 X163.668 Y59.711 E.04675
;WIDTH:0.663629
G1 X163.668 Y160.289 E8.82699
;WIDTH:0.691883
G1 X163.617 Y160.663 E.03472
;WIDTH:0.700046
G1 X163.454 Y160.936 E.02964
G1 X163.237 Y161.101 E.02541
;WIDTH:0.695582
G1 X162.789 Y161.168 E.04192
;WIDTH:0.663629
G1 X130 Y161.168 E2.87765
G1 X129.048 Y161.168 E.07957
G1 X128.095 Y161.168 E.07567
G1 X127.143 Y161.168 E.07161
G1 X126.19 Y161.168 E.06771
G1 X125.238 Y161.168 E.06366
G1 X124.286 Y161.168 E.05968
G1 X123.333 Y161.168 E.05576
G1 X122.381 Y161.168 E.05172
G1 X121.429 Y161.168 E.04774
G1 X120.476 Y161.168 E.04381
G1 X119.524 Y161.168 E.03979
G1 X118.571 Y161.168 E.03584
G1 X117.619 Y161.168 E.03183
G1 X116.667 Y161.168 E.02785
G1 X115.714 Y161.168 E.0239
G1 X114.762 Y161.168 E.01989
G1 X113.81 Y161.168 E.01591
G1 X112.857 Y161.168 E.01195
G1 X111.905 Y161.168 E.00796
G1 X110.952 Y161.168 E.00398
G1 X110.09 Y161.168 E.07565
;LAYER_CHANGE
;Z:22.62
;HEIGHT:0.360001
;BEFORE_LAYER_CHANGE
G92 E0
;22.62


;WIPE_START
G1 F9600
G1 X110 Y161.168 E-.01603
G1 X105.599 Y161.168 E-.78397
;WIPE_END
G1 Z22.62 F12000
;AFTER_LAYER_CHANGE
;22.62
G1 X130 Y160.582
G1 Z22.26
G1 E.8 F1800
G1 F2661
G1 X129 Y160.582 Z22.278 E.00439
G1 X128 Y160.582 Z22.296 E.00878
G1 X127 Y160.582 Z22.314 E.01316
G1 X126 Y160.582 Z22.332 E.01755
G1 X125 Y160.582 Z22.35 E.02194
G1 X124 Y160.582 Z22.368 E.02633
G1 X123 Y160.582 Z22.386 E.03072
G1 X122 Y160.582 Z22.404 E.03511
G1 X121 Y160.582 Z22.422 E.03949
G1 X120 Y160.582 Z22.44 E.04388
G1 X119 Y160.582 Z22.458 E.04827
G1 X118 Y160.582 Z22.476 E.05266
G1 X117 Y160.582 Z22.494 E.05705
G1 X116 Y160.582 Z22.512 E.06143
G1 X115 Y160.582 Z22.53 E.06582
G1 X114 Y160.582 Z22.548 E.07021
G1 X113 Y160.582 Z22.566 E.0746
G1 X112 Y160.582 Z22.584 E.07899
G1 X111 Y160.582 Z22.602 E.08337
G1 X110 Y160.582 Z22.62 E.08776
G1 X57.211 Y160.582 E4.6329
;WIDTH:0.702148
G1 X57.004 Y160.523 E.02013
G1 X56.918 Y160.366 E.01674
;WIDTH:0.663629
G1 X56.918 Y59.711 E8.83375
;WIDTH:0.702148
G1 X56.977 Y59.504 E.02013
;WIDTH:0.699874
G1 X57.211 Y59.418 E.02323
;WIDTH:0.663629
G1 X162.789 Y59.418 E9.26581
;WIDTH:0.702147
G1 X162.996 Y59.477 E.02013
G1 X163.082 Y59.634 E.01674
;WIDTH:0.663629
G1 X163.082 Y160.289 E8.83375
;WIDTH:0.702146
G1 X163.023 Y160.496 E.02013
G1 X162.866 Y160.582 E.01674
;WIDTH:0.663629
G1 X130 Y160.582 E2.88441
G1 X129 Y160.582 E.08337
G1 X128 Y160.582 E.07899
G1 X127 Y160.582 E.0746
G1 X126 Y160.582 E.07021
G1 X125 Y160.582 E.06582
G1 X124 Y160.582 E.06143
G1 X123 Y160.582 E.05705
G1 X122 Y160.582 E.05266
G1 X121 Y160.582 E.04827
G1 X120 Y160.582 E.04388
G1 X119 Y160.582 E.03949
G1 X118 Y160.582 E.03511
G1 X117 Y160.582 E.03072
G1 X116 Y160.582 E.02633
G1 X115 Y160.582 E.02194
G1 X114 Y160.582 E.01755
G1 X113 Y160.582 E.01316
G1 X112 Y160.582 E.00878
G1 X111 Y160.582 E.00439
G1 X110.09 Y160.582 E.07986
;WIPE_START
G1 F9600
G1 X110 Y160.582 E-.01603
G1 X105.599 Y160.582 E-.78397
;WIPE_END
G1 X130 Y161.168 F12000
G1 Z22.26
G1 E.8 F1800
G1 F2661
G1 X129.048 Y161.168 Z22.277 E.00398
G1 X128.095 Y161.168 Z22.294 E.00797
G1 X127.143 Y161.168 Z22.311 E.01194
G1 X126.19 Y161.168 Z22.329 E.01593
G1 X125.238 Y161.168 Z22.346 E.01989
G1 X124.286 Y161.168 Z22.363 E.02387
G1 X123.333 Y161.168 Z22.38 E.02788
G1 X122.381 Y161.168 Z22.397 E.03183
G1 X121.429 Y161.168 Z22.414 E.03581
G1 X120.476 Y161.168 Z22.431 E.03983
G1 X119.524 Y161.168 Z22.449 E.04376
G1 X118.571 Y161.168 Z22.466 E.04779
G1 X117.619 Y161.168 Z22.483 E.05172
G1 X116.667 Y161.168 Z22.5 E.0557
G1 X115.714 Y161.168 Z22.517 E.05974
G1 X114.762 Y161.168 Z22.534 E.06366
G1 X113.81 Y161.168 Z22.551 E.06764
G1 X112.857 Y161.168 Z22.569 E.07169
G1 X111.905 Y161.168 Z22.586 E.07559
G1 X110.952 Y161.168 Z22.603 E.07966
G1 X110 Y161.168 Z22.62 E.08355
G1 X57.211 Y161.168 E4.6329
;WIDTH:0.696265
G1 X56.767 Y161.103 E.04157
;WIDTH:0.699367
G1 X56.506 Y160.899 E.03084
G1 X56.371 Y160.649 E.02646
;WIDTH:0.687259
G1 X56.332 Y160.289 E.03306
;WIDTH:0.663629
G1 X56.332 Y59.711 E8.82699
;WIDTH:0.696265
G1 X56.397 Y59.267 E.04157
;WIDTH:0.699367
G1 X56.601 Y59.006 E.03084
G1 X56.851 Y58.871 E.02646
;WIDTH:0.687259
G1 X57.211 Y58.832 E.03306
;WIDTH:0.663629
G1 X162.996 Y58.832 E9.28397
;WIDTH:0.700554
G1 X163.345 Y58.964 E.03481
G1 X163.553 Y59.169 E.02724
;WIDTH:0.699873
G1 X163.661 Y59.531 E.0352
;WIDTH:0.677472
G1 X163.668 Y59.711 E.01618
;WIDTH:0.663629
G1 X163.668 Y160.289 E8.82699
;WIDTH:0.696264
G1 X163.603 Y160.733 E.04157
;WIDTH:0.699366
G1 X163.399 Y160.994 E.03084
G1 X163.149 Y161.129 E.02645
;WIDTH:0.687258
G1 X162.789 Y161.168 E.03306
;WIDTH:0.663629
G1 X130 Y161.168 E2.87765
G1 X129.048 Y161.168 E.07957
G1 X128.095 Y161.168 E.07567
G1 X127.143 Y161.168 E.07161
G1 X126.19 Y161.168 E.06771
G1 X125.238 Y161.168 E.06366
G1 X124.286 Y161.168 E.05968
G1 X123.333 Y161.168 E.05576
G1 X122.381 Y161.168 E.05172
G1 X121.429 Y161.168 E.04774
G1 X120.476 Y161.168 E.04381
G1 X119.524 Y161.168 E.03979
G1 X118.571 Y161.168 E.03584
G1 X117.619 Y161.168 E.03183
G1 X116.667 Y161.168 E.02785
G1 X115.714 Y161.168 E.0239
G1 X114.762 Y161.168 E.01989
G1 X113.81 Y161.168 E.01591
G1 X112.857 Y161.168 E.01195
G1 X111.905 Y161.168 E.00796
G1 X110.952 Y161.168 E.00398
G1 X110.09 Y161.168 E.07565
;LAYER_CHANGE
;Z:22.98
;HEIGHT:0.359999
;BEFORE_LAYER_CHANGE
G92 E0
;22.98


;WIPE_START
G1 F9600
G1 X110 Y161.168 E-.01603
G1 X105.599 Y161.168 E-.78397
;WIPE_END
G1 Z22.98 F12000
;AFTER_LAYER_CHANGE
;22.98
G1 X130 Y160.582
G1 Z22.62
G1 E.8 F1800
G1 F2661
G1 X129 Y160.582 Z22.638 E.00439
G1 X128 Y160.582 Z22.656 E.00878
G1 X127 Y160.582 Z22.674 E.01316
G1 X126 Y160.582 Z22.692 E.01755
G1 X125 Y160.582 Z22.71 E.02194
G1 X124 Y160.582 Z22.728 E.02633
G1 X123 Y160.582 Z22.746 E.03072
G1 X122 Y160.582 Z22.764 E.03511
G1 X121 Y160.582 Z22.782 E.03949
G1 X120 Y160.582 Z22.8 E.04388
G1 X119 Y160.582 Z22.818 E.04827
G1 X118 Y160.582 Z22.836 E.05266
G1 X117 Y160.582 Z22.854 E.05705
G1 X116 Y160.582 Z22.872 E.06143
G1 X115 Y160.582 Z22.89 E.06582
G1 X114 Y160.582 Z22.908 E.07021
G1 X113 Y160.582 Z22.926 E.0746
G1 X112 Y160.582 Z22.944 E.07899
G1 X111 Y160.582 Z22.962 E.08337
G1 X110 Y160.582 Z22.98 E.08776
G1 X57.211 Y160.582 E4.6329
;WIDTH:0.702182
G1 X57.002 Y160.521 E.02036
G1 X56.918 Y160.367 E.01641
;WIDTH:0.663629
G1 X56.918 Y59.711 E8.83384
;WIDTH:0.702182
G1 X56.979 Y59.502 E.02036
;WIDTH:0.699849
G1 X57.211 Y59.418 E.02299
;WIDTH:0.663629
G1 X162.789 Y59.418 E9.26581
;WIDTH:0.702181
G1 X162.998 Y59.479 E.02036
G1 X163.082 Y59.633 E.01641
;WIDTH:0.663629
G1 X163.082 Y160.289 E8.83384
;WIDTH:0.702181
G1 X163.021 Y160.498 E.02036
G1 X162.867 Y160.582 E.01641
;WIDTH:0.663629
G1 X130 Y160.582 E2.8845
G1 X129 Y160.582 E.08337
G1 X128 Y160.582 E.07899
G1 X127 Y160.582 E.0746
G1 X126 Y160.582 E.07021
G1 X125 Y160.582 E.06582
G1 X124 Y160.582 E.06143
G1 X123 Y160.582 E.05705
G1 X122 Y160.582 E.05266
G1 X121 Y160.582 E.04827
G1 X120 Y160.582 E.04388
G1 X119 Y160.582 E.03949
G1 X118 Y160.582 E.03511
G1 X117 Y160.582 E.03072
G1 X116 Y160.582 E.02633
G1 X115 Y160.582 E.02194
G1 X114 Y160.582 E.01755
G1 X113 Y160.582 E.01316
G1 X112 Y160.582 E.00878
G1 X111 Y160.582 E.00439
G1 X110.09 Y160.582 E.07986
;WIPE_START
G1 F9600
G1 X110 Y160.582 E-.01603
G1 X105.599 Y160.582 E-.78397
;WIPE_END
G1 X130 Y161.168 F12000
G1 Z22.62
G1 E.8 F1800
G1 F2661
G1 X129.048 Y161.168 Z22.637 E.00398
G1 X128.095 Y161.168 Z22.654 E.00797
G1 X127.143 Y161.168 Z22.671 E.01194
G1 X126.19 Y161.168 Z22.689 E.01593
G1 X125.238 Y161.168 Z22.706 E.01989
G1 X124.286 Y161.168 Z22.723 E.02387
G1 X123.333 Y161.168 Z22.74 E.02788
G1 X122.381 Y161.168 Z22.757 E.03183
G1 X121.429 Y161.168 Z22.774 E.03581
G1 X120.476 Y161.168 Z22.791 E.03983
G1 X119.524 Y161.168 Z22.809 E.04376
G1 X118.571 Y161.168 Z22.826 E.04779
G1 X117.619 Y161.168 Z22.843 E.05172
G1 X116.667 Y161.168 Z22.86 E.0557
G1 X115.714 Y161.168 Z22.877 E.05974
G1 X114.762 Y161.168 Z22.894 E.06366
G1 X113.81 Y161.168 Z22.911 E.06764
G1 X112.857 Y161.168 Z22.929 E.07169
G1 X111.905 Y161.168 Z22.946 E.07559
G1 X110.952 Y161.168 Z22.963 E.07966
G1 X110 Y161.168 Z22.98 E.08355
G1 X57.075 Y161.168 E4.64484
;WIDTH:0.695501
G1 X56.727 Y161.079 E.03324
;WIDTH:0.699421
G1 X56.5 Y160.892 E.02739
G1 X56.368 Y160.642 E.02633
;WIDTH:0.68687
G1 X56.332 Y160.289 E.03238
;WIDTH:0.663629
G1 X56.332 Y59.575 E8.83893
;WIDTH:0.695502
G1 X56.421 Y59.227 E.03324
;WIDTH:0.699422
G1 X56.608 Y59 E.02739
G1 X56.858 Y58.868 E.02633
;WIDTH:0.68687
G1 X57.211 Y58.832 E.03238
;WIDTH:0.663629
G1 X162.995 Y58.832 E9.28389
;WIDTH:0.699956
G1 X163.344 Y58.964 E.03478
G1 X163.557 Y59.175 E.02794
;WIDTH:0.699849
G1 X163.661 Y59.529 E.03438
;WIDTH:0.677787
G1 X163.668 Y59.711 E.01637
;WIDTH:0.663629
G1 X163.668 Y160.425 E8.83893
;WIDTH:0.695502
G1 X163.579 Y160.773 E.03324
;WIDTH:0.69942
G1 X163.392 Y161 E.02739
G1 X163.142 Y161.132 E.02633
;WIDTH:0.686869
G1 X162.789 Y161.168 E.03238
;WIDTH:0.663629
G1 X130 Y161.168 E2.87765
G1 X129.048 Y161.168 E.07957
G1 X128.095 Y161.168 E.07567
G1 X127.143 Y161.168 E.07161
G1 X126.19 Y161.168 E.06771
G1 X125.238 Y161.168 E.06366
G1 X124.286 Y161.168 E.05968
G1 X123.333 Y161.168 E.05576
G1 X122.381 Y161.168 E.05172
G1 X121.429 Y161.168 E.04774
G1 X120.476 Y161.168 E.04381
G1 X119.524 Y161.168 E.03979
G1 X118.571 Y161.168 E.03584
G1 X117.619 Y161.168 E.03183
G1 X116.667 Y161.168 E.02785
G1 X115.714 Y161.168 E.0239
G1 X114.762 Y161.168 E.01989
G1 X113.81 Y161.168 E.01591
G1 X112.857 Y161.168 E.01195
G1 X111.905 Y161.168 E.00796
G1 X110.952 Y161.168 E.00398
G1 X110.09 Y161.168 E.07565
; stop printing object Nozzle_Deckel.stl id:0 copy 0
;WIPE_START
G1 F9600;_WIPE
G1 X110 Y161.168 E-.01603
G1 X105.599 Y161.168 E-.78397
;WIPE_END
M107
;TYPE:Custom
; Filament-specific end gcode 
;END gcode for filament
G1 Z24.98 F600 ; Move print bed down
G1 X50 Y50 F12000 ; move print head out of the way
G1 Z270 F600 ; Move print bed close to the bottom
M140 S0 ; turn off heatbed
M104 S0 ; turn off temperature
M107 ; turn off fan
M84 X Y E ; disable motors
; objects_info = {"objects":[{"name":"Nozzle_Deckel.stl id:0 copy 0","polygon":[[163.087,58.504],[163.423,58.594],[163.766,58.857],[163.940,59.158],[164.000,59.500],[164.000,160.500],[163.940,160.842],[163.707,161.207],[163.342,161.440],[163.000,161.500],[57.000,161.500],[56.658,161.440],[56.293,161.207],[56.094,160.923],[56.000,160.500],[56.000,59.500],[56.094,59.077],[56.293,58.793],[56.577,58.594],[57.000,58.500]]}]}
; filament used [mm] = 9171.21
; filament used [cm3] = 22.06
; filament used [g] = 27.35
; filament cost = 3.56
; total filament used [g] = 27.35
; total filament cost = 3.56
; total filament used for wipe tower [g] = 0.00
; estimated printing time (normal mode) = 59m 1s
; estimated first layer printing time (normal mode) = 17m 9s

; prusaslicer_config = begin
; arc_fitting = disabled
; autoemit_temperature_commands = 1
; automatic_extrusion_widths = 0
; automatic_infill_combination = 1
; automatic_infill_combination_max_layer_height = 100%
; avoid_crossing_curled_overhangs = 0
; avoid_crossing_perimeters = 0
; avoid_crossing_perimeters_max_detour = 0
; bed_custom_model = 
; bed_custom_texture = 
; bed_shape = 5x0,215x0,215x220,5x220
; bed_temperature = 60
; bed_temperature_extruder = 0
; before_layer_gcode = ;BEFORE_LAYER_CHANGE\nG92 E0\n;{layer_z}\n\n
; between_objects_gcode = 
; binary_gcode = 0
; bottom_fill_pattern = alignedrectilinear
; bottom_solid_layers = 3
; bottom_solid_min_thickness = 0
; bridge_acceleration = 250
; bridge_angle = 0
; bridge_fan_speed = 100
; bridge_flow_ratio = 0.95
; bridge_speed = 25
; brim_separation = 0
; brim_type = outer_only
; brim_width = 0
; chamber_minimal_temperature = 0
; chamber_temperature = 0
; color_change_gcode = M600
; colorprint_heights = 
; compatible_printers_condition_cummulative = "printer_model=~/(ENDER|CR|SERMOON).*/ and nozzle_diameter[0]==0.6";printer_notes=~/.*PRINTER_VENDOR_CREALITY.*/
; complete_objects = 0
; cooling = 1
; cooling_perimeter_transition_distance = 0
; cooling_slowdown_logic = uniform_cooling
; cooling_tube_length = 5
; cooling_tube_retraction = 91.5
; custom_parameters_filament = ""
; custom_parameters_print = 
; custom_parameters_printer = 
; default_acceleration = 500
; default_filament_profile = "Generic PLA @CREALITY"
; default_print_profile = "0.24 mm DRAFT (0.6 mm nozzle) @CREALITY"
; deretract_speed = 30
; disable_fan_first_layers = 1
; dont_support_bridges = 1
; draft_shield = disabled
; duplicate_distance = 6
; elefant_foot_compensation = 0.1
; enable_dynamic_fan_speeds = 0
; enable_dynamic_overhang_speeds = 0
; end_filament_gcode = "; Filament-specific end gcode \n;END gcode for filament\n"
; end_gcode = {if max_layer_z < max_print_height}G1 Z{z_offset+min(max_layer_z+2, max_print_height)} F600{endif} ; Move print bed down\nG1 X50 Y50 F{travel_speed*60} ; move print head out of the way\n{if max_layer_z < max_print_height-10}G1 Z{z_offset+max_print_height-10} F600{endif} ; Move print bed close to the bottom\nM140 S0 ; turn off heatbed\nM104 S0 ; turn off temperature\nM107 ; turn off fan\nM84 X Y E ; disable motors
; ensure_vertical_shell_thickness = enabled
; external_perimeter_acceleration = 0
; external_perimeter_extrusion_width = 0.63
; external_perimeter_speed = 60
; external_perimeters_first = 0
; extra_loading_move = -2
; extra_perimeters = 0
; extra_perimeters_on_overhangs = 0
; extruder_clearance_height = 25
; extruder_clearance_radius = 55
; extruder_colour = #FCE94F
; extruder_offset = 0x0
; extrusion_axis = E
; extrusion_multiplier = 1
; extrusion_width = 0.66
; fan_always_on = 1
; fan_below_layer_time = 100
; filament_abrasive = 0
; filament_colour = #DDDDDD
; filament_cooling_final_speed = 3.4
; filament_cooling_initial_speed = 2.2
; filament_cooling_moves = 4
; filament_cost = 130
; filament_density = 1.24
; filament_deretract_speed = nil
; filament_diameter = 1.75
; filament_flush_speed = 0
; filament_flush_volume = 0
; filament_infill_max_crossing_speed = 0
; filament_infill_max_speed = 0
; filament_load_time = 0
; filament_loading_speed = 28
; filament_loading_speed_start = 3
; filament_max_volumetric_speed = 15
; filament_minimal_purge_on_wipe_tower = 15
; filament_multitool_ramming = 0
; filament_multitool_ramming_flow = 10
; filament_multitool_ramming_volume = 10
; filament_notes = ""
; filament_purge_multiplier = 100%
; filament_ramming_parameters = "120 100 6.6 6.8 7.2 7.6 7.9 8.2 8.7 9.4 9.9 10.0| 0.05 6.6 0.45 6.8 0.95 7.8 1.45 8.3 1.95 9.7 2.45 10 2.95 7.6 3.45 7.6 3.95 7.6 4.45 7.6 4.95 7.6"
; filament_retract_before_travel = nil
; filament_retract_before_wipe = nil
; filament_retract_layer_change = nil
; filament_retract_length = nil
; filament_retract_length_toolchange = nil
; filament_retract_lift = nil
; filament_retract_lift_above = nil
; filament_retract_lift_below = nil
; filament_retract_restart_extra = nil
; filament_retract_restart_extra_toolchange = nil
; filament_retract_speed = nil
; filament_seam_gap_distance = nil
; filament_settings_id = "Generic PLA @CREALITY"
; filament_shrinkage_compensation_xy = 0%
; filament_shrinkage_compensation_z = 0%
; filament_soluble = 0
; filament_spool_weight = 1000
; filament_stamping_distance = 0
; filament_stamping_loading_speed = 20
; filament_toolchange_delay = 0
; filament_travel_lift_before_obstacle = nil
; filament_travel_max_lift = nil
; filament_travel_ramping_lift = nil
; filament_travel_slope = nil
; filament_type = PLA
; filament_unload_time = 0
; filament_unloading_speed = 90
; filament_unloading_speed_start = 100
; filament_vendor = Generic
; filament_wipe = nil
; fill_angle = 45
; fill_density = 10%
; fill_pattern = gyroid
; first_layer_acceleration = 0
; first_layer_acceleration_over_raft = 0
; first_layer_bed_temperature = 65
; first_layer_extrusion_width = 0.63
; first_layer_height = 0.3
; first_layer_infill_speed = 0
; first_layer_speed = 20
; first_layer_speed_over_raft = 30
; first_layer_temperature = 220
; full_fan_speed_layer = 0
; fuzzy_skin = none
; fuzzy_skin_point_dist = 0.8
; fuzzy_skin_thickness = 0.3
; gap_fill_enabled = 1
; gap_fill_speed = 30
; gcode_comments = 0
; gcode_flavor = marlin
; gcode_label_objects = octoprint
; gcode_resolution = 0.0125
; gcode_substitutions = 
; high_current_on_filament_swap = 0
; host_type = prusalink
; idle_temperature = nil
; infill_acceleration = 0
; infill_anchor = 600%
; infill_anchor_max = 50
; infill_every_layers = 1
; infill_extruder = 1
; infill_extrusion_width = 0.66
; infill_first = 0
; infill_overlap = 23%
; infill_speed = 120
; inherits_cummulative = "0.36 mm CHUNKY SPEED (0.6 mm nozzle) @CREALITY";"Generic PLA @CREALITY";"Creality Ender-5 S1 (0.6 mm nozzle)"
; interface_shells = 0
; interlocking_beam = 0
; interlocking_beam_layer_count = 2
; interlocking_beam_width = 0.8
; interlocking_boundary_avoidance = 2
; interlocking_depth = 2
; interlocking_orientation = 22.5
; ironing = 0
; ironing_flowrate = 10%
; ironing_spacing = 0.1
; ironing_speed = 20
; ironing_type = top
; layer_gcode = ;AFTER_LAYER_CHANGE\n;{layer_z}
; layer_height = 0.36
; machine_limits_usage = emit_to_gcode
; machine_max_acceleration_e = 5000
; machine_max_acceleration_extruding = 1500
; machine_max_acceleration_retracting = 1000
; machine_max_acceleration_travel = 2000
; machine_max_acceleration_x = 2000
; machine_max_acceleration_y = 2000
; machine_max_acceleration_z = 100
; machine_max_feedrate_e = 60
; machine_max_feedrate_x = 500
; machine_max_feedrate_y = 500
; machine_max_feedrate_z = 10
; machine_max_jerk_e = 5
; machine_max_jerk_x = 8
; machine_max_jerk_y = 8
; machine_max_jerk_z = 0.4
; machine_max_junction_deviation = 0,0
; machine_min_extruding_rate = 0
; machine_min_travel_rate = 0
; max_fan_speed = 100
; max_layer_height = 0.48
; max_print_height = 280
; max_print_speed = 150
; max_volumetric_extrusion_rate_slope_negative = 0
; max_volumetric_extrusion_rate_slope_positive = 0
; max_volumetric_speed = 0
; min_bead_width = 85%
; min_fan_speed = 100
; min_feature_size = 25%
; min_layer_height = 0.08
; min_print_speed = 15
; min_skirt_length = 4
; mmu_segmented_region_interlocking_depth = 0
; mmu_segmented_region_max_width = 0
; multimaterial_purging = 140
; notes = 
; nozzle_diameter = 0.6
; nozzle_high_flow = 0
; only_one_perimeter_first_layer = 0
; only_retract_when_crossing_perimeters = 0
; ooze_prevention = 0
; output_filename_format = {input_filename_base}_{print_time}_{digits(layer_height,1,2)}mm_{temperature[0]}C_{filament_type[0]}_{printer_model}.gcode
; over_bridge_speed = 0
; overhang_fan_speed_0 = 0
; overhang_fan_speed_1 = 0
; overhang_fan_speed_2 = 0
; overhang_fan_speed_3 = 0
; overhang_speed_0 = 15
; overhang_speed_1 = 15
; overhang_speed_2 = 20
; overhang_speed_3 = 25
; overhangs = 0
; parking_pos_retraction = 92
; pause_print_gcode = 
; perimeter_acceleration = 0
; perimeter_extruder = 1
; perimeter_extrusion_width = 0.66
; perimeter_generator = arachne
; perimeter_speed = 100
; perimeters = 2
; physical_printer_settings_id = 
; post_process = 
; prefer_clockwise_movements = 0
; print_settings_id = 0.36 mm CHUNKY SPEED (0.6 mm nozzle) @CREALITY
; printer_model = ENDER5S1
; printer_notes = Don't remove the following keywords! These keywords are used in the "compatible printer" condition of the print and filament profiles to link the particular print and filament profiles to this printer profile.\nPRINTER_VENDOR_CREALITY\nPRINTER_MODEL_ENDER5S1\nPRINTER_HAS_ULTRADETAIL\nPRINTER_HAS_HIGHSPEED\nPRINTER_HAS_SUPERSPEED
; printer_settings_id = Creality Ender-5 S1 (0.6 mm nozzle)
; printer_technology = FFF
; printer_variant = 0.6
; printer_vendor = 
; profile_vendor = Creality
; profile_version = 1.1.0
; raft_contact_distance = 0.1
; raft_expansion = 1.5
; raft_first_layer_density = 90%
; raft_first_layer_expansion = 3
; raft_layers = 0
; remaining_times = 0
; resolution = 0
; retract_before_travel = 1
; retract_before_wipe = 0%
; retract_layer_change = 1
; retract_length = 0.8
; retract_length_toolchange = 1
; retract_lift = 0
; retract_lift_above = 0.3
; retract_lift_below = 0
; retract_restart_extra = 0
; retract_restart_extra_toolchange = 0
; retract_speed = 30
; scarf_seam_entire_loop = 0
; scarf_seam_length = 20
; scarf_seam_max_segment_length = 1
; scarf_seam_on_inner_perimeters = 0
; scarf_seam_only_on_smooth = 1
; scarf_seam_placement = contours
; scarf_seam_start_height = 0%
; seam_gap_distance = 15%
; seam_position = rear
; silent_mode = 0
; single_extruder_multi_material = 0
; single_extruder_multi_material_priming = 0
; skirt_distance = 3
; skirt_height = 2
; skirts = 1
; slice_closing_radius = 0.049
; slicing_mode = regular
; slowdown_below_layer_time = 20
; small_perimeter_speed = 30
; solid_infill_acceleration = 0
; solid_infill_below_area = 0
; solid_infill_every_layers = 0
; solid_infill_extruder = 1
; solid_infill_extrusion_width = 0.66
; solid_infill_speed = 120
; spiral_vase = 0
; staggered_inner_seams = 0
; standby_temperature_delta = -5
; start_filament_gcode = "; Filament gcode\n"
; start_gcode = G90 ; use absolute coordinates\nM83 ; extruder relative mode\nM104 S{is_nil(idle_temperature[0]) ? 150 : idle_temperature[0]} ; set temporary nozzle temp to prevent oozing during homing\nM140 S{first_layer_bed_temperature[0]} ; set final bed temp\nG4 S30 ; allow partial nozzle warmup\nG28 ; home all axis\nG1 Z50 F240\nG1 X2.0 Y10 F3000\nM104 S{first_layer_temperature[0]} ; set final nozzle temp\nM190 S{first_layer_bed_temperature[0]} ; wait for bed temp to stabilize\nM109 S{first_layer_temperature[0]} ; wait for nozzle temp to stabilize\nG1 Z0.28 F240\nG92 E0\nG1 X2.0 Y140 E10 F1500 ; prime the nozzle\nG1 X2.3 Y140 F5000\nG92 E0\nG1 X2.3 Y10 E10 F1200 ; prime the nozzle\nG92 E0
; support_material = 0
; support_material_angle = 0
; support_material_auto = 1
; support_material_bottom_contact_distance = 0
; support_material_bottom_interface_layers = -1
; support_material_buildplate_only = 0
; support_material_closing_radius = 2
; support_material_contact_distance = 0.15
; support_material_enforce_layers = 0
; support_material_extruder = 0
; support_material_extrusion_width = 0.54
; support_material_interface_contact_loops = 0
; support_material_interface_extruder = 0
; support_material_interface_layers = 2
; support_material_interface_pattern = rectilinear
; support_material_interface_spacing = 0.3
; support_material_interface_speed = 100%
; support_material_pattern = rectilinear
; support_material_spacing = 1.2
; support_material_speed = 80
; support_material_style = grid
; support_material_synchronize_layers = 0
; support_material_threshold = 40
; support_material_with_sheath = 0
; support_material_xy_spacing = 60%
; support_tree_angle = 40
; support_tree_angle_slow = 25
; support_tree_branch_diameter = 2
; support_tree_branch_diameter_angle = 5
; support_tree_branch_diameter_double_wall = 3
; support_tree_branch_distance = 1
; support_tree_tip_diameter = 0.8
; support_tree_top_rate = 15%
; temperature = 220
; template_custom_gcode = 
; thick_bridges = 1
; thin_walls = 0
; thumbnails = 
; thumbnails_format = PNG
; toolchange_gcode = 
; toolchange_ordering = optimized
; top_fill_pattern = alignedrectilinear
; top_infill_extrusion_width = 0.6
; top_one_perimeter_type = none
; top_solid_infill_acceleration = 0
; top_solid_infill_speed = 30
; top_solid_layers = 3
; top_solid_min_thickness = 0
; travel_acceleration = 0
; travel_lift_before_obstacle = 0
; travel_max_lift = 0
; travel_ramping_lift = 0
; travel_short_distance_acceleration = 0
; travel_slope = 0
; travel_speed = 200
; travel_speed_z = 0
; use_firmware_retraction = 0
; use_relative_e_distances = 1
; use_volumetric_e = 0
; variable_layer_height = 1
; wall_distribution_count = 1
; wall_transition_angle = 10
; wall_transition_filter_deviation = 25%
; wall_transition_length = 100%
; wipe = 1
; wipe_into_infill = 0
; wipe_into_objects = 0
; wipe_tower = 0
; wipe_tower_acceleration = 0
; wipe_tower_bridging = 10
; wipe_tower_brim_width = 2
; wipe_tower_cone_angle = 0
; wipe_tower_extra_flow = 100%
; wipe_tower_extra_spacing = 100%
; wipe_tower_extruder = 0
; wipe_tower_no_sparse_layers = 0
; wipe_tower_width = 60
; wiping_volumes_matrix = 0
; wiping_volumes_use_custom_matrix = 0
; xy_size_compensation = 0
; z_offset = 0
; prusaslicer_config = end
